reaction_id,input_key,reaction_role,identifier_type,value
ord-56b1f4bfeebc4b8ab990b9804e798aa7,Base,REAGENT,SMILES,C(=O)([O-])[O-].[Cs+].[Cs+]
ord-56b1f4bfeebc4b8ab990b9804e798aa7,amine,REACTANT,SMILES,CC(C)N1CCNCC1
ord-56b1f4bfeebc4b8ab990b9804e798aa7,aryl halide,REACTANT,SMILES,CCOC1=C(C=C2C(=C1)N=CC(=C2NC3=C(C=C(C=C3)F)F)C(=O)OCC)Br
ord-56b1f4bfeebc4b8ab990b9804e798aa7,metal and ligand,CATALYST,SMILES,C1=CC=C(C=C1)P(C2=CC=CC=C2)C3=C(C4=CC=CC=C4C=C3)C5=C(C=CC6=CC=CC=C65)P(C7=CC=CC=C7)C8=CC=CC=C8
ord-56b1f4bfeebc4b8ab990b9804e798aa7,metal and ligand,CATALYST,SMILES,C1=CC=C(C=C1)/C=C/C(=O)/C=C/C2=CC=CC=C2.C1=CC=C(C=C1)/C=C/C(=O)/C=C/C2=CC=CC=C2.C1=CC=C(C=C1)/C=C/C(=O)/C=C/C2=CC=CC=C2.[Pd].[Pd]
ord-56b1f4bfeebc4b8ab990b9804e798aa7,metal and ligand,CATALYST,SMILES,C1=CC=C(C=C1)P(C2=CC=CC=C2)C3=C(C4=CC=CC=C4C=C3)C5=C(C=CC6=CC=CC=C65)P(C7=CC=CC=C7)C8=CC=CC=C8
ord-56b1f4bfeebc4b8ab990b9804e798aa7,metal and ligand,CATALYST,SMILES,C1=CC=C(C=C1)/C=C/C(=O)/C=C/C2=CC=CC=C2.C1=CC=C(C=C1)/C=C/C(=O)/C=C/C2=CC=CC=C2.C1=CC=C(C=C1)/C=C/C(=O)/C=C/C2=CC=CC=C2.[Pd].[Pd]
ord-1169cbe9fa064a879ac34b2e524a4e69,Base,REAGENT,SMILES,C(=O)([O-])[O-].[Cs+].[Cs+]
ord-1169cbe9fa064a879ac34b2e524a4e69,Solvent,SOLVENT,SMILES,COC1=CC=CC=C1
ord-1169cbe9fa064a879ac34b2e524a4e69,amine,REACTANT,SMILES,CN1C=NC2=C1C=C(C(=C2F)N)C(=O)OC
ord-1169cbe9fa064a879ac34b2e524a4e69,aryl halide,REACTANT,SMILES,C1=CC=C(C=C1)I
ord-1169cbe9fa064a879ac34b2e524a4e69,metal and ligand,CATALYST,SMILES,CC1(C2=C(C(=CC=C2)P(C3=CC=CC=C3)C4=CC=CC=C4)OC5=C1C=CC=C5P(C6=CC=CC=C6)C7=CC=CC=C7)C
ord-1169cbe9fa064a879ac34b2e524a4e69,metal and ligand,CATALYST,SMILES,C1=CC=C(C=C1)/C=C/C(=O)/C=C/C2=CC=CC=C2.C1=CC=C(C=C1)/C=C/C(=O)/C=C/C2=CC=CC=C2.C1=CC=C(C=C1)/C=C/C(=O)/C=C/C2=CC=CC=C2.[Pd].[Pd]
ord-1169cbe9fa064a879ac34b2e524a4e69,metal and ligand,CATALYST,SMILES,CC1(C2=C(C(=CC=C2)P(C3=CC=CC=C3)C4=CC=CC=C4)OC5=C1C=CC=C5P(C6=CC=CC=C6)C7=CC=CC=C7)C
ord-1169cbe9fa064a879ac34b2e524a4e69,metal and ligand,CATALYST,SMILES,C1=CC=C(C=C1)/C=C/C(=O)/C=C/C2=CC=CC=C2.C1=CC=C(C=C1)/C=C/C(=O)/C=C/C2=CC=CC=C2.C1=CC=C(C=C1)/C=C/C(=O)/C=C/C2=CC=CC=C2.[Pd].[Pd]
ord-13992005c22d4673aa802b5e140076e8,Base,REAGENT,SMILES,C(=O)([O-])[O-].[Cs+].[Cs+]
ord-13992005c22d4673aa802b5e140076e8,Solvent,SOLVENT,SMILES,COC1=CC=CC=C1
ord-13992005c22d4673aa802b5e140076e8,amine,REACTANT,SMILES,CN1C=NC2=C1C=C(C(=C2F)N)C(=O)OC
ord-13992005c22d4673aa802b5e140076e8,aryl halide,REACTANT,SMILES,C1=CC=C(C=C1)I
ord-13992005c22d4673aa802b5e140076e8,metal and ligand,CATALYST,SMILES,CC1(C2=C(C(=CC=C2)P(C3=CC=CC=C3)C4=CC=CC=C4)OC5=C1C=CC=C5P(C6=CC=CC=C6)C7=CC=CC=C7)C
ord-13992005c22d4673aa802b5e140076e8,metal and ligand,CATALYST,SMILES,C1=CC=C(C=C1)/C=C/C(=O)/C=C/C2=CC=CC=C2.C1=CC=C(C=C1)/C=C/C(=O)/C=C/C2=CC=CC=C2.C1=CC=C(C=C1)/C=C/C(=O)/C=C/C2=CC=CC=C2.[Pd].[Pd]
ord-13992005c22d4673aa802b5e140076e8,metal and ligand,CATALYST,SMILES,CC1(C2=C(C(=CC=C2)P(C3=CC=CC=C3)C4=CC=CC=C4)OC5=C1C=CC=C5P(C6=CC=CC=C6)C7=CC=CC=C7)C
ord-13992005c22d4673aa802b5e140076e8,metal and ligand,CATALYST,SMILES,C1=CC=C(C=C1)/C=C/C(=O)/C=C/C2=CC=CC=C2.C1=CC=C(C=C1)/C=C/C(=O)/C=C/C2=CC=CC=C2.C1=CC=C(C=C1)/C=C/C(=O)/C=C/C2=CC=CC=C2.[Pd].[Pd]
ord-a36b48917c9942d1a34637511773ee1f,Base,REAGENT,SMILES,C(=O)([O-])[O-].[Cs+].[Cs+]
ord-a36b48917c9942d1a34637511773ee1f,Solvent,SOLVENT,SMILES,COC1=CC=CC=C1
ord-a36b48917c9942d1a34637511773ee1f,amine,REACTANT,SMILES,CN1C=NC2=C1C=C(C(=C2F)N)C(=O)OC
ord-a36b48917c9942d1a34637511773ee1f,aryl halide,REACTANT,SMILES,C1=CC=C(C=C1)I
ord-a36b48917c9942d1a34637511773ee1f,metal and ligand,CATALYST,SMILES,CC1(C2=C(C(=CC=C2)P(C3=CC=CC=C3)C4=CC=CC=C4)OC5=C1C=CC=C5P(C6=CC=CC=C6)C7=CC=CC=C7)C
ord-a36b48917c9942d1a34637511773ee1f,metal and ligand,CATALYST,SMILES,C1=CC=C(C=C1)/C=C/C(=O)/C=C/C2=CC=CC=C2.C1=CC=C(C=C1)/C=C/C(=O)/C=C/C2=CC=CC=C2.C1=CC=C(C=C1)/C=C/C(=O)/C=C/C2=CC=CC=C2.[Pd].[Pd]
ord-a36b48917c9942d1a34637511773ee1f,metal and ligand,CATALYST,SMILES,CC1(C2=C(C(=CC=C2)P(C3=CC=CC=C3)C4=CC=CC=C4)OC5=C1C=CC=C5P(C6=CC=CC=C6)C7=CC=CC=C7)C
ord-a36b48917c9942d1a34637511773ee1f,metal and ligand,CATALYST,SMILES,C1=CC=C(C=C1)/C=C/C(=O)/C=C/C2=CC=CC=C2.C1=CC=C(C=C1)/C=C/C(=O)/C=C/C2=CC=CC=C2.C1=CC=C(C=C1)/C=C/C(=O)/C=C/C2=CC=CC=C2.[Pd].[Pd]
ord-5fc624fd97b7430eafbe8dcc049d170b,Base,REAGENT,SMILES,C(=O)([O-])[O-].[Cs+].[Cs+]
ord-5fc624fd97b7430eafbe8dcc049d170b,Solvent,SOLVENT,SMILES,CC(=O)N(C)C
ord-5fc624fd97b7430eafbe8dcc049d170b,amine,REACTANT,SMILES,C1=CC(=CC=C1N)S(=O)(=O)N
ord-5fc624fd97b7430eafbe8dcc049d170b,aryl halide,REACTANT,SMILES,CC1=NC(=C(C=C1)OC2=CC(=NC=C2)Cl)C
ord-5fc624fd97b7430eafbe8dcc049d170b,metal and ligand,CATALYST,SMILES,CC1(C2=C(C(=CC=C2)P(C3=CC=CC=C3)C4=CC=CC=C4)OC5=C1C=CC=C5P(C6=CC=CC=C6)C7=CC=CC=C7)C
ord-5fc624fd97b7430eafbe8dcc049d170b,metal and ligand,CATALYST,SMILES,CC(=O)O.CC(=O)O.[Pd]
ord-5fc624fd97b7430eafbe8dcc049d170b,metal and ligand,CATALYST,SMILES,CC1(C2=C(C(=CC=C2)P(C3=CC=CC=C3)C4=CC=CC=C4)OC5=C1C=CC=C5P(C6=CC=CC=C6)C7=CC=CC=C7)C
ord-5fc624fd97b7430eafbe8dcc049d170b,metal and ligand,CATALYST,SMILES,CC(=O)O.CC(=O)O.[Pd]
ord-c34e3f2a76e4462999414a169b276944,Base,REAGENT,SMILES,C(=O)([O-])[O-].[Cs+].[Cs+]
ord-c34e3f2a76e4462999414a169b276944,Solvent,SOLVENT,SMILES,CC(=O)N(C)C
ord-c34e3f2a76e4462999414a169b276944,amine,REACTANT,SMILES,C1=CC(=CC=C1N)S(=O)(=O)N
ord-c34e3f2a76e4462999414a169b276944,aryl halide,REACTANT,SMILES,CC1=NC(=C(C=C1)OC2=CC(=NC=C2)Cl)C
ord-c34e3f2a76e4462999414a169b276944,metal and ligand,CATALYST,SMILES,CC1(C2=C(C(=CC=C2)P(C3=CC=CC=C3)C4=CC=CC=C4)OC5=C1C=CC=C5P(C6=CC=CC=C6)C7=CC=CC=C7)C
ord-c34e3f2a76e4462999414a169b276944,metal and ligand,CATALYST,SMILES,CC(=O)O.CC(=O)O.[Pd]
ord-c34e3f2a76e4462999414a169b276944,metal and ligand,CATALYST,SMILES,CC1(C2=C(C(=CC=C2)P(C3=CC=CC=C3)C4=CC=CC=C4)OC5=C1C=CC=C5P(C6=CC=CC=C6)C7=CC=CC=C7)C
ord-c34e3f2a76e4462999414a169b276944,metal and ligand,CATALYST,SMILES,CC(=O)O.CC(=O)O.[Pd]
ord-5853dba403864121802609ae67a6fbe4,Base,REAGENT,SMILES,C(=O)([O-])[O-].[Cs+].[Cs+]
ord-5853dba403864121802609ae67a6fbe4,Solvent,SOLVENT,SMILES,CC(=O)N(C)C
ord-5853dba403864121802609ae67a6fbe4,amine,REACTANT,SMILES,C1=CC(=CC=C1N)S(=O)(=O)N
ord-5853dba403864121802609ae67a6fbe4,aryl halide,REACTANT,SMILES,CC1=NC(=C(C=C1)OC2=CC(=NC=C2)Cl)C
ord-5853dba403864121802609ae67a6fbe4,metal and ligand,CATALYST,SMILES,CC1(C2=C(C(=CC=C2)P(C3=CC=CC=C3)C4=CC=CC=C4)OC5=C1C=CC=C5P(C6=CC=CC=C6)C7=CC=CC=C7)C
ord-5853dba403864121802609ae67a6fbe4,metal and ligand,CATALYST,SMILES,CC(=O)O.CC(=O)O.[Pd]
ord-5853dba403864121802609ae67a6fbe4,metal and ligand,CATALYST,SMILES,CC1(C2=C(C(=CC=C2)P(C3=CC=CC=C3)C4=CC=CC=C4)OC5=C1C=CC=C5P(C6=CC=CC=C6)C7=CC=CC=C7)C
ord-5853dba403864121802609ae67a6fbe4,metal and ligand,CATALYST,SMILES,CC(=O)O.CC(=O)O.[Pd]
ord-0c597cbe4940491092243bda6c97b98c,Base,REAGENT,SMILES,C(=O)([O-])[O-].[Cs+].[Cs+]
ord-0c597cbe4940491092243bda6c97b98c,Solvent,SOLVENT,SMILES,CC(=O)N(C)C
ord-0c597cbe4940491092243bda6c97b98c,amine,REACTANT,SMILES,C1=CC(=CC=C1N)S(=O)(=O)N
ord-0c597cbe4940491092243bda6c97b98c,aryl halide,REACTANT,SMILES,CC1=NC(=C(C=C1)OC2=CC(=NC=C2)Cl)C
ord-0c597cbe4940491092243bda6c97b98c,metal and ligand,CATALYST,SMILES,CC1(C2=C(C(=CC=C2)P(C3=CC=CC=C3)C4=CC=CC=C4)OC5=C1C=CC=C5P(C6=CC=CC=C6)C7=CC=CC=C7)C
ord-0c597cbe4940491092243bda6c97b98c,metal and ligand,CATALYST,SMILES,CC(=O)O.CC(=O)O.[Pd]
ord-0c597cbe4940491092243bda6c97b98c,metal and ligand,CATALYST,SMILES,CC1(C2=C(C(=CC=C2)P(C3=CC=CC=C3)C4=CC=CC=C4)OC5=C1C=CC=C5P(C6=CC=CC=C6)C7=CC=CC=C7)C
ord-0c597cbe4940491092243bda6c97b98c,metal and ligand,CATALYST,SMILES,CC(=O)O.CC(=O)O.[Pd]
ord-b3c4a680709749268aeba07b670223ef,Base,REAGENT,SMILES,C(=O)([O-])[O-].[Cs+].[Cs+]
ord-b3c4a680709749268aeba07b670223ef,amine,REACTANT,SMILES,CC(=O)N1CCNCC1
ord-b3c4a680709749268aeba07b670223ef,aryl halide,REACTANT,SMILES,C1=C(C=NC=C1Br)Br
ord-b3c4a680709749268aeba07b670223ef,metal and ligand,CATALYST,SMILES,CC1(C2=C(C(=CC=C2)P(C3=CC=CC=C3)C4=CC=CC=C4)OC5=C1C=CC=C5P(C6=CC=CC=C6)C7=CC=CC=C7)C
ord-b3c4a680709749268aeba07b670223ef,metal and ligand,CATALYST,SMILES,CC(=O)O.CC(=O)O.[Pd]
ord-b3c4a680709749268aeba07b670223ef,metal and ligand,CATALYST,SMILES,CC1(C2=C(C(=CC=C2)P(C3=CC=CC=C3)C4=CC=CC=C4)OC5=C1C=CC=C5P(C6=CC=CC=C6)C7=CC=CC=C7)C
ord-b3c4a680709749268aeba07b670223ef,metal and ligand,CATALYST,SMILES,CC(=O)O.CC(=O)O.[Pd]
ord-fa122fe6774f45c5b7a107c1460052d3,Base,REAGENT,SMILES,C(=O)([O-])[O-].[Cs+].[Cs+]
ord-fa122fe6774f45c5b7a107c1460052d3,Solvent,SOLVENT,SMILES,COCCOC
ord-fa122fe6774f45c5b7a107c1460052d3,amine,REACTANT,SMILES,C1=CC(=CC=C1N)N2C=CN=C2
ord-fa122fe6774f45c5b7a107c1460052d3,aryl halide,REACTANT,SMILES,CN1CC(OC2=C(C1)C=CC(=N2)Cl)C3=CC=CC=C3
ord-fa122fe6774f45c5b7a107c1460052d3,metal and ligand,CATALYST,SMILES,C1CCC(CC1)P(C2CCCCC2)C3=CC=CC=C3C4=CC=CC=C4
ord-fa122fe6774f45c5b7a107c1460052d3,metal and ligand,CATALYST,SMILES,CC(=O)O.CC(=O)O.[Pd]
ord-fa122fe6774f45c5b7a107c1460052d3,metal and ligand,CATALYST,SMILES,C1CCC(CC1)P(C2CCCCC2)C3=CC=CC=C3C4=CC=CC=C4
ord-fa122fe6774f45c5b7a107c1460052d3,metal and ligand,CATALYST,SMILES,CC(=O)O.CC(=O)O.[Pd]
ord-8ce809cf74f44b02a581dcd94f0c1ae0,Base,REAGENT,SMILES,C(=O)([O-])[O-].[Cs+].[Cs+]
ord-8ce809cf74f44b02a581dcd94f0c1ae0,Solvent,SOLVENT,SMILES,COCCOC
ord-8ce809cf74f44b02a581dcd94f0c1ae0,amine,REACTANT,SMILES,CC1=CN(C=N1)C2=C(C=C(C=C2)N)OC
ord-8ce809cf74f44b02a581dcd94f0c1ae0,aryl halide,REACTANT,SMILES,CC(=O)N1CC(OC2=C(C1)C=CC(=N2)Cl)C3=CN=CC=C3
ord-8ce809cf74f44b02a581dcd94f0c1ae0,metal and ligand,CATALYST,SMILES,C1CCC(CC1)P(C2CCCCC2)C3=CC=CC=C3C4=CC=CC=C4
ord-8ce809cf74f44b02a581dcd94f0c1ae0,metal and ligand,CATALYST,SMILES,CC(=O)O.CC(=O)O.[Pd]
ord-8ce809cf74f44b02a581dcd94f0c1ae0,metal and ligand,CATALYST,SMILES,C1CCC(CC1)P(C2CCCCC2)C3=CC=CC=C3C4=CC=CC=C4
ord-8ce809cf74f44b02a581dcd94f0c1ae0,metal and ligand,CATALYST,SMILES,CC(=O)O.CC(=O)O.[Pd]
ord-373fd601db1247b0b18c34bca387c3a4,Base,REAGENT,SMILES,C(=O)([O-])[O-].[Cs+].[Cs+]
ord-373fd601db1247b0b18c34bca387c3a4,Solvent,SOLVENT,SMILES,COCCOC
ord-373fd601db1247b0b18c34bca387c3a4,amine,REACTANT,SMILES,CC1=CN(C=N1)C2=C(C=C(C=C2)N)OC
ord-373fd601db1247b0b18c34bca387c3a4,aryl halide,REACTANT,SMILES,CN1CC(OC2=C(C1)C=CC(=N2)Cl)C3=CN=CC=C3
ord-373fd601db1247b0b18c34bca387c3a4,metal and ligand,CATALYST,SMILES,C1CCC(CC1)P(C2CCCCC2)C3=CC=CC=C3C4=CC=CC=C4
ord-373fd601db1247b0b18c34bca387c3a4,metal and ligand,CATALYST,SMILES,CC(=O)O.CC(=O)O.[Pd]
ord-373fd601db1247b0b18c34bca387c3a4,metal and ligand,CATALYST,SMILES,C1CCC(CC1)P(C2CCCCC2)C3=CC=CC=C3C4=CC=CC=C4
ord-373fd601db1247b0b18c34bca387c3a4,metal and ligand,CATALYST,SMILES,CC(=O)O.CC(=O)O.[Pd]
ord-79caf81165b848e5b1765189056bb075,Base,REAGENT,SMILES,C(=O)([O-])[O-].[Cs+].[Cs+]
ord-79caf81165b848e5b1765189056bb075,Solvent,SOLVENT,SMILES,C1COCCO1
ord-79caf81165b848e5b1765189056bb075,amine,REACTANT,SMILES,CC(C)(C)OC(=O)N
ord-79caf81165b848e5b1765189056bb075,aryl halide,REACTANT,SMILES,C1=CN=C(C=C1F)Cl
ord-79caf81165b848e5b1765189056bb075,metal and ligand,CATALYST,SMILES,CC1(C2=C(C(=CC=C2)P(C3=CC=CC=C3)C4=CC=CC=C4)OC5=C1C=CC=C5P(C6=CC=CC=C6)C7=CC=CC=C7)C
ord-79caf81165b848e5b1765189056bb075,metal and ligand,CATALYST,SMILES,C1=CC=C(C=C1)/C=C/C(=O)/C=C/C2=CC=CC=C2.C1=CC=C(C=C1)/C=C/C(=O)/C=C/C2=CC=CC=C2.C1=CC=C(C=C1)/C=C/C(=O)/C=C/C2=CC=CC=C2.[Pd].[Pd]
ord-79caf81165b848e5b1765189056bb075,metal and ligand,CATALYST,SMILES,CC1(C2=C(C(=CC=C2)P(C3=CC=CC=C3)C4=CC=CC=C4)OC5=C1C=CC=C5P(C6=CC=CC=C6)C7=CC=CC=C7)C
ord-79caf81165b848e5b1765189056bb075,metal and ligand,CATALYST,SMILES,C1=CC=C(C=C1)/C=C/C(=O)/C=C/C2=CC=CC=C2.C1=CC=C(C=C1)/C=C/C(=O)/C=C/C2=CC=CC=C2.C1=CC=C(C=C1)/C=C/C(=O)/C=C/C2=CC=CC=C2.[Pd].[Pd]
ord-4695ad3979554c448a445867cc030440,Base,REAGENT,SMILES,C1CCC2=NCCCN2CC1
ord-4695ad3979554c448a445867cc030440,Solvent,SOLVENT,SMILES,C1COCCO1
ord-4695ad3979554c448a445867cc030440,amine,REACTANT,SMILES,COC1=C(C=CC(=C1)C=O)N
ord-4695ad3979554c448a445867cc030440,aryl halide,REACTANT,SMILES,C1=CC2=NC=C(N2C=C1)C3=NC(=NC=C3Cl)Cl
ord-4695ad3979554c448a445867cc030440,metal and ligand,CATALYST,SMILES,CC1(C2=C(C(=CC=C2)P(C3=CC=CC=C3)C4=CC=CC=C4)OC5=C1C=CC=C5P(C6=CC=CC=C6)C7=CC=CC=C7)C
ord-4695ad3979554c448a445867cc030440,metal and ligand,CATALYST,SMILES,C1=CC=C(C=C1)/C=C/C(=O)/C=C/C2=CC=CC=C2.C1=CC=C(C=C1)/C=C/C(=O)/C=C/C2=CC=CC=C2.C1=CC=C(C=C1)/C=C/C(=O)/C=C/C2=CC=CC=C2.[Pd].[Pd]
ord-4695ad3979554c448a445867cc030440,metal and ligand,CATALYST,SMILES,CC1(C2=C(C(=CC=C2)P(C3=CC=CC=C3)C4=CC=CC=C4)OC5=C1C=CC=C5P(C6=CC=CC=C6)C7=CC=CC=C7)C
ord-4695ad3979554c448a445867cc030440,metal and ligand,CATALYST,SMILES,C1=CC=C(C=C1)/C=C/C(=O)/C=C/C2=CC=CC=C2.C1=CC=C(C=C1)/C=C/C(=O)/C=C/C2=CC=CC=C2.C1=CC=C(C=C1)/C=C/C(=O)/C=C/C2=CC=CC=C2.[Pd].[Pd]
ord-56220a6924fb4d7e8ff752a004488872,Base,REAGENT,SMILES,CCC(C)(C)[O-].[Na+]
ord-56220a6924fb4d7e8ff752a004488872,Solvent,SOLVENT,SMILES,CC1=CC=CC=C1
ord-56220a6924fb4d7e8ff752a004488872,amine,REACTANT,SMILES,CC1=NC=C(N1C2CCOCC2)C3=NC(=NC=C3F)N
ord-56220a6924fb4d7e8ff752a004488872,aryl halide,REACTANT,SMILES,C1COCCN1CC2=CC(=C(C=C2)Br)F
ord-56220a6924fb4d7e8ff752a004488872,metal and ligand,CATALYST,SMILES,C1=CC=C(C=C1)P(C2=CC=CC=C2)C3=C(C4=CC=CC=C4C=C3)C5=C(C=CC6=CC=CC=C65)P(C7=CC=CC=C7)C8=CC=CC=C8
ord-56220a6924fb4d7e8ff752a004488872,metal and ligand,CATALYST,SMILES,[Pd]
ord-56220a6924fb4d7e8ff752a004488872,metal and ligand,CATALYST,SMILES,C1=CC=C(C=C1)P(C2=CC=CC=C2)C3=C(C4=CC=CC=C4C=C3)C5=C(C=CC6=CC=CC=C65)P(C7=CC=CC=C7)C8=CC=CC=C8
ord-56220a6924fb4d7e8ff752a004488872,metal and ligand,CATALYST,SMILES,[Pd]
ord-b9ea1ddb99074c47af3b567d6c34306c,Base,REAGENT,SMILES,CCC(C)(C)[O-].[Na+]
ord-b9ea1ddb99074c47af3b567d6c34306c,Solvent,SOLVENT,SMILES,CC1=CC=CC=C1
ord-b9ea1ddb99074c47af3b567d6c34306c,amine,REACTANT,SMILES,CC1=NC=C(N1C2CCOCC2)C3=NC(=NC=C3F)N
ord-b9ea1ddb99074c47af3b567d6c34306c,aryl halide,REACTANT,SMILES,C1COCCN1CC2=CC(=C(C=C2)Br)F
ord-b9ea1ddb99074c47af3b567d6c34306c,metal and ligand,CATALYST,SMILES,CC1=CC=CC=C1P(C2=CC=CC=C2C)C3=CC=CC=C3C
ord-b9ea1ddb99074c47af3b567d6c34306c,metal and ligand,CATALYST,SMILES,[Pd]
ord-b9ea1ddb99074c47af3b567d6c34306c,metal and ligand,CATALYST,SMILES,CC1=CC=CC=C1P(C2=CC=CC=C2C)C3=CC=CC=C3C
ord-b9ea1ddb99074c47af3b567d6c34306c,metal and ligand,CATALYST,SMILES,[Pd]
ord-572b233d6c664fada44bd8d3bb48fc2f,Base,REAGENT,SMILES,CCC(C)(C)[O-].[Na+]
ord-572b233d6c664fada44bd8d3bb48fc2f,Solvent,SOLVENT,SMILES,CC1=CC=CC=C1
ord-572b233d6c664fada44bd8d3bb48fc2f,amine,REACTANT,SMILES,CC1=NC=C(N1C2CCOCC2)C3=NC(=NC=C3F)N
ord-572b233d6c664fada44bd8d3bb48fc2f,aryl halide,REACTANT,SMILES,C1COCCN1CC2=CC(=C(C=C2)Br)F
ord-572b233d6c664fada44bd8d3bb48fc2f,metal and ligand,CATALYST,SMILES,C1=CC=C(C=C1)P(C2=CC=CC=C2)C3=CC=CC=C3
ord-572b233d6c664fada44bd8d3bb48fc2f,metal and ligand,CATALYST,SMILES,[Pd]
ord-572b233d6c664fada44bd8d3bb48fc2f,metal and ligand,CATALYST,SMILES,C1=CC=C(C=C1)P(C2=CC=CC=C2)C3=CC=CC=C3
ord-572b233d6c664fada44bd8d3bb48fc2f,metal and ligand,CATALYST,SMILES,[Pd]
ord-2c710cb7fbbd4d70b492cf6ab2e6cbf5,Base,REAGENT,SMILES,CCC(C)(C)[O-].[Na+]
ord-2c710cb7fbbd4d70b492cf6ab2e6cbf5,Solvent,SOLVENT,SMILES,CC1=CC=CC=C1
ord-2c710cb7fbbd4d70b492cf6ab2e6cbf5,amine,REACTANT,SMILES,CC1=NC=C(N1C2CCOCC2)C3=NC(=NC=C3F)N
ord-2c710cb7fbbd4d70b492cf6ab2e6cbf5,aryl halide,REACTANT,SMILES,C1COCCN1CC2=CC(=C(C=C2)Br)F
ord-2c710cb7fbbd4d70b492cf6ab2e6cbf5,metal and ligand,CATALYST,SMILES,CC(C1CCCC1P(C2CCCCC2)C3CCCCC3)P(C(C)(C)C)C(C)(C)C.C1CCCC1.[Fe]
ord-2c710cb7fbbd4d70b492cf6ab2e6cbf5,metal and ligand,CATALYST,SMILES,[Pd]
ord-2c710cb7fbbd4d70b492cf6ab2e6cbf5,metal and ligand,CATALYST,SMILES,CC(C1CCCC1P(C2CCCCC2)C3CCCCC3)P(C(C)(C)C)C(C)(C)C.C1CCCC1.[Fe]
ord-2c710cb7fbbd4d70b492cf6ab2e6cbf5,metal and ligand,CATALYST,SMILES,[Pd]
ord-ea29507936c14849a1aa88403efb7090,Base,REAGENT,SMILES,CCC(C)(C)[O-].[Na+]
ord-ea29507936c14849a1aa88403efb7090,Solvent,SOLVENT,SMILES,CC1=CC=CC=C1
ord-ea29507936c14849a1aa88403efb7090,amine,REACTANT,SMILES,CC1=NC=C(N1C2CCOCC2)C3=NC(=NC=C3F)N
ord-ea29507936c14849a1aa88403efb7090,aryl halide,REACTANT,SMILES,C1COCCN1CC2=CC(=C(C=C2)Br)F
ord-ea29507936c14849a1aa88403efb7090,metal and ligand,CATALYST,SMILES,CC1(C2=C(C(=CC=C2)P(C3=CC=CC=C3)C4=CC=CC=C4)OC5=C1C=CC=C5P(C6=CC=CC=C6)C7=CC=CC=C7)C
ord-ea29507936c14849a1aa88403efb7090,metal and ligand,CATALYST,SMILES,[Pd]
ord-ea29507936c14849a1aa88403efb7090,metal and ligand,CATALYST,SMILES,CC1(C2=C(C(=CC=C2)P(C3=CC=CC=C3)C4=CC=CC=C4)OC5=C1C=CC=C5P(C6=CC=CC=C6)C7=CC=CC=C7)C
ord-ea29507936c14849a1aa88403efb7090,metal and ligand,CATALYST,SMILES,[Pd]
ord-28a0ca5c779744199b5c278aec8fa826,Base,REAGENT,SMILES,CCC(C)(C)[O-].[Na+]
ord-28a0ca5c779744199b5c278aec8fa826,Solvent,SOLVENT,SMILES,CC1=CC=CC=C1
ord-28a0ca5c779744199b5c278aec8fa826,amine,REACTANT,SMILES,CC1=NC=C(N1C2CCOCC2)C3=NC(=NC=C3F)N
ord-28a0ca5c779744199b5c278aec8fa826,aryl halide,REACTANT,SMILES,C1COCCN1CC2=CC(=C(C=C2)Br)F
ord-28a0ca5c779744199b5c278aec8fa826,metal and ligand,CATALYST,SMILES,COC1=C(C(=CC=C1)OC)C2=CC=CC=C2P(C3CCCCC3)C4CCCCC4
ord-28a0ca5c779744199b5c278aec8fa826,metal and ligand,CATALYST,SMILES,[Pd]
ord-28a0ca5c779744199b5c278aec8fa826,metal and ligand,CATALYST,SMILES,COC1=C(C(=CC=C1)OC)C2=CC=CC=C2P(C3CCCCC3)C4CCCCC4
ord-28a0ca5c779744199b5c278aec8fa826,metal and ligand,CATALYST,SMILES,[Pd]
ord-3e57b5a0d75c4f5d9c22ce74626f60c3,Base,REAGENT,SMILES,C(=O)([O-])[O-].[Cs+].[Cs+]
ord-3e57b5a0d75c4f5d9c22ce74626f60c3,Solvent,SOLVENT,SMILES,CC(=O)N(C)C
ord-3e57b5a0d75c4f5d9c22ce74626f60c3,amine,REACTANT,SMILES,C1OC2=C(O1)C(=C(C=C2)Cl)N
ord-3e57b5a0d75c4f5d9c22ce74626f60c3,aryl halide,REACTANT,SMILES,CC(=O)NC1=NC=CC(=C1)Cl
ord-3e57b5a0d75c4f5d9c22ce74626f60c3,metal and ligand,CATALYST,SMILES,CC1(C2=C(C(=CC=C2)P(C3=CC=CC=C3)C4=CC=CC=C4)OC5=C1C=CC=C5P(C6=CC=CC=C6)C7=CC=CC=C7)C
ord-3e57b5a0d75c4f5d9c22ce74626f60c3,metal and ligand,CATALYST,SMILES,CC(=O)O.CC(=O)O.[Pd]
ord-3e57b5a0d75c4f5d9c22ce74626f60c3,metal and ligand,CATALYST,SMILES,CC1(C2=C(C(=CC=C2)P(C3=CC=CC=C3)C4=CC=CC=C4)OC5=C1C=CC=C5P(C6=CC=CC=C6)C7=CC=CC=C7)C
ord-3e57b5a0d75c4f5d9c22ce74626f60c3,metal and ligand,CATALYST,SMILES,CC(=O)O.CC(=O)O.[Pd]
ord-bc24f3de1ac64e7e96966f7efd955e5c,Base,REAGENT,SMILES,C(=O)([O-])[O-].[Cs+].[Cs+]
ord-bc24f3de1ac64e7e96966f7efd955e5c,Solvent,SOLVENT,SMILES,C1COCCO1
ord-bc24f3de1ac64e7e96966f7efd955e5c,amine,REACTANT,SMILES,CN1CCC2=C(C1=O)C(=CC=C2)N
ord-bc24f3de1ac64e7e96966f7efd955e5c,aryl halide,REACTANT,SMILES,C1=C(C(=CN=C1Cl)Cl)I
ord-bc24f3de1ac64e7e96966f7efd955e5c,metal and ligand,CATALYST,SMILES,CC1(C2=C(C(=CC=C2)P(C3=CC=CC=C3)C4=CC=CC=C4)OC5=C1C=CC=C5P(C6=CC=CC=C6)C7=CC=CC=C7)C
ord-bc24f3de1ac64e7e96966f7efd955e5c,metal and ligand,CATALYST,SMILES,CC(=O)O.CC(=O)O.[Pd]
ord-bc24f3de1ac64e7e96966f7efd955e5c,metal and ligand,CATALYST,SMILES,CC1(C2=C(C(=CC=C2)P(C3=CC=CC=C3)C4=CC=CC=C4)OC5=C1C=CC=C5P(C6=CC=CC=C6)C7=CC=CC=C7)C
ord-bc24f3de1ac64e7e96966f7efd955e5c,metal and ligand,CATALYST,SMILES,CC(=O)O.CC(=O)O.[Pd]
ord-702aadae7425481bab668d630b5a0a21,Base,REAGENT,SMILES,C(=O)([O-])[O-].[Cs+].[Cs+]
ord-702aadae7425481bab668d630b5a0a21,Solvent,SOLVENT,SMILES,C1COCCO1
ord-702aadae7425481bab668d630b5a0a21,amine,REACTANT,SMILES,CN1CCC2=C(C1=O)C(=CC=C2)N
ord-702aadae7425481bab668d630b5a0a21,aryl halide,REACTANT,SMILES,C1=C(C(=CN=C1Cl)Cl)I
ord-702aadae7425481bab668d630b5a0a21,metal and ligand,CATALYST,SMILES,CC1(C2=C(C(=CC=C2)P(C3=CC=CC=C3)C4=CC=CC=C4)OC5=C1C=CC=C5P(C6=CC=CC=C6)C7=CC=CC=C7)C
ord-702aadae7425481bab668d630b5a0a21,metal and ligand,CATALYST,SMILES,CC(=O)O.CC(=O)O.[Pd]
ord-702aadae7425481bab668d630b5a0a21,metal and ligand,CATALYST,SMILES,CC1(C2=C(C(=CC=C2)P(C3=CC=CC=C3)C4=CC=CC=C4)OC5=C1C=CC=C5P(C6=CC=CC=C6)C7=CC=CC=C7)C
ord-702aadae7425481bab668d630b5a0a21,metal and ligand,CATALYST,SMILES,CC(=O)O.CC(=O)O.[Pd]
ord-b62d19842af048f4873fe9a01ff50f3b,Base,REAGENT,SMILES,C(=O)([O-])[O-].[Cs+].[Cs+]
ord-b62d19842af048f4873fe9a01ff50f3b,Solvent,SOLVENT,SMILES,C1COCCO1
ord-b62d19842af048f4873fe9a01ff50f3b,amine,REACTANT,SMILES,CN1CCC2=C(C1=O)C(=CC=C2)N
ord-b62d19842af048f4873fe9a01ff50f3b,aryl halide,REACTANT,SMILES,C1=C(C(=CN=C1Cl)Cl)I
ord-b62d19842af048f4873fe9a01ff50f3b,metal and ligand,CATALYST,SMILES,CC1(C2=C(C(=CC=C2)P(C3=CC=CC=C3)C4=CC=CC=C4)OC5=C1C=CC=C5P(C6=CC=CC=C6)C7=CC=CC=C7)C
ord-b62d19842af048f4873fe9a01ff50f3b,metal and ligand,CATALYST,SMILES,CC(=O)O.CC(=O)O.[Pd]
ord-b62d19842af048f4873fe9a01ff50f3b,metal and ligand,CATALYST,SMILES,CC1(C2=C(C(=CC=C2)P(C3=CC=CC=C3)C4=CC=CC=C4)OC5=C1C=CC=C5P(C6=CC=CC=C6)C7=CC=CC=C7)C
ord-b62d19842af048f4873fe9a01ff50f3b,metal and ligand,CATALYST,SMILES,CC(=O)O.CC(=O)O.[Pd]
ord-d1c742201cbe4cf0aa1fbc6e2537aa34,Base,REAGENT,SMILES,C(=O)([O-])[O-].[Cs+].[Cs+]
ord-d1c742201cbe4cf0aa1fbc6e2537aa34,Solvent,SOLVENT,SMILES,C1COCCO1
ord-d1c742201cbe4cf0aa1fbc6e2537aa34,amine,REACTANT,SMILES,CN1CCC2=C(C1=O)C(=CC=C2)N
ord-d1c742201cbe4cf0aa1fbc6e2537aa34,aryl halide,REACTANT,SMILES,C1=C(C(=CN=C1Cl)Cl)I
ord-d1c742201cbe4cf0aa1fbc6e2537aa34,metal and ligand,CATALYST,SMILES,CC1(C2=C(C(=CC=C2)P(C3=CC=CC=C3)C4=CC=CC=C4)OC5=C1C=CC=C5P(C6=CC=CC=C6)C7=CC=CC=C7)C
ord-d1c742201cbe4cf0aa1fbc6e2537aa34,metal and ligand,CATALYST,SMILES,CC(=O)O.CC(=O)O.[Pd]
ord-d1c742201cbe4cf0aa1fbc6e2537aa34,metal and ligand,CATALYST,SMILES,CC1(C2=C(C(=CC=C2)P(C3=CC=CC=C3)C4=CC=CC=C4)OC5=C1C=CC=C5P(C6=CC=CC=C6)C7=CC=CC=C7)C
ord-d1c742201cbe4cf0aa1fbc6e2537aa34,metal and ligand,CATALYST,SMILES,CC(=O)O.CC(=O)O.[Pd]
ord-f766bf8ef3f8450eb6d323fd10519896,Base,REAGENT,SMILES,C(=O)([O-])[O-].[Cs+].[Cs+]
ord-f766bf8ef3f8450eb6d323fd10519896,Solvent,SOLVENT,SMILES,C1COCCO1
ord-f766bf8ef3f8450eb6d323fd10519896,amine,REACTANT,SMILES,CONC(=O)C1=CC=CC=C1N
ord-f766bf8ef3f8450eb6d323fd10519896,aryl halide,REACTANT,SMILES,C1=C(C(=CN=C1Cl)Cl)I
ord-f766bf8ef3f8450eb6d323fd10519896,metal and ligand,CATALYST,SMILES,CC1(C2=C(C(=CC=C2)P(C3=CC=CC=C3)C4=CC=CC=C4)OC5=C1C=CC=C5P(C6=CC=CC=C6)C7=CC=CC=C7)C
ord-f766bf8ef3f8450eb6d323fd10519896,metal and ligand,CATALYST,SMILES,CC(=O)O.CC(=O)O.[Pd]
ord-f766bf8ef3f8450eb6d323fd10519896,metal and ligand,CATALYST,SMILES,CC1(C2=C(C(=CC=C2)P(C3=CC=CC=C3)C4=CC=CC=C4)OC5=C1C=CC=C5P(C6=CC=CC=C6)C7=CC=CC=C7)C
ord-f766bf8ef3f8450eb6d323fd10519896,metal and ligand,CATALYST,SMILES,CC(=O)O.CC(=O)O.[Pd]
ord-aaefdd638c464adeb91c856ec0ce39ed,Base,REAGENT,SMILES,C(=O)([O-])[O-].[Cs+].[Cs+]
ord-aaefdd638c464adeb91c856ec0ce39ed,Solvent,SOLVENT,SMILES,C1COCCO1
ord-aaefdd638c464adeb91c856ec0ce39ed,amine,REACTANT,SMILES,CONC(=O)C1=CC=CC=C1N
ord-aaefdd638c464adeb91c856ec0ce39ed,aryl halide,REACTANT,SMILES,C1=C(C(=CN=C1Cl)Cl)I
ord-aaefdd638c464adeb91c856ec0ce39ed,metal and ligand,CATALYST,SMILES,CC1(C2=C(C(=CC=C2)P(C3=CC=CC=C3)C4=CC=CC=C4)OC5=C1C=CC=C5P(C6=CC=CC=C6)C7=CC=CC=C7)C
ord-aaefdd638c464adeb91c856ec0ce39ed,metal and ligand,CATALYST,SMILES,CC(=O)O.CC(=O)O.[Pd]
ord-aaefdd638c464adeb91c856ec0ce39ed,metal and ligand,CATALYST,SMILES,CC1(C2=C(C(=CC=C2)P(C3=CC=CC=C3)C4=CC=CC=C4)OC5=C1C=CC=C5P(C6=CC=CC=C6)C7=CC=CC=C7)C
ord-aaefdd638c464adeb91c856ec0ce39ed,metal and ligand,CATALYST,SMILES,CC(=O)O.CC(=O)O.[Pd]
ord-b94a4cbc1fbd4100843834a92096e35b,Base,REAGENT,SMILES,C(=O)([O-])[O-].[Cs+].[Cs+]
ord-b94a4cbc1fbd4100843834a92096e35b,Solvent,SOLVENT,SMILES,C1COCCO1
ord-b94a4cbc1fbd4100843834a92096e35b,amine,REACTANT,SMILES,CNC(=O)C1=CC=CC=C1N
ord-b94a4cbc1fbd4100843834a92096e35b,aryl halide,REACTANT,SMILES,C1=C(C(=CN=C1Cl)Cl)I
ord-b94a4cbc1fbd4100843834a92096e35b,metal and ligand,CATALYST,SMILES,CC1(C2=C(C(=CC=C2)P(C3=CC=CC=C3)C4=CC=CC=C4)OC5=C1C=CC=C5P(C6=CC=CC=C6)C7=CC=CC=C7)C
ord-b94a4cbc1fbd4100843834a92096e35b,metal and ligand,CATALYST,SMILES,CC(=O)O.CC(=O)O.[Pd]
ord-b94a4cbc1fbd4100843834a92096e35b,metal and ligand,CATALYST,SMILES,CC1(C2=C(C(=CC=C2)P(C3=CC=CC=C3)C4=CC=CC=C4)OC5=C1C=CC=C5P(C6=CC=CC=C6)C7=CC=CC=C7)C
ord-b94a4cbc1fbd4100843834a92096e35b,metal and ligand,CATALYST,SMILES,CC(=O)O.CC(=O)O.[Pd]
ord-36d41d697d8f415b8c7cc3a381080785,Base,REAGENT,SMILES,C(=O)([O-])[O-].[Cs+].[Cs+]
ord-36d41d697d8f415b8c7cc3a381080785,Solvent,SOLVENT,SMILES,C1COCCO1
ord-36d41d697d8f415b8c7cc3a381080785,amine,REACTANT,SMILES,CNC(=O)C1=CC=CC=C1N
ord-36d41d697d8f415b8c7cc3a381080785,aryl halide,REACTANT,SMILES,C1=C(C(=CN=C1Cl)Cl)I
ord-36d41d697d8f415b8c7cc3a381080785,metal and ligand,CATALYST,SMILES,CC1(C2=C(C(=CC=C2)P(C3=CC=CC=C3)C4=CC=CC=C4)OC5=C1C=CC=C5P(C6=CC=CC=C6)C7=CC=CC=C7)C
ord-36d41d697d8f415b8c7cc3a381080785,metal and ligand,CATALYST,SMILES,CC(=O)O.CC(=O)O.[Pd]
ord-36d41d697d8f415b8c7cc3a381080785,metal and ligand,CATALYST,SMILES,CC1(C2=C(C(=CC=C2)P(C3=CC=CC=C3)C4=CC=CC=C4)OC5=C1C=CC=C5P(C6=CC=CC=C6)C7=CC=CC=C7)C
ord-36d41d697d8f415b8c7cc3a381080785,metal and ligand,CATALYST,SMILES,CC(=O)O.CC(=O)O.[Pd]
ord-2a024728550642b2b2e2724a7387802d,Base,REAGENT,SMILES,CC(C)(C)[O-].[K+]
ord-2a024728550642b2b2e2724a7387802d,Solvent,SOLVENT,SMILES,C1COCCO1
ord-2a024728550642b2b2e2724a7387802d,amine,REACTANT,SMILES,CC1=NC=C(N1C2CCOCC2)C3=NC(=NC=C3F)N
ord-2a024728550642b2b2e2724a7387802d,aryl halide,REACTANT,SMILES,C1COCCN1CC2=CC(=C(C=C2)Cl)F
ord-2a024728550642b2b2e2724a7387802d,metal and ligand,CATALYST,SMILES,CC(C)C1=CC(=C(C(=C1)C(C)C)C2=CC=CC=C2P(C3CCCCC3)C4CCCCC4)C(C)C
ord-2a024728550642b2b2e2724a7387802d,metal and ligand,CATALYST,SMILES,C1=CC=C(C=C1)/C=C/C(=O)/C=C/C2=CC=CC=C2.C1=CC=C(C=C1)/C=C/C(=O)/C=C/C2=CC=CC=C2.C1=CC=C(C=C1)/C=C/C(=O)/C=C/C2=CC=CC=C2.[Pd].[Pd]
ord-2a024728550642b2b2e2724a7387802d,metal and ligand,CATALYST,SMILES,CC(C)C1=CC(=C(C(=C1)C(C)C)C2=CC=CC=C2P(C3CCCCC3)C4CCCCC4)C(C)C
ord-2a024728550642b2b2e2724a7387802d,metal and ligand,CATALYST,SMILES,C1=CC=C(C=C1)/C=C/C(=O)/C=C/C2=CC=CC=C2.C1=CC=C(C=C1)/C=C/C(=O)/C=C/C2=CC=CC=C2.C1=CC=C(C=C1)/C=C/C(=O)/C=C/C2=CC=CC=C2.[Pd].[Pd]
ord-68a2d19644de420ea283722f281ee146,Base,REAGENT,SMILES,CC(C)(C)[O-].[K+]
ord-68a2d19644de420ea283722f281ee146,Solvent,SOLVENT,SMILES,C1COCCO1
ord-68a2d19644de420ea283722f281ee146,amine,REACTANT,SMILES,CC1=NC=C(N1C2CCOCC2)C3=NC(=NC=C3F)N
ord-68a2d19644de420ea283722f281ee146,aryl halide,REACTANT,SMILES,C1COCCN1CC2=CC(=C(C=C2)Cl)F
ord-68a2d19644de420ea283722f281ee146,metal and ligand,CATALYST,SMILES,CC(C)C1=CC(=C(C(=C1)C(C)C)C2=CC=CC=C2P(C3CCCCC3)C4CCCCC4)C(C)C
ord-68a2d19644de420ea283722f281ee146,metal and ligand,CATALYST,SMILES,C1=CC=C(C=C1)/C=C/C(=O)/C=C/C2=CC=CC=C2.C1=CC=C(C=C1)/C=C/C(=O)/C=C/C2=CC=CC=C2.C1=CC=C(C=C1)/C=C/C(=O)/C=C/C2=CC=CC=C2.[Pd].[Pd]
ord-68a2d19644de420ea283722f281ee146,metal and ligand,CATALYST,SMILES,CC(C)C1=CC(=C(C(=C1)C(C)C)C2=CC=CC=C2P(C3CCCCC3)C4CCCCC4)C(C)C
ord-68a2d19644de420ea283722f281ee146,metal and ligand,CATALYST,SMILES,C1=CC=C(C=C1)/C=C/C(=O)/C=C/C2=CC=CC=C2.C1=CC=C(C=C1)/C=C/C(=O)/C=C/C2=CC=CC=C2.C1=CC=C(C=C1)/C=C/C(=O)/C=C/C2=CC=CC=C2.[Pd].[Pd]
ord-9f0febad39ec4abd95b00a68a93da5f3,Base,REAGENT,SMILES,C(=O)([O-])[O-].[Cs+].[Cs+]
ord-9f0febad39ec4abd95b00a68a93da5f3,Solvent,SOLVENT,SMILES,C1COCCO1
ord-9f0febad39ec4abd95b00a68a93da5f3,amine,REACTANT,SMILES,CC1=CN=C(S1)N
ord-9f0febad39ec4abd95b00a68a93da5f3,aryl halide,REACTANT,SMILES,C[C@@H](C1=NC=C(C=N1)F)NC2=NC(=NC(=N2)Cl)N3CCOCC3
ord-9f0febad39ec4abd95b00a68a93da5f3,metal and ligand,CATALYST,SMILES,C1=CC=C(C=C1)P(C2=CC=CC=C2)C3=C(C4=CC=CC=C4C=C3)C5=C(C=CC6=CC=CC=C65)P(C7=CC=CC=C7)C8=CC=CC=C8
ord-9f0febad39ec4abd95b00a68a93da5f3,metal and ligand,CATALYST,SMILES,C1=CC=C(C=C1)/C=C/C(=O)/C=C/C2=CC=CC=C2.C1=CC=C(C=C1)/C=C/C(=O)/C=C/C2=CC=CC=C2.C1=CC=C(C=C1)/C=C/C(=O)/C=C/C2=CC=CC=C2.[Pd].[Pd]
ord-9f0febad39ec4abd95b00a68a93da5f3,metal and ligand,CATALYST,SMILES,C1=CC=C(C=C1)P(C2=CC=CC=C2)C3=C(C4=CC=CC=C4C=C3)C5=C(C=CC6=CC=CC=C65)P(C7=CC=CC=C7)C8=CC=CC=C8
ord-9f0febad39ec4abd95b00a68a93da5f3,metal and ligand,CATALYST,SMILES,C1=CC=C(C=C1)/C=C/C(=O)/C=C/C2=CC=CC=C2.C1=CC=C(C=C1)/C=C/C(=O)/C=C/C2=CC=CC=C2.C1=CC=C(C=C1)/C=C/C(=O)/C=C/C2=CC=CC=C2.[Pd].[Pd]
ord-80e16f813a4348d09194009ae04f2217,Base,REAGENT,SMILES,C(=O)([O-])[O-].[Cs+].[Cs+]
ord-80e16f813a4348d09194009ae04f2217,Solvent,SOLVENT,SMILES,C1COCCO1
ord-80e16f813a4348d09194009ae04f2217,amine,REACTANT,SMILES,CC1=NN(C=C1N)C
ord-80e16f813a4348d09194009ae04f2217,aryl halide,REACTANT,SMILES,CNC(=O)C1=CC=CC=C1NC2=CC(=NC=C2C#N)Cl
ord-80e16f813a4348d09194009ae04f2217,metal and ligand,CATALYST,SMILES,CC1(C2=C(C(=CC=C2)P(C3=CC=CC=C3)C4=CC=CC=C4)OC5=C1C=CC=C5P(C6=CC=CC=C6)C7=CC=CC=C7)C
ord-80e16f813a4348d09194009ae04f2217,metal and ligand,CATALYST,SMILES,CC(=O)O.CC(=O)O.[Pd]
ord-80e16f813a4348d09194009ae04f2217,metal and ligand,CATALYST,SMILES,CC1(C2=C(C(=CC=C2)P(C3=CC=CC=C3)C4=CC=CC=C4)OC5=C1C=CC=C5P(C6=CC=CC=C6)C7=CC=CC=C7)C
ord-80e16f813a4348d09194009ae04f2217,metal and ligand,CATALYST,SMILES,CC(=O)O.CC(=O)O.[Pd]
ord-d012fdccb17647d4838efd4e1491311e,Base,REAGENT,SMILES,C(=O)([O-])[O-].[Cs+].[Cs+]
ord-d012fdccb17647d4838efd4e1491311e,Solvent,SOLVENT,SMILES,C1COCCO1
ord-d012fdccb17647d4838efd4e1491311e,amine,REACTANT,SMILES,CN1C(=CC(=N1)OC)N
ord-d012fdccb17647d4838efd4e1491311e,aryl halide,REACTANT,SMILES,CNC(=O)C1=CC=CC=C1NC2=CC(=NC=C2C#N)Cl
ord-d012fdccb17647d4838efd4e1491311e,metal and ligand,CATALYST,SMILES,CC1(C2=C(C(=CC=C2)P(C3=CC=CC=C3)C4=CC=CC=C4)OC5=C1C=CC=C5P(C6=CC=CC=C6)C7=CC=CC=C7)C
ord-d012fdccb17647d4838efd4e1491311e,metal and ligand,CATALYST,SMILES,CC(=O)O.CC(=O)O.[Pd]
ord-d012fdccb17647d4838efd4e1491311e,metal and ligand,CATALYST,SMILES,CC1(C2=C(C(=CC=C2)P(C3=CC=CC=C3)C4=CC=CC=C4)OC5=C1C=CC=C5P(C6=CC=CC=C6)C7=CC=CC=C7)C
ord-d012fdccb17647d4838efd4e1491311e,metal and ligand,CATALYST,SMILES,CC(=O)O.CC(=O)O.[Pd]
ord-2e4132c3c32149d3a68cd64301eacce5,Base,REAGENT,SMILES,C(=O)([O-])[O-].[Cs+].[Cs+]
ord-2e4132c3c32149d3a68cd64301eacce5,Solvent,SOLVENT,SMILES,C1COCCO1
ord-2e4132c3c32149d3a68cd64301eacce5,amine,REACTANT,SMILES,CC1=NN(C=C1N)C
ord-2e4132c3c32149d3a68cd64301eacce5,aryl halide,REACTANT,SMILES,CN1CCC2=C(C1=O)C(=CC=C2)NC3=CC(=NC=C3C#N)Cl
ord-2e4132c3c32149d3a68cd64301eacce5,metal and ligand,CATALYST,SMILES,CC1(C2=C(C(=CC=C2)P(C3=CC=CC=C3)C4=CC=CC=C4)OC5=C1C=CC=C5P(C6=CC=CC=C6)C7=CC=CC=C7)C
ord-2e4132c3c32149d3a68cd64301eacce5,metal and ligand,CATALYST,SMILES,CC(=O)O.CC(=O)O.[Pd]
ord-2e4132c3c32149d3a68cd64301eacce5,metal and ligand,CATALYST,SMILES,CC1(C2=C(C(=CC=C2)P(C3=CC=CC=C3)C4=CC=CC=C4)OC5=C1C=CC=C5P(C6=CC=CC=C6)C7=CC=CC=C7)C
ord-2e4132c3c32149d3a68cd64301eacce5,metal and ligand,CATALYST,SMILES,CC(=O)O.CC(=O)O.[Pd]
ord-1d37196fb74e494d823157202193321f,Base,REAGENT,SMILES,C1=CC=C(C=C1)[O-].[Na+]
ord-1d37196fb74e494d823157202193321f,Solvent,SOLVENT,SMILES,COCCOC
ord-1d37196fb74e494d823157202193321f,amine,REACTANT,SMILES,CC1=NN(C=C1N)C
ord-1d37196fb74e494d823157202193321f,aryl halide,REACTANT,SMILES,CN1CCC2=C(C1=O)C(=CC=C2)NC3=CC(=NC=C3C#N)Cl
ord-1d37196fb74e494d823157202193321f,metal and ligand,CATALYST,SMILES,CC(C1CCCC1P(C2CCCCC2)C3CCCCC3)P(C(C)(C)C)C(C)(C)C.C1CCCC1.[Fe]
ord-1d37196fb74e494d823157202193321f,metal and ligand,CATALYST,SMILES,CC(=O)O.CC(=O)O.[Pd]
ord-1d37196fb74e494d823157202193321f,metal and ligand,CATALYST,SMILES,CC(C1CCCC1P(C2CCCCC2)C3CCCCC3)P(C(C)(C)C)C(C)(C)C.C1CCCC1.[Fe]
ord-1d37196fb74e494d823157202193321f,metal and ligand,CATALYST,SMILES,CC(=O)O.CC(=O)O.[Pd]
ord-13885c2618b74db2ba86072bda25f3e4,Base,REAGENT,SMILES,C(=O)([O-])[O-].[Cs+].[Cs+]
ord-13885c2618b74db2ba86072bda25f3e4,Solvent,SOLVENT,SMILES,COCCOC
ord-13885c2618b74db2ba86072bda25f3e4,amine,REACTANT,SMILES,CC1=NN(C=C1N)C
ord-13885c2618b74db2ba86072bda25f3e4,aryl halide,REACTANT,SMILES,CN1CCC2=C(C1=O)C(=CC=C2)NC3=CC(=NC=C3C#N)Cl
ord-13885c2618b74db2ba86072bda25f3e4,metal and ligand,CATALYST,SMILES,CC(C1CCCC1P(C2CCCCC2)C3CCCCC3)P(C(C)(C)C)C(C)(C)C.C1CCCC1.[Fe]
ord-13885c2618b74db2ba86072bda25f3e4,metal and ligand,CATALYST,SMILES,CC(=O)O.CC(=O)O.[Pd]
ord-13885c2618b74db2ba86072bda25f3e4,metal and ligand,CATALYST,SMILES,CC(C1CCCC1P(C2CCCCC2)C3CCCCC3)P(C(C)(C)C)C(C)(C)C.C1CCCC1.[Fe]
ord-13885c2618b74db2ba86072bda25f3e4,metal and ligand,CATALYST,SMILES,CC(=O)O.CC(=O)O.[Pd]
ord-b116c54708694e71a57141a571bf1abd,Base,REAGENT,SMILES,C(=O)([O-])[O-].[Cs+].[Cs+]
ord-b116c54708694e71a57141a571bf1abd,Solvent,SOLVENT,SMILES,COCCOC
ord-b116c54708694e71a57141a571bf1abd,amine,REACTANT,SMILES,CC1=NN(C=C1N)C
ord-b116c54708694e71a57141a571bf1abd,aryl halide,REACTANT,SMILES,CN1CCC2=C(C1=O)C(=CC=C2)NC3=CC(=NC=C3C#N)Cl
ord-b116c54708694e71a57141a571bf1abd,metal and ligand,CATALYST,SMILES,CC(C1CCCC1P(C2CCCCC2)C3CCCCC3)P(C(C)(C)C)C(C)(C)C.C1CCCC1.[Fe]
ord-b116c54708694e71a57141a571bf1abd,metal and ligand,CATALYST,SMILES,CC(=O)O.CC(=O)O.[Pd]
ord-b116c54708694e71a57141a571bf1abd,metal and ligand,CATALYST,SMILES,CC(C1CCCC1P(C2CCCCC2)C3CCCCC3)P(C(C)(C)C)C(C)(C)C.C1CCCC1.[Fe]
ord-b116c54708694e71a57141a571bf1abd,metal and ligand,CATALYST,SMILES,CC(=O)O.CC(=O)O.[Pd]
ord-1aa2de1a9b014f58b717c720b31e4a66,Base,REAGENT,SMILES,C1CCC2=NCCCN2CC1
ord-1aa2de1a9b014f58b717c720b31e4a66,Solvent,SOLVENT,SMILES,CC1=CC=CC=C1
ord-1aa2de1a9b014f58b717c720b31e4a66,amine,REACTANT,SMILES,C1CC1C(=O)NC2=NC=CC(=C2)Cl
ord-1aa2de1a9b014f58b717c720b31e4a66,aryl halide,REACTANT,SMILES,C1OC2=C(C(=CN=C2O1)Cl)N
ord-1aa2de1a9b014f58b717c720b31e4a66,metal and ligand,CATALYST,SMILES,CC1(C2=C(C(=CC=C2)P(C3=CC=CC=C3)C4=CC=CC=C4)OC5=C1C=CC=C5P(C6=CC=CC=C6)C7=CC=CC=C7)C
ord-1aa2de1a9b014f58b717c720b31e4a66,metal and ligand,CATALYST,SMILES,C1=CC=C(C=C1)/C=C/C(=O)/C=C/C2=CC=CC=C2.C1=CC=C(C=C1)/C=C/C(=O)/C=C/C2=CC=CC=C2.[Pd]
ord-1aa2de1a9b014f58b717c720b31e4a66,metal and ligand,CATALYST,SMILES,CC1(C2=C(C(=CC=C2)P(C3=CC=CC=C3)C4=CC=CC=C4)OC5=C1C=CC=C5P(C6=CC=CC=C6)C7=CC=CC=C7)C
ord-1aa2de1a9b014f58b717c720b31e4a66,metal and ligand,CATALYST,SMILES,C1=CC=C(C=C1)/C=C/C(=O)/C=C/C2=CC=CC=C2.C1=CC=C(C=C1)/C=C/C(=O)/C=C/C2=CC=CC=C2.[Pd]
ord-e3d1bf887b8743b5ab0b5887f32d7a64,Base,REAGENT,SMILES,C(=O)([O-])[O-].[Cs+].[Cs+]
ord-e3d1bf887b8743b5ab0b5887f32d7a64,Solvent,SOLVENT,SMILES,C1COCCO1
ord-e3d1bf887b8743b5ab0b5887f32d7a64,amine,REACTANT,SMILES,C1CC1C(=O)NC2=NC=CC(=C2)Cl
ord-e3d1bf887b8743b5ab0b5887f32d7a64,aryl halide,REACTANT,SMILES,C1OC2=C(C(=CN=C2O1)Cl)N
ord-e3d1bf887b8743b5ab0b5887f32d7a64,metal and ligand,CATALYST,SMILES,CC1(C2=C(C(=CC=C2)P(C3=CC=CC=C3)C4=CC=CC=C4)OC5=C1C=CC=C5P(C6=CC=CC=C6)C7=CC=CC=C7)C
ord-e3d1bf887b8743b5ab0b5887f32d7a64,metal and ligand,CATALYST,SMILES,CC(=O)O.CC(=O)O.[Pd]
ord-e3d1bf887b8743b5ab0b5887f32d7a64,metal and ligand,CATALYST,SMILES,CC1(C2=C(C(=CC=C2)P(C3=CC=CC=C3)C4=CC=CC=C4)OC5=C1C=CC=C5P(C6=CC=CC=C6)C7=CC=CC=C7)C
ord-e3d1bf887b8743b5ab0b5887f32d7a64,metal and ligand,CATALYST,SMILES,CC(=O)O.CC(=O)O.[Pd]
ord-53e4c550d2a942e0b2b88b16dae21b0b,Base,REAGENT,SMILES,C(=O)([O-])[O-].[Cs+].[Cs+]
ord-53e4c550d2a942e0b2b88b16dae21b0b,Solvent,SOLVENT,SMILES,C1COCCO1
ord-53e4c550d2a942e0b2b88b16dae21b0b,amine,REACTANT,SMILES,C1CC1C(=O)NC2=NC=CC(=C2)Cl
ord-53e4c550d2a942e0b2b88b16dae21b0b,aryl halide,REACTANT,SMILES,C1OC2=C(C(=CN=C2O1)Cl)N
ord-53e4c550d2a942e0b2b88b16dae21b0b,metal and ligand,CATALYST,SMILES,CC1(C2=C(C(=CC=C2)P(C3=CC=CC=C3)C4=CC=CC=C4)OC5=C1C=CC=C5P(C6=CC=CC=C6)C7=CC=CC=C7)C
ord-53e4c550d2a942e0b2b88b16dae21b0b,metal and ligand,CATALYST,SMILES,CC(=O)O.CC(=O)O.[Pd]
ord-53e4c550d2a942e0b2b88b16dae21b0b,metal and ligand,CATALYST,SMILES,CC1(C2=C(C(=CC=C2)P(C3=CC=CC=C3)C4=CC=CC=C4)OC5=C1C=CC=C5P(C6=CC=CC=C6)C7=CC=CC=C7)C
ord-53e4c550d2a942e0b2b88b16dae21b0b,metal and ligand,CATALYST,SMILES,CC(=O)O.CC(=O)O.[Pd]
ord-97d4ec8781d24990b921a4f59e0aac9e,Base,REAGENT,SMILES,C(=O)([O-])[O-].[Cs+].[Cs+]
ord-97d4ec8781d24990b921a4f59e0aac9e,Solvent,SOLVENT,SMILES,C1COCCO1
ord-97d4ec8781d24990b921a4f59e0aac9e,amine,REACTANT,SMILES,C1CC1C(=O)NC2=NC=CC(=C2)Cl
ord-97d4ec8781d24990b921a4f59e0aac9e,aryl halide,REACTANT,SMILES,C1OC2=C(C(=CN=C2O1)Cl)N
ord-97d4ec8781d24990b921a4f59e0aac9e,metal and ligand,CATALYST,SMILES,CC1(C2=C(C(=CC=C2)P(C3=CC=CC=C3)C4=CC=CC=C4)OC5=C1C=CC=C5P(C6=CC=CC=C6)C7=CC=CC=C7)C
ord-97d4ec8781d24990b921a4f59e0aac9e,metal and ligand,CATALYST,SMILES,CC(=O)O.CC(=O)O.[Pd]
ord-97d4ec8781d24990b921a4f59e0aac9e,metal and ligand,CATALYST,SMILES,CC1(C2=C(C(=CC=C2)P(C3=CC=CC=C3)C4=CC=CC=C4)OC5=C1C=CC=C5P(C6=CC=CC=C6)C7=CC=CC=C7)C
ord-97d4ec8781d24990b921a4f59e0aac9e,metal and ligand,CATALYST,SMILES,CC(=O)O.CC(=O)O.[Pd]
ord-43b38b44db094a5e90893913a2fe3478,Base,REAGENT,SMILES,C(=O)([O-])[O-].[Cs+].[Cs+]
ord-43b38b44db094a5e90893913a2fe3478,Solvent,SOLVENT,SMILES,C1COCCO1
ord-43b38b44db094a5e90893913a2fe3478,amine,REACTANT,SMILES,C1CC1C(=O)NC2=NC=CC(=C2)Cl
ord-43b38b44db094a5e90893913a2fe3478,aryl halide,REACTANT,SMILES,C1OC2=C(C(=CN=C2O1)Cl)N
ord-43b38b44db094a5e90893913a2fe3478,metal and ligand,CATALYST,SMILES,CC1(C2=C(C(=CC=C2)P(C3=CC=CC=C3)C4=CC=CC=C4)OC5=C1C=CC=C5P(C6=CC=CC=C6)C7=CC=CC=C7)C
ord-43b38b44db094a5e90893913a2fe3478,metal and ligand,CATALYST,SMILES,CC(=O)O.CC(=O)O.[Pd]
ord-43b38b44db094a5e90893913a2fe3478,metal and ligand,CATALYST,SMILES,CC1(C2=C(C(=CC=C2)P(C3=CC=CC=C3)C4=CC=CC=C4)OC5=C1C=CC=C5P(C6=CC=CC=C6)C7=CC=CC=C7)C
ord-43b38b44db094a5e90893913a2fe3478,metal and ligand,CATALYST,SMILES,CC(=O)O.CC(=O)O.[Pd]
ord-69adc3b86d5e4e688ca79adbe7928bc5,Base,REAGENT,SMILES,C(=O)([O-])[O-].[Cs+].[Cs+]
ord-69adc3b86d5e4e688ca79adbe7928bc5,Solvent,SOLVENT,SMILES,CC1=CC=CC=C1
ord-69adc3b86d5e4e688ca79adbe7928bc5,amine,REACTANT,SMILES,CCN1CCNCC1
ord-69adc3b86d5e4e688ca79adbe7928bc5,aryl halide,REACTANT,SMILES,C1COCCN1C2=CC(=O)C3=C(O2)C(=CC=C3)C4=C5C(=C(C=C4)I)C6=CC=CC=C6S5
ord-69adc3b86d5e4e688ca79adbe7928bc5,metal and ligand,CATALYST,SMILES,C1=CC=C(C=C1)P(C2=CC=CC=C2)C3=C(C4=CC=CC=C4C=C3)C5=C(C=CC6=CC=CC=C65)P(C7=CC=CC=C7)C8=CC=CC=C8
ord-69adc3b86d5e4e688ca79adbe7928bc5,metal and ligand,CATALYST,SMILES,CC(=O)O.CC(=O)O.[Pd]
ord-69adc3b86d5e4e688ca79adbe7928bc5,metal and ligand,CATALYST,SMILES,C1=CC=C(C=C1)P(C2=CC=CC=C2)C3=C(C4=CC=CC=C4C=C3)C5=C(C=CC6=CC=CC=C65)P(C7=CC=CC=C7)C8=CC=CC=C8
ord-69adc3b86d5e4e688ca79adbe7928bc5,metal and ligand,CATALYST,SMILES,CC(=O)O.CC(=O)O.[Pd]
ord-8dc05311ad5340e693477414d5741a5e,Base,REAGENT,SMILES,C(=O)([O-])[O-].[Cs+].[Cs+]
ord-8dc05311ad5340e693477414d5741a5e,Solvent,SOLVENT,SMILES,C1COCCO1
ord-8dc05311ad5340e693477414d5741a5e,amine,REACTANT,SMILES,CCN1CCNCC1
ord-8dc05311ad5340e693477414d5741a5e,aryl halide,REACTANT,SMILES,C1COCCN1C2=CC(=O)C3=C(O2)C(=CC=C3)C4=C5C(=C(C=C4)I)C6=CC=CC=C6S5
ord-8dc05311ad5340e693477414d5741a5e,metal and ligand,CATALYST,SMILES,CC1(C2=C(C(=CC=C2)P(C3=CC=CC=C3)C4=CC=CC=C4)OC5=C1C=CC=C5P(C6=CC=CC=C6)C7=CC=CC=C7)C
ord-8dc05311ad5340e693477414d5741a5e,metal and ligand,CATALYST,SMILES,C1=CC=C(C=C1)/C=C/C(=O)/C=C/C2=CC=CC=C2.C1=CC=C(C=C1)/C=C/C(=O)/C=C/C2=CC=CC=C2.C1=CC=C(C=C1)/C=C/C(=O)/C=C/C2=CC=CC=C2.[Pd].[Pd]
ord-8dc05311ad5340e693477414d5741a5e,metal and ligand,CATALYST,SMILES,CC1(C2=C(C(=CC=C2)P(C3=CC=CC=C3)C4=CC=CC=C4)OC5=C1C=CC=C5P(C6=CC=CC=C6)C7=CC=CC=C7)C
ord-8dc05311ad5340e693477414d5741a5e,metal and ligand,CATALYST,SMILES,C1=CC=C(C=C1)/C=C/C(=O)/C=C/C2=CC=CC=C2.C1=CC=C(C=C1)/C=C/C(=O)/C=C/C2=CC=CC=C2.C1=CC=C(C=C1)/C=C/C(=O)/C=C/C2=CC=CC=C2.[Pd].[Pd]
ord-8b6e9d49ac804667b43344fcaf4ab862,Base,REAGENT,SMILES,C(=O)([O-])[O-].[Cs+].[Cs+]
ord-8b6e9d49ac804667b43344fcaf4ab862,Solvent,SOLVENT,SMILES,C1COCCO1
ord-8b6e9d49ac804667b43344fcaf4ab862,amine,REACTANT,SMILES,CC(=O)N1CCNCC1
ord-8b6e9d49ac804667b43344fcaf4ab862,aryl halide,REACTANT,SMILES,COC1=C(C=C(C=C1)Br)[N+](=O)[O-]
ord-8b6e9d49ac804667b43344fcaf4ab862,metal and ligand,CATALYST,SMILES,CC1(C2=C(C(=CC=C2)P(C3=CC=CC=C3)C4=CC=CC=C4)OC5=C1C=CC=C5P(C6=CC=CC=C6)C7=CC=CC=C7)C
ord-8b6e9d49ac804667b43344fcaf4ab862,metal and ligand,CATALYST,SMILES,CC(=O)O.CC(=O)O.[Pd]
ord-8b6e9d49ac804667b43344fcaf4ab862,metal and ligand,CATALYST,SMILES,CC1(C2=C(C(=CC=C2)P(C3=CC=CC=C3)C4=CC=CC=C4)OC5=C1C=CC=C5P(C6=CC=CC=C6)C7=CC=CC=C7)C
ord-8b6e9d49ac804667b43344fcaf4ab862,metal and ligand,CATALYST,SMILES,CC(=O)O.CC(=O)O.[Pd]
ord-7efc5b9774d04fb09dba803fb4f7b480,Base,REAGENT,SMILES,C(=O)([O-])[O-].[Cs+].[Cs+]
ord-7efc5b9774d04fb09dba803fb4f7b480,Solvent,SOLVENT,SMILES,C1COCCO1
ord-7efc5b9774d04fb09dba803fb4f7b480,amine,REACTANT,SMILES,CC(=O)N1CCNCC1
ord-7efc5b9774d04fb09dba803fb4f7b480,aryl halide,REACTANT,SMILES,COC1=C(C=C(C=C1)Br)[N+](=O)[O-]
ord-7efc5b9774d04fb09dba803fb4f7b480,metal and ligand,CATALYST,SMILES,CC1(C2=C(C(=CC=C2)P(C3=CC=CC=C3)C4=CC=CC=C4)OC5=C1C=CC=C5P(C6=CC=CC=C6)C7=CC=CC=C7)C
ord-7efc5b9774d04fb09dba803fb4f7b480,metal and ligand,CATALYST,SMILES,CC(=O)O.CC(=O)O.[Pd]
ord-7efc5b9774d04fb09dba803fb4f7b480,metal and ligand,CATALYST,SMILES,CC1(C2=C(C(=CC=C2)P(C3=CC=CC=C3)C4=CC=CC=C4)OC5=C1C=CC=C5P(C6=CC=CC=C6)C7=CC=CC=C7)C
ord-7efc5b9774d04fb09dba803fb4f7b480,metal and ligand,CATALYST,SMILES,CC(=O)O.CC(=O)O.[Pd]
ord-56a1dc90e93f4e37a4c4dceba5d45c4e,Base,REAGENT,SMILES,C(=O)([O-])[O-].[Cs+].[Cs+]
ord-56a1dc90e93f4e37a4c4dceba5d45c4e,Solvent,SOLVENT,SMILES,C1COCCO1
ord-56a1dc90e93f4e37a4c4dceba5d45c4e,amine,REACTANT,SMILES,CC(=O)N1CCNCC1
ord-56a1dc90e93f4e37a4c4dceba5d45c4e,aryl halide,REACTANT,SMILES,COC1=C(C=C(C=C1)Br)[N+](=O)[O-]
ord-56a1dc90e93f4e37a4c4dceba5d45c4e,metal and ligand,CATALYST,SMILES,CC1(C2=C(C(=CC=C2)P(C3=CC=CC=C3)C4=CC=CC=C4)OC5=C1C=CC=C5P(C6=CC=CC=C6)C7=CC=CC=C7)C
ord-56a1dc90e93f4e37a4c4dceba5d45c4e,metal and ligand,CATALYST,SMILES,CC(=O)O.CC(=O)O.[Pd]
ord-56a1dc90e93f4e37a4c4dceba5d45c4e,metal and ligand,CATALYST,SMILES,CC1(C2=C(C(=CC=C2)P(C3=CC=CC=C3)C4=CC=CC=C4)OC5=C1C=CC=C5P(C6=CC=CC=C6)C7=CC=CC=C7)C
ord-56a1dc90e93f4e37a4c4dceba5d45c4e,metal and ligand,CATALYST,SMILES,CC(=O)O.CC(=O)O.[Pd]
ord-05f07a62b42e4c23af01e32b4f5a3985,Base,REAGENT,SMILES,C(=O)([O-])[O-].[Cs+].[Cs+]
ord-05f07a62b42e4c23af01e32b4f5a3985,Solvent,SOLVENT,SMILES,C1COCCO1
ord-05f07a62b42e4c23af01e32b4f5a3985,amine,REACTANT,SMILES,CC(=O)N1CCNCC1
ord-05f07a62b42e4c23af01e32b4f5a3985,aryl halide,REACTANT,SMILES,COC1=C(C=C(C=C1)Br)[N+](=O)[O-]
ord-05f07a62b42e4c23af01e32b4f5a3985,metal and ligand,CATALYST,SMILES,CC1(C2=C(C(=CC=C2)P(C3=CC=CC=C3)C4=CC=CC=C4)OC5=C1C=CC=C5P(C6=CC=CC=C6)C7=CC=CC=C7)C
ord-05f07a62b42e4c23af01e32b4f5a3985,metal and ligand,CATALYST,SMILES,CC(=O)O.CC(=O)O.[Pd]
ord-05f07a62b42e4c23af01e32b4f5a3985,metal and ligand,CATALYST,SMILES,CC1(C2=C(C(=CC=C2)P(C3=CC=CC=C3)C4=CC=CC=C4)OC5=C1C=CC=C5P(C6=CC=CC=C6)C7=CC=CC=C7)C
ord-05f07a62b42e4c23af01e32b4f5a3985,metal and ligand,CATALYST,SMILES,CC(=O)O.CC(=O)O.[Pd]
ord-48707410a8f646d7ad65813e3cef2505,Base,REAGENT,SMILES,CC(C)(C)[O-].[Na+]
ord-48707410a8f646d7ad65813e3cef2505,Solvent,SOLVENT,SMILES,C1COCCO1
ord-48707410a8f646d7ad65813e3cef2505,amine,REACTANT,SMILES,CC1=NN(C=C1N)C
ord-48707410a8f646d7ad65813e3cef2505,aryl halide,REACTANT,SMILES,CONC(=O)C1=CC=CC=C1NC2=CC(=NC=C2Cl)Cl
ord-48707410a8f646d7ad65813e3cef2505,metal and ligand,CATALYST,SMILES,CC1(C2=C(C(=CC=C2)P(C3=CC=CC=C3)C4=CC=CC=C4)OC5=C1C=CC=C5P(C6=CC=CC=C6)C7=CC=CC=C7)C
ord-48707410a8f646d7ad65813e3cef2505,metal and ligand,CATALYST,SMILES,C1=CC=C(C=C1)/C=C/C(=O)/C=C/C2=CC=CC=C2.C1=CC=C(C=C1)/C=C/C(=O)/C=C/C2=CC=CC=C2.C1=CC=C(C=C1)/C=C/C(=O)/C=C/C2=CC=CC=C2.[Pd].[Pd]
ord-48707410a8f646d7ad65813e3cef2505,metal and ligand,CATALYST,SMILES,CC1(C2=C(C(=CC=C2)P(C3=CC=CC=C3)C4=CC=CC=C4)OC5=C1C=CC=C5P(C6=CC=CC=C6)C7=CC=CC=C7)C
ord-48707410a8f646d7ad65813e3cef2505,metal and ligand,CATALYST,SMILES,C1=CC=C(C=C1)/C=C/C(=O)/C=C/C2=CC=CC=C2.C1=CC=C(C=C1)/C=C/C(=O)/C=C/C2=CC=CC=C2.C1=CC=C(C=C1)/C=C/C(=O)/C=C/C2=CC=CC=C2.[Pd].[Pd]
ord-d5a89652aac64eea875d9bd85a60b6b2,Base,REAGENT,SMILES,C(=O)([O-])[O-].[Cs+].[Cs+]
ord-d5a89652aac64eea875d9bd85a60b6b2,Solvent,SOLVENT,SMILES,C1COCCO1
ord-d5a89652aac64eea875d9bd85a60b6b2,amine,REACTANT,SMILES,CC1CNCC(N1)C
ord-d5a89652aac64eea875d9bd85a60b6b2,aryl halide,REACTANT,SMILES,COC1=C(C=CC(=C1)Br)NC2=NC=C(C(=N2)C3=CN=C4N3C=CC=C4)Cl
ord-d5a89652aac64eea875d9bd85a60b6b2,metal and ligand,CATALYST,SMILES,CC1(C2=C(C(=CC=C2)P(C3=CC=CC=C3)C4=CC=CC=C4)OC5=C1C=CC=C5P(C6=CC=CC=C6)C7=CC=CC=C7)C
ord-d5a89652aac64eea875d9bd85a60b6b2,metal and ligand,CATALYST,SMILES,CC(=O)O.CC(=O)O.[Pd]
ord-d5a89652aac64eea875d9bd85a60b6b2,metal and ligand,CATALYST,SMILES,CC1(C2=C(C(=CC=C2)P(C3=CC=CC=C3)C4=CC=CC=C4)OC5=C1C=CC=C5P(C6=CC=CC=C6)C7=CC=CC=C7)C
ord-d5a89652aac64eea875d9bd85a60b6b2,metal and ligand,CATALYST,SMILES,CC(=O)O.CC(=O)O.[Pd]
ord-7e36385bcc0c400fb6d43f0b2d0257ca,Base,REAGENT,SMILES,C(=O)([O-])[O-].[Cs+].[Cs+]
ord-7e36385bcc0c400fb6d43f0b2d0257ca,Solvent,SOLVENT,SMILES,C1COCCO1
ord-7e36385bcc0c400fb6d43f0b2d0257ca,amine,REACTANT,SMILES,CC(=O)N1CCN(CC1)C2=CC(=C(C=C2)N)OC
ord-7e36385bcc0c400fb6d43f0b2d0257ca,aryl halide,REACTANT,SMILES,CC1=CN=C(N=C1C2=CN(C3=CC=CC=C32)S(=O)(=O)C4=CC=CC=C4)Cl
ord-7e36385bcc0c400fb6d43f0b2d0257ca,metal and ligand,CATALYST,SMILES,CC1(C2=C(C(=CC=C2)P(C3=CC=CC=C3)C4=CC=CC=C4)OC5=C1C=CC=C5P(C6=CC=CC=C6)C7=CC=CC=C7)C
ord-7e36385bcc0c400fb6d43f0b2d0257ca,metal and ligand,CATALYST,SMILES,CC(=O)O.CC(=O)O.[Pd]
ord-7e36385bcc0c400fb6d43f0b2d0257ca,metal and ligand,CATALYST,SMILES,CC1(C2=C(C(=CC=C2)P(C3=CC=CC=C3)C4=CC=CC=C4)OC5=C1C=CC=C5P(C6=CC=CC=C6)C7=CC=CC=C7)C
ord-7e36385bcc0c400fb6d43f0b2d0257ca,metal and ligand,CATALYST,SMILES,CC(=O)O.CC(=O)O.[Pd]
ord-f88e9fa13a294cdea3238d7489919aa6,Base,REAGENT,SMILES,C(=O)([O-])[O-].[Cs+].[Cs+]
ord-f88e9fa13a294cdea3238d7489919aa6,Solvent,SOLVENT,SMILES,C1COCCO1
ord-f88e9fa13a294cdea3238d7489919aa6,amine,REACTANT,SMILES,CC1=NC=C(N1C2CCOCC2)C3=NC(=NC=C3F)N
ord-f88e9fa13a294cdea3238d7489919aa6,aryl halide,REACTANT,SMILES,C1COCCN1CC2=CC=C(C=C2)Br
ord-f88e9fa13a294cdea3238d7489919aa6,metal and ligand,CATALYST,SMILES,CC1(C2=C(C(=CC=C2)P(C3=CC=CC=C3)C4=CC=CC=C4)OC5=C1C=CC=C5P(C6=CC=CC=C6)C7=CC=CC=C7)C
ord-f88e9fa13a294cdea3238d7489919aa6,metal and ligand,CATALYST,SMILES,C1=CC=C(C=C1)/C=C/C(=O)/C=C/C2=CC=CC=C2.C1=CC=C(C=C1)/C=C/C(=O)/C=C/C2=CC=CC=C2.C1=CC=C(C=C1)/C=C/C(=O)/C=C/C2=CC=CC=C2.[Pd].[Pd]
ord-f88e9fa13a294cdea3238d7489919aa6,metal and ligand,CATALYST,SMILES,CC1(C2=C(C(=CC=C2)P(C3=CC=CC=C3)C4=CC=CC=C4)OC5=C1C=CC=C5P(C6=CC=CC=C6)C7=CC=CC=C7)C
ord-f88e9fa13a294cdea3238d7489919aa6,metal and ligand,CATALYST,SMILES,C1=CC=C(C=C1)/C=C/C(=O)/C=C/C2=CC=CC=C2.C1=CC=C(C=C1)/C=C/C(=O)/C=C/C2=CC=CC=C2.C1=CC=C(C=C1)/C=C/C(=O)/C=C/C2=CC=CC=C2.[Pd].[Pd]
ord-d9c01183b125484eaefa04bec0d028ca,Base,REAGENT,SMILES,CCC(C)(C)[O-].[Na+]
ord-d9c01183b125484eaefa04bec0d028ca,Solvent,SOLVENT,SMILES,CC1=CC=CC=C1
ord-d9c01183b125484eaefa04bec0d028ca,amine,REACTANT,SMILES,CC1=NC=C(N1C2CCOCC2)C3=NC(=NC=C3F)N
ord-d9c01183b125484eaefa04bec0d028ca,aryl halide,REACTANT,SMILES,C1COCCN1CC2=CC=C(C=C2)Br
ord-d9c01183b125484eaefa04bec0d028ca,metal and ligand,CATALYST,SMILES,CC1(C2=C(C(=CC=C2)P(C3=CC=CC=C3)C4=CC=CC=C4)OC5=C1C=CC=C5P(C6=CC=CC=C6)C7=CC=CC=C7)C
ord-d9c01183b125484eaefa04bec0d028ca,metal and ligand,CATALYST,SMILES,C1=CC=C(C=C1)/C=C/C(=O)/C=C/C2=CC=CC=C2.C1=CC=C(C=C1)/C=C/C(=O)/C=C/C2=CC=CC=C2.C1=CC=C(C=C1)/C=C/C(=O)/C=C/C2=CC=CC=C2.[Pd].[Pd]
ord-d9c01183b125484eaefa04bec0d028ca,metal and ligand,CATALYST,SMILES,CC1(C2=C(C(=CC=C2)P(C3=CC=CC=C3)C4=CC=CC=C4)OC5=C1C=CC=C5P(C6=CC=CC=C6)C7=CC=CC=C7)C
ord-d9c01183b125484eaefa04bec0d028ca,metal and ligand,CATALYST,SMILES,C1=CC=C(C=C1)/C=C/C(=O)/C=C/C2=CC=CC=C2.C1=CC=C(C=C1)/C=C/C(=O)/C=C/C2=CC=CC=C2.C1=CC=C(C=C1)/C=C/C(=O)/C=C/C2=CC=CC=C2.[Pd].[Pd]
ord-834b5e1dd58a47728397e6966452dba7,Base,REAGENT,SMILES,CCC(C)(C)[O-].[Na+]
ord-834b5e1dd58a47728397e6966452dba7,Solvent,SOLVENT,SMILES,CC1=CC=CC=C1
ord-834b5e1dd58a47728397e6966452dba7,amine,REACTANT,SMILES,CC1=NC=C(N1C2CCOCC2)C3=NC(=NC=C3F)N
ord-834b5e1dd58a47728397e6966452dba7,aryl halide,REACTANT,SMILES,C1COCCN1CC2=CC=C(C=C2)Br
ord-834b5e1dd58a47728397e6966452dba7,metal and ligand,CATALYST,SMILES,CC1(C2=C(C(=CC=C2)P(C3=CC=CC=C3)C4=CC=CC=C4)OC5=C1C=CC=C5P(C6=CC=CC=C6)C7=CC=CC=C7)C
ord-834b5e1dd58a47728397e6966452dba7,metal and ligand,CATALYST,SMILES,C1=CC=C(C=C1)/C=C/C(=O)/C=C/C2=CC=CC=C2.C1=CC=C(C=C1)/C=C/C(=O)/C=C/C2=CC=CC=C2.C1=CC=C(C=C1)/C=C/C(=O)/C=C/C2=CC=CC=C2.[Pd].[Pd]
ord-834b5e1dd58a47728397e6966452dba7,metal and ligand,CATALYST,SMILES,CC1(C2=C(C(=CC=C2)P(C3=CC=CC=C3)C4=CC=CC=C4)OC5=C1C=CC=C5P(C6=CC=CC=C6)C7=CC=CC=C7)C
ord-834b5e1dd58a47728397e6966452dba7,metal and ligand,CATALYST,SMILES,C1=CC=C(C=C1)/C=C/C(=O)/C=C/C2=CC=CC=C2.C1=CC=C(C=C1)/C=C/C(=O)/C=C/C2=CC=CC=C2.C1=CC=C(C=C1)/C=C/C(=O)/C=C/C2=CC=CC=C2.[Pd].[Pd]
ord-dd820c31fef4456fb96fcbe0cfbfed80,Base,REAGENT,SMILES,CCC(C)(C)[O-].[Na+]
ord-dd820c31fef4456fb96fcbe0cfbfed80,Solvent,SOLVENT,SMILES,CCCCOC(=O)C
ord-dd820c31fef4456fb96fcbe0cfbfed80,amine,REACTANT,SMILES,CC1=NC=C(N1C2CCOCC2)C3=NC(=NC=C3F)N
ord-dd820c31fef4456fb96fcbe0cfbfed80,aryl halide,REACTANT,SMILES,C1COCCN1CC2=CC=C(C=C2)Br
ord-dd820c31fef4456fb96fcbe0cfbfed80,metal and ligand,CATALYST,SMILES,CC(C)C1=CC(=C(C(=C1)C(C)C)C2=CC=CC=C2P(C3CCCCC3)C4CCCCC4)C(C)C
ord-dd820c31fef4456fb96fcbe0cfbfed80,metal and ligand,CATALYST,SMILES,C1=CC=C(C=C1)/C=C/C(=O)/C=C/C2=CC=CC=C2.C1=CC=C(C=C1)/C=C/C(=O)/C=C/C2=CC=CC=C2.C1=CC=C(C=C1)/C=C/C(=O)/C=C/C2=CC=CC=C2.[Pd].[Pd]
ord-dd820c31fef4456fb96fcbe0cfbfed80,metal and ligand,CATALYST,SMILES,CC(C)C1=CC(=C(C(=C1)C(C)C)C2=CC=CC=C2P(C3CCCCC3)C4CCCCC4)C(C)C
ord-dd820c31fef4456fb96fcbe0cfbfed80,metal and ligand,CATALYST,SMILES,C1=CC=C(C=C1)/C=C/C(=O)/C=C/C2=CC=CC=C2.C1=CC=C(C=C1)/C=C/C(=O)/C=C/C2=CC=CC=C2.C1=CC=C(C=C1)/C=C/C(=O)/C=C/C2=CC=CC=C2.[Pd].[Pd]
ord-cd2546f9579b48aea10fbe2e69f5f598,Base,REAGENT,SMILES,CCC(C)(C)[O-].[Na+]
ord-cd2546f9579b48aea10fbe2e69f5f598,Solvent,SOLVENT,SMILES,CC1=CC=CC=C1
ord-cd2546f9579b48aea10fbe2e69f5f598,amine,REACTANT,SMILES,CC1=NC=C(N1C2CCOCC2)C3=NC(=NC=C3F)N
ord-cd2546f9579b48aea10fbe2e69f5f598,aryl halide,REACTANT,SMILES,C1COCCN1CC2=CC=C(C=C2)Br
ord-cd2546f9579b48aea10fbe2e69f5f598,metal and ligand,CATALYST,SMILES,CC1(C2=C(C(=CC=C2)P(C3=CC=CC=C3)C4=CC=CC=C4)OC5=C1C=CC=C5P(C6=CC=CC=C6)C7=CC=CC=C7)C
ord-cd2546f9579b48aea10fbe2e69f5f598,metal and ligand,CATALYST,SMILES,C1=CC=C(C=C1)/C=C/C(=O)/C=C/C2=CC=CC=C2.C1=CC=C(C=C1)/C=C/C(=O)/C=C/C2=CC=CC=C2.C1=CC=C(C=C1)/C=C/C(=O)/C=C/C2=CC=CC=C2.[Pd].[Pd]
ord-cd2546f9579b48aea10fbe2e69f5f598,metal and ligand,CATALYST,SMILES,CC1(C2=C(C(=CC=C2)P(C3=CC=CC=C3)C4=CC=CC=C4)OC5=C1C=CC=C5P(C6=CC=CC=C6)C7=CC=CC=C7)C
ord-cd2546f9579b48aea10fbe2e69f5f598,metal and ligand,CATALYST,SMILES,C1=CC=C(C=C1)/C=C/C(=O)/C=C/C2=CC=CC=C2.C1=CC=C(C=C1)/C=C/C(=O)/C=C/C2=CC=CC=C2.C1=CC=C(C=C1)/C=C/C(=O)/C=C/C2=CC=CC=C2.[Pd].[Pd]
ord-2da26b5c3d4b493b8e03d8304123e4fe,Base,REAGENT,SMILES,CCC(C)(C)[O-].[Na+]
ord-2da26b5c3d4b493b8e03d8304123e4fe,Solvent,SOLVENT,SMILES,CC1=CC=CC=C1
ord-2da26b5c3d4b493b8e03d8304123e4fe,amine,REACTANT,SMILES,CC1=NC=C(N1C2CCOCC2)C3=NC(=NC=C3F)N
ord-2da26b5c3d4b493b8e03d8304123e4fe,aryl halide,REACTANT,SMILES,C1COCCN1CC2=CC=C(C=C2)Br
ord-2da26b5c3d4b493b8e03d8304123e4fe,metal and ligand,CATALYST,SMILES,CC1(C2=C(C(=CC=C2)P(C3=CC=CC=C3)C4=CC=CC=C4)OC5=C1C=CC=C5P(C6=CC=CC=C6)C7=CC=CC=C7)C
ord-2da26b5c3d4b493b8e03d8304123e4fe,metal and ligand,CATALYST,SMILES,C1=CC=C(C=C1)/C=C/C(=O)/C=C/C2=CC=CC=C2.C1=CC=C(C=C1)/C=C/C(=O)/C=C/C2=CC=CC=C2.C1=CC=C(C=C1)/C=C/C(=O)/C=C/C2=CC=CC=C2.[Pd].[Pd]
ord-2da26b5c3d4b493b8e03d8304123e4fe,metal and ligand,CATALYST,SMILES,CC1(C2=C(C(=CC=C2)P(C3=CC=CC=C3)C4=CC=CC=C4)OC5=C1C=CC=C5P(C6=CC=CC=C6)C7=CC=CC=C7)C
ord-2da26b5c3d4b493b8e03d8304123e4fe,metal and ligand,CATALYST,SMILES,C1=CC=C(C=C1)/C=C/C(=O)/C=C/C2=CC=CC=C2.C1=CC=C(C=C1)/C=C/C(=O)/C=C/C2=CC=CC=C2.C1=CC=C(C=C1)/C=C/C(=O)/C=C/C2=CC=CC=C2.[Pd].[Pd]
ord-bd19c64fd71c4dc0a1f39c0c85d4d230,Base,REAGENT,SMILES,CCC(C)(C)[O-].[Na+]
ord-bd19c64fd71c4dc0a1f39c0c85d4d230,Solvent,SOLVENT,SMILES,COCCOC
ord-bd19c64fd71c4dc0a1f39c0c85d4d230,amine,REACTANT,SMILES,CC1=NC=C(N1C2CCOCC2)C3=NC(=NC=C3F)N
ord-bd19c64fd71c4dc0a1f39c0c85d4d230,aryl halide,REACTANT,SMILES,C1COCCN1CC2=CC=C(C=C2)Br
ord-bd19c64fd71c4dc0a1f39c0c85d4d230,metal and ligand,CATALYST,SMILES,CC(C1CCCC1P(C2CCCCC2)C3CCCCC3)P(C(C)(C)C)C(C)(C)C.C1CCCC1.[Fe]
ord-bd19c64fd71c4dc0a1f39c0c85d4d230,metal and ligand,CATALYST,SMILES,CC(=O)O.CC(=O)O.[Pd]
ord-bd19c64fd71c4dc0a1f39c0c85d4d230,metal and ligand,CATALYST,SMILES,CC(C1CCCC1P(C2CCCCC2)C3CCCCC3)P(C(C)(C)C)C(C)(C)C.C1CCCC1.[Fe]
ord-bd19c64fd71c4dc0a1f39c0c85d4d230,metal and ligand,CATALYST,SMILES,CC(=O)O.CC(=O)O.[Pd]
ord-61d7c948e79b47fd9fd72f241c80d4f1,Base,REAGENT,SMILES,C(=O)([O-])[O-].[Cs+].[Cs+]
ord-61d7c948e79b47fd9fd72f241c80d4f1,Solvent,SOLVENT,SMILES,C1COCCO1
ord-61d7c948e79b47fd9fd72f241c80d4f1,amine,REACTANT,SMILES,CC1=C(C(=NN1C)C)N
ord-61d7c948e79b47fd9fd72f241c80d4f1,aryl halide,REACTANT,SMILES,CNC(=O)C1=CC=CC=C1NC2=CC(=NC=C2C(F)(F)F)Cl
ord-61d7c948e79b47fd9fd72f241c80d4f1,metal and ligand,CATALYST,SMILES,CC1(C2=C(C(=CC=C2)P(C3=CC=CC=C3)C4=CC=CC=C4)OC5=C1C=CC=C5P(C6=CC=CC=C6)C7=CC=CC=C7)C
ord-61d7c948e79b47fd9fd72f241c80d4f1,metal and ligand,CATALYST,SMILES,CC(=O)O.CC(=O)O.[Pd]
ord-61d7c948e79b47fd9fd72f241c80d4f1,metal and ligand,CATALYST,SMILES,CC1(C2=C(C(=CC=C2)P(C3=CC=CC=C3)C4=CC=CC=C4)OC5=C1C=CC=C5P(C6=CC=CC=C6)C7=CC=CC=C7)C
ord-61d7c948e79b47fd9fd72f241c80d4f1,metal and ligand,CATALYST,SMILES,CC(=O)O.CC(=O)O.[Pd]
ord-23579b28ef824d8ba8083ac0e9a7b70a,Base,REAGENT,SMILES,CC(C)(C)[O-].[Na+]
ord-23579b28ef824d8ba8083ac0e9a7b70a,Solvent,SOLVENT,SMILES,COCCOC
ord-23579b28ef824d8ba8083ac0e9a7b70a,amine,REACTANT,SMILES,CC1=NN(C=C1N)C
ord-23579b28ef824d8ba8083ac0e9a7b70a,aryl halide,REACTANT,SMILES,CNC(=O)C1=CC=CC=C1NC2=CC(=NC=C2Cl)Cl
ord-23579b28ef824d8ba8083ac0e9a7b70a,metal and ligand,CATALYST,SMILES,CC(C1CCCC1P(C2CCCCC2)C3CCCCC3)P(C(C)(C)C)C(C)(C)C.C1CCCC1.[Fe]
ord-23579b28ef824d8ba8083ac0e9a7b70a,metal and ligand,CATALYST,SMILES,CC(=O)O.CC(=O)O.[Pd]
ord-23579b28ef824d8ba8083ac0e9a7b70a,metal and ligand,CATALYST,SMILES,CC(C1CCCC1P(C2CCCCC2)C3CCCCC3)P(C(C)(C)C)C(C)(C)C.C1CCCC1.[Fe]
ord-23579b28ef824d8ba8083ac0e9a7b70a,metal and ligand,CATALYST,SMILES,CC(=O)O.CC(=O)O.[Pd]
ord-0eb7fc5c164b43bc9a05a46e98a37b12,Base,REAGENT,SMILES,CC(C)(C)[O-].[Na+]
ord-0eb7fc5c164b43bc9a05a46e98a37b12,Solvent,SOLVENT,SMILES,CC1=CC=CC=C1
ord-0eb7fc5c164b43bc9a05a46e98a37b12,amine,REACTANT,SMILES,COC1=C2C(=CC=C1)SC(=N2)N
ord-0eb7fc5c164b43bc9a05a46e98a37b12,aryl halide,REACTANT,SMILES,C1=CC=C(C=C1)I
ord-0eb7fc5c164b43bc9a05a46e98a37b12,metal and ligand,CATALYST,SMILES,CC1(C2=C(C(=CC=C2)P(C3=CC=CC=C3)C4=CC=CC=C4)OC5=C1C=CC=C5P(C6=CC=CC=C6)C7=CC=CC=C7)C
ord-0eb7fc5c164b43bc9a05a46e98a37b12,metal and ligand,CATALYST,SMILES,C1=CC=C(C=C1)/C=C/C(=O)/C=C/C2=CC=CC=C2.C1=CC=C(C=C1)/C=C/C(=O)/C=C/C2=CC=CC=C2.C1=CC=C(C=C1)/C=C/C(=O)/C=C/C2=CC=CC=C2.[Pd].[Pd]
ord-0eb7fc5c164b43bc9a05a46e98a37b12,metal and ligand,CATALYST,SMILES,CC1(C2=C(C(=CC=C2)P(C3=CC=CC=C3)C4=CC=CC=C4)OC5=C1C=CC=C5P(C6=CC=CC=C6)C7=CC=CC=C7)C
ord-0eb7fc5c164b43bc9a05a46e98a37b12,metal and ligand,CATALYST,SMILES,C1=CC=C(C=C1)/C=C/C(=O)/C=C/C2=CC=CC=C2.C1=CC=C(C=C1)/C=C/C(=O)/C=C/C2=CC=CC=C2.C1=CC=C(C=C1)/C=C/C(=O)/C=C/C2=CC=CC=C2.[Pd].[Pd]
ord-af3871564adb47f28d81d03aed7b6196,Base,REAGENT,SMILES,C(=O)([O-])[O-].[Cs+].[Cs+]
ord-af3871564adb47f28d81d03aed7b6196,Solvent,SOLVENT,SMILES,CC(=O)N(C)C
ord-af3871564adb47f28d81d03aed7b6196,amine,REACTANT,SMILES,CC(C)(C)OC(=O)NC1CCNCC1
ord-af3871564adb47f28d81d03aed7b6196,aryl halide,REACTANT,SMILES,C1=CC2=NC=CC(=C2C=C1Cl)Cl
ord-af3871564adb47f28d81d03aed7b6196,metal and ligand,CATALYST,SMILES,CC1(C2=C(C(=CC=C2)P(C3=CC=CC=C3)C4=CC=CC=C4)OC5=C1C=CC=C5P(C6=CC=CC=C6)C7=CC=CC=C7)C
ord-af3871564adb47f28d81d03aed7b6196,metal and ligand,CATALYST,SMILES,CC(=O)O.CC(=O)O.[Pd]
ord-af3871564adb47f28d81d03aed7b6196,metal and ligand,CATALYST,SMILES,CC1(C2=C(C(=CC=C2)P(C3=CC=CC=C3)C4=CC=CC=C4)OC5=C1C=CC=C5P(C6=CC=CC=C6)C7=CC=CC=C7)C
ord-af3871564adb47f28d81d03aed7b6196,metal and ligand,CATALYST,SMILES,CC(=O)O.CC(=O)O.[Pd]
ord-297038d2636048ff93bf3571d541a46e,Base,REAGENT,SMILES,C(=O)([O-])[O-].[Cs+].[Cs+]
ord-297038d2636048ff93bf3571d541a46e,Solvent,SOLVENT,SMILES,C1COCCO1
ord-297038d2636048ff93bf3571d541a46e,amine,REACTANT,SMILES,CC(C)(C)OC(=O)N1CC(C1)OC2=CC(=C(C=C2)N)OC
ord-297038d2636048ff93bf3571d541a46e,aryl halide,REACTANT,SMILES,C1=CC2=NC=C(N2C=C1)C3=NC(=NC=C3Cl)Cl
ord-297038d2636048ff93bf3571d541a46e,metal and ligand,CATALYST,SMILES,CC1(C2=C(C(=CC=C2)P(C3=CC=CC=C3)C4=CC=CC=C4)OC5=C1C=CC=C5P(C6=CC=CC=C6)C7=CC=CC=C7)C
ord-297038d2636048ff93bf3571d541a46e,metal and ligand,CATALYST,SMILES,CC(=O)O.CC(=O)O.[Pd]
ord-297038d2636048ff93bf3571d541a46e,metal and ligand,CATALYST,SMILES,CC1(C2=C(C(=CC=C2)P(C3=CC=CC=C3)C4=CC=CC=C4)OC5=C1C=CC=C5P(C6=CC=CC=C6)C7=CC=CC=C7)C
ord-297038d2636048ff93bf3571d541a46e,metal and ligand,CATALYST,SMILES,CC(=O)O.CC(=O)O.[Pd]
ord-203f818b7f344d11a82d6bc3539ff565,Base,REAGENT,SMILES,C(=O)([O-])[O-].[Cs+].[Cs+]
ord-203f818b7f344d11a82d6bc3539ff565,Solvent,SOLVENT,SMILES,C1COCCO1
ord-203f818b7f344d11a82d6bc3539ff565,amine,REACTANT,SMILES,C1=CC=C(C=C1)N
ord-203f818b7f344d11a82d6bc3539ff565,aryl halide,REACTANT,SMILES,C1=CN=C(C=C1Cl)Cl
ord-203f818b7f344d11a82d6bc3539ff565,metal and ligand,CATALYST,SMILES,CC1(C2=C(C(=CC=C2)P(C3=CC=CC=C3)C4=CC=CC=C4)OC5=C1C=CC=C5P(C6=CC=CC=C6)C7=CC=CC=C7)C
ord-203f818b7f344d11a82d6bc3539ff565,metal and ligand,CATALYST,SMILES,CC(=O)O.CC(=O)O.[Pd]
ord-203f818b7f344d11a82d6bc3539ff565,metal and ligand,CATALYST,SMILES,CC1(C2=C(C(=CC=C2)P(C3=CC=CC=C3)C4=CC=CC=C4)OC5=C1C=CC=C5P(C6=CC=CC=C6)C7=CC=CC=C7)C
ord-203f818b7f344d11a82d6bc3539ff565,metal and ligand,CATALYST,SMILES,CC(=O)O.CC(=O)O.[Pd]
ord-208592f898674435bb2768eefbc02bfd,Base,REAGENT,SMILES,C(=O)([O-])[O-].[Cs+].[Cs+]
ord-208592f898674435bb2768eefbc02bfd,Solvent,SOLVENT,SMILES,C1COCCO1
ord-208592f898674435bb2768eefbc02bfd,amine,REACTANT,SMILES,CN1C(=CC=N1)N
ord-208592f898674435bb2768eefbc02bfd,aryl halide,REACTANT,SMILES,CNC(=O)C1=CC=CC=C1NC2=CC(=NC=C2C(F)(F)F)Cl
ord-208592f898674435bb2768eefbc02bfd,metal and ligand,CATALYST,SMILES,CC1(C2=C(C(=CC=C2)P(C3=CC=CC=C3)C4=CC=CC=C4)OC5=C1C=CC=C5P(C6=CC=CC=C6)C7=CC=CC=C7)C
ord-208592f898674435bb2768eefbc02bfd,metal and ligand,CATALYST,SMILES,CC(=O)O.CC(=O)O.[Pd]
ord-208592f898674435bb2768eefbc02bfd,metal and ligand,CATALYST,SMILES,CC1(C2=C(C(=CC=C2)P(C3=CC=CC=C3)C4=CC=CC=C4)OC5=C1C=CC=C5P(C6=CC=CC=C6)C7=CC=CC=C7)C
ord-208592f898674435bb2768eefbc02bfd,metal and ligand,CATALYST,SMILES,CC(=O)O.CC(=O)O.[Pd]
ord-f216b4e86bcc4a2b8660bf0c5e130be5,Base,REAGENT,SMILES,C(=O)([O-])[O-].[Cs+].[Cs+]
ord-f216b4e86bcc4a2b8660bf0c5e130be5,Solvent,SOLVENT,SMILES,C1COCCO1
ord-f216b4e86bcc4a2b8660bf0c5e130be5,amine,REACTANT,SMILES,CNC(=O)C1=CC=CC=C1N
ord-f216b4e86bcc4a2b8660bf0c5e130be5,aryl halide,REACTANT,SMILES,C1=C(C(=CN=C1Cl)C(F)(F)F)I
ord-f216b4e86bcc4a2b8660bf0c5e130be5,metal and ligand,CATALYST,SMILES,CC1(C2=C(C(=CC=C2)P(C3=CC=CC=C3)C4=CC=CC=C4)OC5=C1C=CC=C5P(C6=CC=CC=C6)C7=CC=CC=C7)C
ord-f216b4e86bcc4a2b8660bf0c5e130be5,metal and ligand,CATALYST,SMILES,CC(=O)O.CC(=O)O.[Pd]
ord-f216b4e86bcc4a2b8660bf0c5e130be5,metal and ligand,CATALYST,SMILES,CC1(C2=C(C(=CC=C2)P(C3=CC=CC=C3)C4=CC=CC=C4)OC5=C1C=CC=C5P(C6=CC=CC=C6)C7=CC=CC=C7)C
ord-f216b4e86bcc4a2b8660bf0c5e130be5,metal and ligand,CATALYST,SMILES,CC(=O)O.CC(=O)O.[Pd]
ord-d638b772d95f46ee990c617a7a9864d8,Base,REAGENT,SMILES,C(=O)([O-])[O-].[Cs+].[Cs+]
ord-d638b772d95f46ee990c617a7a9864d8,Solvent,SOLVENT,SMILES,C1COCCO1
ord-d638b772d95f46ee990c617a7a9864d8,amine,REACTANT,SMILES,CNC(=O)C1=CC=CC=C1N
ord-d638b772d95f46ee990c617a7a9864d8,aryl halide,REACTANT,SMILES,C1=C(C(=CN=C1Cl)C(F)(F)F)I
ord-d638b772d95f46ee990c617a7a9864d8,metal and ligand,CATALYST,SMILES,CC1(C2=C(C(=CC=C2)P(C3=CC=CC=C3)C4=CC=CC=C4)OC5=C1C=CC=C5P(C6=CC=CC=C6)C7=CC=CC=C7)C
ord-d638b772d95f46ee990c617a7a9864d8,metal and ligand,CATALYST,SMILES,CC(=O)O.CC(=O)O.[Pd]
ord-d638b772d95f46ee990c617a7a9864d8,metal and ligand,CATALYST,SMILES,CC1(C2=C(C(=CC=C2)P(C3=CC=CC=C3)C4=CC=CC=C4)OC5=C1C=CC=C5P(C6=CC=CC=C6)C7=CC=CC=C7)C
ord-d638b772d95f46ee990c617a7a9864d8,metal and ligand,CATALYST,SMILES,CC(=O)O.CC(=O)O.[Pd]
ord-59518020213f4a99980578b9463ad852,Base,REAGENT,SMILES,C(=O)([O-])[O-].[Cs+].[Cs+]
ord-59518020213f4a99980578b9463ad852,Solvent,SOLVENT,SMILES,C1COCCO1
ord-59518020213f4a99980578b9463ad852,amine,REACTANT,SMILES,CNC(=O)C1=CC=CC=C1N
ord-59518020213f4a99980578b9463ad852,aryl halide,REACTANT,SMILES,C1=C(C(=CN=C1Cl)C(F)(F)F)I
ord-59518020213f4a99980578b9463ad852,metal and ligand,CATALYST,SMILES,CC1(C2=C(C(=CC=C2)P(C3=CC=CC=C3)C4=CC=CC=C4)OC5=C1C=CC=C5P(C6=CC=CC=C6)C7=CC=CC=C7)C
ord-59518020213f4a99980578b9463ad852,metal and ligand,CATALYST,SMILES,CC(=O)O.CC(=O)O.[Pd]
ord-59518020213f4a99980578b9463ad852,metal and ligand,CATALYST,SMILES,CC1(C2=C(C(=CC=C2)P(C3=CC=CC=C3)C4=CC=CC=C4)OC5=C1C=CC=C5P(C6=CC=CC=C6)C7=CC=CC=C7)C
ord-59518020213f4a99980578b9463ad852,metal and ligand,CATALYST,SMILES,CC(=O)O.CC(=O)O.[Pd]
ord-1d2fdaa081974f57a1f1449ebd3c7c9a,Base,REAGENT,SMILES,C(=O)([O-])[O-].[Cs+].[Cs+]
ord-1d2fdaa081974f57a1f1449ebd3c7c9a,Solvent,SOLVENT,SMILES,C1COCCO1
ord-1d2fdaa081974f57a1f1449ebd3c7c9a,amine,REACTANT,SMILES,CC(C)(C)OC(=O)N1CCC(CC1)(CN=C(C2=CC=CC=C2)C3=CC=CC=C3)C(=O)N
ord-1d2fdaa081974f57a1f1449ebd3c7c9a,aryl halide,REACTANT,SMILES,C1=CN=C(C=C1C(F)(F)F)Br
ord-1d2fdaa081974f57a1f1449ebd3c7c9a,metal and ligand,CATALYST,SMILES,CC1(C2=C(C(=CC=C2)P(C3=CC=CC=C3)C4=CC=CC=C4)OC5=C1C=CC=C5P(C6=CC=CC=C6)C7=CC=CC=C7)C
ord-1d2fdaa081974f57a1f1449ebd3c7c9a,metal and ligand,CATALYST,SMILES,CC(=O)O.CC(=O)O.[Pd]
ord-1d2fdaa081974f57a1f1449ebd3c7c9a,metal and ligand,CATALYST,SMILES,CC1(C2=C(C(=CC=C2)P(C3=CC=CC=C3)C4=CC=CC=C4)OC5=C1C=CC=C5P(C6=CC=CC=C6)C7=CC=CC=C7)C
ord-1d2fdaa081974f57a1f1449ebd3c7c9a,metal and ligand,CATALYST,SMILES,CC(=O)O.CC(=O)O.[Pd]
ord-57be3c43ca2f40d482cab5a1bd42b5d5,Base,REAGENT,SMILES,C(=O)([O-])[O-].[Cs+].[Cs+]
ord-57be3c43ca2f40d482cab5a1bd42b5d5,Solvent,SOLVENT,SMILES,CC1=CC=CC=C1
ord-57be3c43ca2f40d482cab5a1bd42b5d5,amine,REACTANT,SMILES,CC(=O)N1CCNCC1
ord-57be3c43ca2f40d482cab5a1bd42b5d5,aryl halide,REACTANT,SMILES,CC1=C(C=CC=C1Br)[N+](=O)[O-]
ord-57be3c43ca2f40d482cab5a1bd42b5d5,metal and ligand,CATALYST,SMILES,CC1(C2=C(C(=CC=C2)P(C3=CC=CC=C3)C4=CC=CC=C4)OC5=C1C=CC=C5P(C6=CC=CC=C6)C7=CC=CC=C7)C
ord-57be3c43ca2f40d482cab5a1bd42b5d5,metal and ligand,CATALYST,SMILES,CC(=O)O.CC(=O)O.[Pd]
ord-57be3c43ca2f40d482cab5a1bd42b5d5,metal and ligand,CATALYST,SMILES,CC1(C2=C(C(=CC=C2)P(C3=CC=CC=C3)C4=CC=CC=C4)OC5=C1C=CC=C5P(C6=CC=CC=C6)C7=CC=CC=C7)C
ord-57be3c43ca2f40d482cab5a1bd42b5d5,metal and ligand,CATALYST,SMILES,CC(=O)O.CC(=O)O.[Pd]
ord-2bb50d74d5eb4051be498e22a50f1370,Base,REAGENT,SMILES,C(=O)([O-])[O-].[Cs+].[Cs+]
ord-2bb50d74d5eb4051be498e22a50f1370,Solvent,SOLVENT,SMILES,C1COCCO1
ord-2bb50d74d5eb4051be498e22a50f1370,amine,REACTANT,SMILES,CNC(=O)C1=C(C=CC(=C1)F)N
ord-2bb50d74d5eb4051be498e22a50f1370,aryl halide,REACTANT,SMILES,C1=C(C(=CN=C1Cl)Cl)I
ord-2bb50d74d5eb4051be498e22a50f1370,metal and ligand,CATALYST,SMILES,CC1(C2=C(C(=CC=C2)P(C3=CC=CC=C3)C4=CC=CC=C4)OC5=C1C=CC=C5P(C6=CC=CC=C6)C7=CC=CC=C7)C
ord-2bb50d74d5eb4051be498e22a50f1370,metal and ligand,CATALYST,SMILES,CC(=O)O.CC(=O)O.[Pd]
ord-2bb50d74d5eb4051be498e22a50f1370,metal and ligand,CATALYST,SMILES,CC1(C2=C(C(=CC=C2)P(C3=CC=CC=C3)C4=CC=CC=C4)OC5=C1C=CC=C5P(C6=CC=CC=C6)C7=CC=CC=C7)C
ord-2bb50d74d5eb4051be498e22a50f1370,metal and ligand,CATALYST,SMILES,CC(=O)O.CC(=O)O.[Pd]
ord-2d4104aef43247ff855d465ce3910528,Base,REAGENT,SMILES,CC(C)(C)[O-].[K+]
ord-2d4104aef43247ff855d465ce3910528,Solvent,SOLVENT,SMILES,C1COCCO1
ord-2d4104aef43247ff855d465ce3910528,amine,REACTANT,SMILES,C1=CC(=CC=C1C#N)N
ord-2d4104aef43247ff855d465ce3910528,aryl halide,REACTANT,SMILES,C1CCC(CC1)NC(=O)C2=CN=C(C=C2)Cl
ord-2d4104aef43247ff855d465ce3910528,metal and ligand,CATALYST,SMILES,C1=CC=C(C=C1)P(C2=CC=CC=C2)C3=C(C4=CC=CC=C4C=C3)C5=C(C=CC6=CC=CC=C65)P(C7=CC=CC=C7)C8=CC=CC=C8
ord-2d4104aef43247ff855d465ce3910528,metal and ligand,CATALYST,SMILES,C1=CC=C(C=C1)/C=C/C(=O)/C=C/C2=CC=CC=C2.C1=CC=C(C=C1)/C=C/C(=O)/C=C/C2=CC=CC=C2.C1=CC=C(C=C1)/C=C/C(=O)/C=C/C2=CC=CC=C2.[Pd].[Pd]
ord-2d4104aef43247ff855d465ce3910528,metal and ligand,CATALYST,SMILES,C1=CC=C(C=C1)P(C2=CC=CC=C2)C3=C(C4=CC=CC=C4C=C3)C5=C(C=CC6=CC=CC=C65)P(C7=CC=CC=C7)C8=CC=CC=C8
ord-2d4104aef43247ff855d465ce3910528,metal and ligand,CATALYST,SMILES,C1=CC=C(C=C1)/C=C/C(=O)/C=C/C2=CC=CC=C2.C1=CC=C(C=C1)/C=C/C(=O)/C=C/C2=CC=CC=C2.C1=CC=C(C=C1)/C=C/C(=O)/C=C/C2=CC=CC=C2.[Pd].[Pd]
ord-f86ba050900b4317a90d58cd76e4f1c2,Base,REAGENT,SMILES,C(=O)([O-])[O-].[Cs+].[Cs+]
ord-f86ba050900b4317a90d58cd76e4f1c2,Solvent,SOLVENT,SMILES,COCCOC
ord-f86ba050900b4317a90d58cd76e4f1c2,amine,REACTANT,SMILES,CC1=NN(C=C1N)C
ord-f86ba050900b4317a90d58cd76e4f1c2,aryl halide,REACTANT,SMILES,CONC(=O)C1=CC=CC=C1NC2=CC(=NC=C2C(F)(F)F)Cl
ord-f86ba050900b4317a90d58cd76e4f1c2,metal and ligand,CATALYST,SMILES,CC(C1CCCC1P(C2CCCCC2)C3CCCCC3)P(C(C)(C)C)C(C)(C)C.C1CCCC1.[Fe]
ord-f86ba050900b4317a90d58cd76e4f1c2,metal and ligand,CATALYST,SMILES,CC(=O)O.CC(=O)O.[Pd]
ord-f86ba050900b4317a90d58cd76e4f1c2,metal and ligand,CATALYST,SMILES,CC(C1CCCC1P(C2CCCCC2)C3CCCCC3)P(C(C)(C)C)C(C)(C)C.C1CCCC1.[Fe]
ord-f86ba050900b4317a90d58cd76e4f1c2,metal and ligand,CATALYST,SMILES,CC(=O)O.CC(=O)O.[Pd]
ord-4dd72fee5c294abbb8cdefc25f205782,Base,REAGENT,SMILES,C(=O)([O-])[O-].[Cs+].[Cs+]
ord-4dd72fee5c294abbb8cdefc25f205782,Solvent,SOLVENT,SMILES,CC1=CC=CC=C1
ord-4dd72fee5c294abbb8cdefc25f205782,amine,REACTANT,SMILES,C1CC2=CC=CC=C2NC1
ord-4dd72fee5c294abbb8cdefc25f205782,aryl halide,REACTANT,SMILES,C1=CN=C(N=C1Cl)Cl
ord-4dd72fee5c294abbb8cdefc25f205782,metal and ligand,CATALYST,SMILES,CC1(C2=C(C(=CC=C2)P(C3=CC=CC=C3)C4=CC=CC=C4)OC5=C1C=CC=C5P(C6=CC=CC=C6)C7=CC=CC=C7)C
ord-4dd72fee5c294abbb8cdefc25f205782,metal and ligand,CATALYST,SMILES,C1=CC=C(C=C1)/C=C/C(=O)/C=C/C2=CC=CC=C2.C1=CC=C(C=C1)/C=C/C(=O)/C=C/C2=CC=CC=C2.C1=CC=C(C=C1)/C=C/C(=O)/C=C/C2=CC=CC=C2.[Pd].[Pd]
ord-4dd72fee5c294abbb8cdefc25f205782,metal and ligand,CATALYST,SMILES,CC1(C2=C(C(=CC=C2)P(C3=CC=CC=C3)C4=CC=CC=C4)OC5=C1C=CC=C5P(C6=CC=CC=C6)C7=CC=CC=C7)C
ord-4dd72fee5c294abbb8cdefc25f205782,metal and ligand,CATALYST,SMILES,C1=CC=C(C=C1)/C=C/C(=O)/C=C/C2=CC=CC=C2.C1=CC=C(C=C1)/C=C/C(=O)/C=C/C2=CC=CC=C2.C1=CC=C(C=C1)/C=C/C(=O)/C=C/C2=CC=CC=C2.[Pd].[Pd]
ord-2cb0b90157da471ebcc18c85cfe6adf7,Base,REAGENT,SMILES,CC(C)(C)[O-].[Na+]
ord-2cb0b90157da471ebcc18c85cfe6adf7,Solvent,SOLVENT,SMILES,COCCOC
ord-2cb0b90157da471ebcc18c85cfe6adf7,amine,REACTANT,SMILES,CC1=NN(C=C1N)C
ord-2cb0b90157da471ebcc18c85cfe6adf7,aryl halide,REACTANT,SMILES,CNC(=O)C1=CC=CC=C1NC2=CC(=NC=C2C(F)(F)F)Cl
ord-2cb0b90157da471ebcc18c85cfe6adf7,metal and ligand,CATALYST,SMILES,CC(C1CCCC1P(C2CCCCC2)C3CCCCC3)P(C(C)(C)C)C(C)(C)C.C1CCCC1.[Fe]
ord-2cb0b90157da471ebcc18c85cfe6adf7,metal and ligand,CATALYST,SMILES,CC(=O)O.CC(=O)O.[Pd]
ord-2cb0b90157da471ebcc18c85cfe6adf7,metal and ligand,CATALYST,SMILES,CC(C1CCCC1P(C2CCCCC2)C3CCCCC3)P(C(C)(C)C)C(C)(C)C.C1CCCC1.[Fe]
ord-2cb0b90157da471ebcc18c85cfe6adf7,metal and ligand,CATALYST,SMILES,CC(=O)O.CC(=O)O.[Pd]
ord-b8e52e6f1bc8459e8364a7285d41ce7c,Base,REAGENT,SMILES,C(=O)([O-])[O-].[Cs+].[Cs+]
ord-b8e52e6f1bc8459e8364a7285d41ce7c,Solvent,SOLVENT,SMILES,C1COCCO1
ord-b8e52e6f1bc8459e8364a7285d41ce7c,amine,REACTANT,SMILES,C1COC(=O)N1
ord-b8e52e6f1bc8459e8364a7285d41ce7c,aryl halide,REACTANT,SMILES,C1=CC(=CC=C1C#N)C2=CSC(=N2)Br
ord-b8e52e6f1bc8459e8364a7285d41ce7c,metal and ligand,CATALYST,SMILES,CC1(C2=C(C(=CC=C2)P(C3=CC=CC=C3)C4=CC=CC=C4)OC5=C1C=CC=C5P(C6=CC=CC=C6)C7=CC=CC=C7)C
ord-b8e52e6f1bc8459e8364a7285d41ce7c,metal and ligand,CATALYST,SMILES,CC(=O)O.CC(=O)O.[Pd]
ord-b8e52e6f1bc8459e8364a7285d41ce7c,metal and ligand,CATALYST,SMILES,CC1(C2=C(C(=CC=C2)P(C3=CC=CC=C3)C4=CC=CC=C4)OC5=C1C=CC=C5P(C6=CC=CC=C6)C7=CC=CC=C7)C
ord-b8e52e6f1bc8459e8364a7285d41ce7c,metal and ligand,CATALYST,SMILES,CC(=O)O.CC(=O)O.[Pd]
ord-96575886127b4df4af262fbd2602568c,Base,REAGENT,SMILES,C(=O)([O-])[O-].[Cs+].[Cs+]
ord-96575886127b4df4af262fbd2602568c,Solvent,SOLVENT,SMILES,C1COCCO1
ord-96575886127b4df4af262fbd2602568c,amine,REACTANT,SMILES,CNC(=O)C1=C(C=C(C=C1)F)NC2=CC(=NC=C2Cl)Cl
ord-96575886127b4df4af262fbd2602568c,aryl halide,REACTANT,SMILES,CC1=NN(C=C1N)C.Cl.Cl
ord-96575886127b4df4af262fbd2602568c,metal and ligand,CATALYST,SMILES,CC1(C2=C(C(=CC=C2)P(C3=CC=CC=C3)C4=CC=CC=C4)OC5=C1C=CC=C5P(C6=CC=CC=C6)C7=CC=CC=C7)C
ord-96575886127b4df4af262fbd2602568c,metal and ligand,CATALYST,SMILES,CC(=O)O.CC(=O)O.[Pd]
ord-96575886127b4df4af262fbd2602568c,metal and ligand,CATALYST,SMILES,CC1(C2=C(C(=CC=C2)P(C3=CC=CC=C3)C4=CC=CC=C4)OC5=C1C=CC=C5P(C6=CC=CC=C6)C7=CC=CC=C7)C
ord-96575886127b4df4af262fbd2602568c,metal and ligand,CATALYST,SMILES,CC(=O)O.CC(=O)O.[Pd]
ord-0781cd6f039348aeb189dfde52dad6f2,Base,REAGENT,SMILES,C(=O)([O-])[O-].[Cs+].[Cs+]
ord-0781cd6f039348aeb189dfde52dad6f2,Solvent,SOLVENT,SMILES,CC(=O)N(C)C
ord-0781cd6f039348aeb189dfde52dad6f2,amine,REACTANT,SMILES,C1OC2=CC=CC(=C2O1)N
ord-0781cd6f039348aeb189dfde52dad6f2,aryl halide,REACTANT,SMILES,C1CC1C(=O)NC2=NC=CC(=C2)Cl
ord-0781cd6f039348aeb189dfde52dad6f2,metal and ligand,CATALYST,SMILES,CC1(C2=C(C(=CC=C2)P(C3=CC=CC=C3)C4=CC=CC=C4)OC5=C1C=CC=C5P(C6=CC=CC=C6)C7=CC=CC=C7)C
ord-0781cd6f039348aeb189dfde52dad6f2,metal and ligand,CATALYST,SMILES,CC(=O)O.CC(=O)O.[Pd]
ord-0781cd6f039348aeb189dfde52dad6f2,metal and ligand,CATALYST,SMILES,CC1(C2=C(C(=CC=C2)P(C3=CC=CC=C3)C4=CC=CC=C4)OC5=C1C=CC=C5P(C6=CC=CC=C6)C7=CC=CC=C7)C
ord-0781cd6f039348aeb189dfde52dad6f2,metal and ligand,CATALYST,SMILES,CC(=O)O.CC(=O)O.[Pd]
ord-78ee6abad7ea4585a19ca47439cdac57,Base,REAGENT,SMILES,C(=O)([O-])[O-].[Cs+].[Cs+]
ord-78ee6abad7ea4585a19ca47439cdac57,Solvent,SOLVENT,SMILES,CC(=O)N(C)C
ord-78ee6abad7ea4585a19ca47439cdac57,amine,REACTANT,SMILES,CN1CCNCC1
ord-78ee6abad7ea4585a19ca47439cdac57,aryl halide,REACTANT,SMILES,COC(=O)C1=CC=C(C=C1)OCC2=C(C=CC=N2)Br
ord-78ee6abad7ea4585a19ca47439cdac57,metal and ligand,CATALYST,SMILES,C1=CC=C(C=C1)P(C2=CC=CC=C2)C3=C(C4=CC=CC=C4C=C3)C5=C(C=CC6=CC=CC=C65)P(C7=CC=CC=C7)C8=CC=CC=C8
ord-78ee6abad7ea4585a19ca47439cdac57,metal and ligand,CATALYST,SMILES,C1=CC=C(C=C1)/C=C/C(=O)/C=C/C2=CC=CC=C2.C1=CC=C(C=C1)/C=C/C(=O)/C=C/C2=CC=CC=C2.C1=CC=C(C=C1)/C=C/C(=O)/C=C/C2=CC=CC=C2.[Pd].[Pd]
ord-78ee6abad7ea4585a19ca47439cdac57,metal and ligand,CATALYST,SMILES,C1=CC=C(C=C1)P(C2=CC=CC=C2)C3=C(C4=CC=CC=C4C=C3)C5=C(C=CC6=CC=CC=C65)P(C7=CC=CC=C7)C8=CC=CC=C8
ord-78ee6abad7ea4585a19ca47439cdac57,metal and ligand,CATALYST,SMILES,C1=CC=C(C=C1)/C=C/C(=O)/C=C/C2=CC=CC=C2.C1=CC=C(C=C1)/C=C/C(=O)/C=C/C2=CC=CC=C2.C1=CC=C(C=C1)/C=C/C(=O)/C=C/C2=CC=CC=C2.[Pd].[Pd]
ord-58bee23c6bfd4e46abec561eea6c720a,Base,REAGENT,SMILES,C(=O)([O-])[O-].[Cs+].[Cs+]
ord-58bee23c6bfd4e46abec561eea6c720a,Solvent,SOLVENT,SMILES,CC1=CC=CC=C1
ord-58bee23c6bfd4e46abec561eea6c720a,amine,REACTANT,SMILES,CN(C)[C@H]1CCNC1
ord-58bee23c6bfd4e46abec561eea6c720a,aryl halide,REACTANT,SMILES,C1=CC(=C(C=C1Cl)Br)C#N
ord-58bee23c6bfd4e46abec561eea6c720a,metal and ligand,CATALYST,SMILES,C1=CC=C(C=C1)P(C2=CC=CC=C2)C3=C(C4=CC=CC=C4C=C3)C5=C(C=CC6=CC=CC=C65)P(C7=CC=CC=C7)C8=CC=CC=C8
ord-58bee23c6bfd4e46abec561eea6c720a,metal and ligand,CATALYST,SMILES,C1=CC=C(C=C1)/C=C/C(=O)/C=C/C2=CC=CC=C2.C1=CC=C(C=C1)/C=C/C(=O)/C=C/C2=CC=CC=C2.C1=CC=C(C=C1)/C=C/C(=O)/C=C/C2=CC=CC=C2.[Pd].[Pd]
ord-58bee23c6bfd4e46abec561eea6c720a,metal and ligand,CATALYST,SMILES,C1=CC=C(C=C1)P(C2=CC=CC=C2)C3=C(C4=CC=CC=C4C=C3)C5=C(C=CC6=CC=CC=C65)P(C7=CC=CC=C7)C8=CC=CC=C8
ord-58bee23c6bfd4e46abec561eea6c720a,metal and ligand,CATALYST,SMILES,C1=CC=C(C=C1)/C=C/C(=O)/C=C/C2=CC=CC=C2.C1=CC=C(C=C1)/C=C/C(=O)/C=C/C2=CC=CC=C2.C1=CC=C(C=C1)/C=C/C(=O)/C=C/C2=CC=CC=C2.[Pd].[Pd]
ord-0b6cfa905b6344a5ad945299463325fe,Base,REAGENT,SMILES,C(=O)([O-])[O-].[Cs+].[Cs+]
ord-0b6cfa905b6344a5ad945299463325fe,Solvent,SOLVENT,SMILES,C1COCCO1
ord-0b6cfa905b6344a5ad945299463325fe,amine,REACTANT,SMILES,CN1CCC2=C(C1=O)C(=CC=C2)N
ord-0b6cfa905b6344a5ad945299463325fe,aryl halide,REACTANT,SMILES,CC1=NN(C=C1NC2=NC=C(C(=C2)Cl)C#N)C
ord-0b6cfa905b6344a5ad945299463325fe,metal and ligand,CATALYST,SMILES,CC1(C2=C(C(=CC=C2)P(C3=CC=CC=C3)C4=CC=CC=C4)OC5=C1C=CC=C5P(C6=CC=CC=C6)C7=CC=CC=C7)C
ord-0b6cfa905b6344a5ad945299463325fe,metal and ligand,CATALYST,SMILES,CC(=O)O.CC(=O)O.[Pd]
ord-0b6cfa905b6344a5ad945299463325fe,metal and ligand,CATALYST,SMILES,CC1(C2=C(C(=CC=C2)P(C3=CC=CC=C3)C4=CC=CC=C4)OC5=C1C=CC=C5P(C6=CC=CC=C6)C7=CC=CC=C7)C
ord-0b6cfa905b6344a5ad945299463325fe,metal and ligand,CATALYST,SMILES,CC(=O)O.CC(=O)O.[Pd]
ord-3d64643dd74a4d9290119a9c4f05506f,Base,REAGENT,SMILES,C(=O)([O-])[O-].[Cs+].[Cs+]
ord-3d64643dd74a4d9290119a9c4f05506f,Solvent,SOLVENT,SMILES,C1COCCO1
ord-3d64643dd74a4d9290119a9c4f05506f,amine,REACTANT,SMILES,COC1=C(C=CC(=C1)N2CCOCC2)N
ord-3d64643dd74a4d9290119a9c4f05506f,aryl halide,REACTANT,SMILES,CNC(=O)C1=CC=CC=C1NC2=CC(=NC=C2Cl)Cl
ord-3d64643dd74a4d9290119a9c4f05506f,metal and ligand,CATALYST,SMILES,CC1(C2=C(C(=CC=C2)P(C3=CC=CC=C3)C4=CC=CC=C4)OC5=C1C=CC=C5P(C6=CC=CC=C6)C7=CC=CC=C7)C
ord-3d64643dd74a4d9290119a9c4f05506f,metal and ligand,CATALYST,SMILES,CC(=O)O.CC(=O)O.[Pd]
ord-3d64643dd74a4d9290119a9c4f05506f,metal and ligand,CATALYST,SMILES,CC1(C2=C(C(=CC=C2)P(C3=CC=CC=C3)C4=CC=CC=C4)OC5=C1C=CC=C5P(C6=CC=CC=C6)C7=CC=CC=C7)C
ord-3d64643dd74a4d9290119a9c4f05506f,metal and ligand,CATALYST,SMILES,CC(=O)O.CC(=O)O.[Pd]
ord-7ef9bb9d04ab4703a01fe4c2dfba9490,Base,REAGENT,SMILES,C(=O)([O-])[O-].[Cs+].[Cs+]
ord-7ef9bb9d04ab4703a01fe4c2dfba9490,Solvent,SOLVENT,SMILES,CC1=CC=CC=C1
ord-7ef9bb9d04ab4703a01fe4c2dfba9490,amine,REACTANT,SMILES,CC(C)(C)OC(=O)N1CCNCC1
ord-7ef9bb9d04ab4703a01fe4c2dfba9490,aryl halide,REACTANT,SMILES,CC1=C(C=CC(=C1)F)Br
ord-7ef9bb9d04ab4703a01fe4c2dfba9490,metal and ligand,CATALYST,SMILES,C1=CC=C(C=C1)P(C2=CC=CC=C2)C3=C(C4=CC=CC=C4C=C3)C5=C(C=CC6=CC=CC=C65)P(C7=CC=CC=C7)C8=CC=CC=C8
ord-7ef9bb9d04ab4703a01fe4c2dfba9490,metal and ligand,CATALYST,SMILES,C1=CC=C(C=C1)/C=C/C(=O)/C=C/C2=CC=CC=C2.C1=CC=C(C=C1)/C=C/C(=O)/C=C/C2=CC=CC=C2.C1=CC=C(C=C1)/C=C/C(=O)/C=C/C2=CC=CC=C2.[Pd].[Pd]
ord-7ef9bb9d04ab4703a01fe4c2dfba9490,metal and ligand,CATALYST,SMILES,C1=CC=C(C=C1)P(C2=CC=CC=C2)C3=C(C4=CC=CC=C4C=C3)C5=C(C=CC6=CC=CC=C65)P(C7=CC=CC=C7)C8=CC=CC=C8
ord-7ef9bb9d04ab4703a01fe4c2dfba9490,metal and ligand,CATALYST,SMILES,C1=CC=C(C=C1)/C=C/C(=O)/C=C/C2=CC=CC=C2.C1=CC=C(C=C1)/C=C/C(=O)/C=C/C2=CC=CC=C2.C1=CC=C(C=C1)/C=C/C(=O)/C=C/C2=CC=CC=C2.[Pd].[Pd]
ord-05c2bb441c604216aeaf67d50ac253bb,Base,REAGENT,SMILES,C(=O)([O-])[O-].[Cs+].[Cs+]
ord-05c2bb441c604216aeaf67d50ac253bb,Solvent,SOLVENT,SMILES,CC1=CC=CC=C1
ord-05c2bb441c604216aeaf67d50ac253bb,amine,REACTANT,SMILES,CC(C)(C)OC(=O)N1CCNCC1
ord-05c2bb441c604216aeaf67d50ac253bb,aryl halide,REACTANT,SMILES,C1=CC(=C(C=C1F)C(F)(F)F)Br
ord-05c2bb441c604216aeaf67d50ac253bb,metal and ligand,CATALYST,SMILES,C1=CC=C(C=C1)P(C2=CC=CC=C2)C3=C(C4=CC=CC=C4C=C3)C5=C(C=CC6=CC=CC=C65)P(C7=CC=CC=C7)C8=CC=CC=C8
ord-05c2bb441c604216aeaf67d50ac253bb,metal and ligand,CATALYST,SMILES,C1=CC=C(C=C1)/C=C/C(=O)/C=C/C2=CC=CC=C2.C1=CC=C(C=C1)/C=C/C(=O)/C=C/C2=CC=CC=C2.C1=CC=C(C=C1)/C=C/C(=O)/C=C/C2=CC=CC=C2.[Pd].[Pd]
ord-05c2bb441c604216aeaf67d50ac253bb,metal and ligand,CATALYST,SMILES,C1=CC=C(C=C1)P(C2=CC=CC=C2)C3=C(C4=CC=CC=C4C=C3)C5=C(C=CC6=CC=CC=C65)P(C7=CC=CC=C7)C8=CC=CC=C8
ord-05c2bb441c604216aeaf67d50ac253bb,metal and ligand,CATALYST,SMILES,C1=CC=C(C=C1)/C=C/C(=O)/C=C/C2=CC=CC=C2.C1=CC=C(C=C1)/C=C/C(=O)/C=C/C2=CC=CC=C2.C1=CC=C(C=C1)/C=C/C(=O)/C=C/C2=CC=CC=C2.[Pd].[Pd]
ord-e6979ae841a4470289e0e5d2e2b42616,Base,REAGENT,SMILES,[O-]P(=O)([O-])[O-].[K+].[K+].[K+]
ord-e6979ae841a4470289e0e5d2e2b42616,Solvent,SOLVENT,SMILES,COCCOC
ord-e6979ae841a4470289e0e5d2e2b42616,amine,REACTANT,SMILES,CC(=O)N1CC2CNCC(C1)O2
ord-e6979ae841a4470289e0e5d2e2b42616,aryl halide,REACTANT,SMILES,COC1=C(C=C(C=C1)Br)[N+](=O)[O-]
ord-e6979ae841a4470289e0e5d2e2b42616,metal and ligand,CATALYST,SMILES,C1CCC(CC1)P(C2CCCCC2)C3=CC=CC=C3C4=CC=CC=C4
ord-e6979ae841a4470289e0e5d2e2b42616,metal and ligand,CATALYST,SMILES,CC(=O)O.CC(=O)O.[Pd]
ord-e6979ae841a4470289e0e5d2e2b42616,metal and ligand,CATALYST,SMILES,C1CCC(CC1)P(C2CCCCC2)C3=CC=CC=C3C4=CC=CC=C4
ord-e6979ae841a4470289e0e5d2e2b42616,metal and ligand,CATALYST,SMILES,CC(=O)O.CC(=O)O.[Pd]
ord-d1855bc74886445fbdfc0eab57bed8cb,Base,REAGENT,SMILES,C(=O)([O-])[O-].[K+].[K+]
ord-d1855bc74886445fbdfc0eab57bed8cb,Solvent,SOLVENT,SMILES,C1COCCO1
ord-d1855bc74886445fbdfc0eab57bed8cb,amine,REACTANT,SMILES,CCC[C@@H](CO)N
ord-d1855bc74886445fbdfc0eab57bed8cb,aryl halide,REACTANT,SMILES,CC1=C(C(=NC(=N1)N)Cl)CC2=CC=C(C=C2)CC#N
ord-d1855bc74886445fbdfc0eab57bed8cb,metal and ligand,CATALYST,SMILES,CC1(C2=C(C(=CC=C2)P(C3=CC=CC=C3)C4=CC=CC=C4)OC5=C1C=CC=C5P(C6=CC=CC=C6)C7=CC=CC=C7)C
ord-d1855bc74886445fbdfc0eab57bed8cb,metal and ligand,CATALYST,SMILES,CC(=O)O.CC(=O)O.[Pd]
ord-d1855bc74886445fbdfc0eab57bed8cb,metal and ligand,CATALYST,SMILES,CC1(C2=C(C(=CC=C2)P(C3=CC=CC=C3)C4=CC=CC=C4)OC5=C1C=CC=C5P(C6=CC=CC=C6)C7=CC=CC=C7)C
ord-d1855bc74886445fbdfc0eab57bed8cb,metal and ligand,CATALYST,SMILES,CC(=O)O.CC(=O)O.[Pd]
ord-484b31bdd1aa4746881181205ba1de67,Base,REAGENT,SMILES,C(=O)([O-])[O-].[K+].[K+]
ord-484b31bdd1aa4746881181205ba1de67,Solvent,SOLVENT,SMILES,C1COCCO1
ord-484b31bdd1aa4746881181205ba1de67,amine,REACTANT,SMILES,CC[C@H]1CNC(=O)O1
ord-484b31bdd1aa4746881181205ba1de67,aryl halide,REACTANT,SMILES,CC1=C(C(=NC(=N1)/N=C/N(C)C)Cl)CC2=CC=C(C=C2)CC#N
ord-484b31bdd1aa4746881181205ba1de67,metal and ligand,CATALYST,SMILES,CC1(C2=C(C(=CC=C2)P(C3=CC=CC=C3)C4=CC=CC=C4)OC5=C1C=CC=C5P(C6=CC=CC=C6)C7=CC=CC=C7)C
ord-484b31bdd1aa4746881181205ba1de67,metal and ligand,CATALYST,SMILES,CC(=O)O.CC(=O)O.[Pd]
ord-484b31bdd1aa4746881181205ba1de67,metal and ligand,CATALYST,SMILES,CC1(C2=C(C(=CC=C2)P(C3=CC=CC=C3)C4=CC=CC=C4)OC5=C1C=CC=C5P(C6=CC=CC=C6)C7=CC=CC=C7)C
ord-484b31bdd1aa4746881181205ba1de67,metal and ligand,CATALYST,SMILES,CC(=O)O.CC(=O)O.[Pd]
ord-6e62fa456f9543438c4d7ca789bf180e,Base,REAGENT,SMILES,C(=O)([O-])[O-].[Cs+].[Cs+]
ord-6e62fa456f9543438c4d7ca789bf180e,Solvent,SOLVENT,SMILES,C1COCCO1
ord-6e62fa456f9543438c4d7ca789bf180e,amine,REACTANT,SMILES,CNC(=O)C1=C(C=C(C=C1)F)N
ord-6e62fa456f9543438c4d7ca789bf180e,aryl halide,REACTANT,SMILES,C1=C(C(=CN=C1Cl)Cl)I
ord-6e62fa456f9543438c4d7ca789bf180e,metal and ligand,CATALYST,SMILES,CC1(C2=C(C(=CC=C2)P(C3=CC=CC=C3)C4=CC=CC=C4)OC5=C1C=CC=C5P(C6=CC=CC=C6)C7=CC=CC=C7)C
ord-6e62fa456f9543438c4d7ca789bf180e,metal and ligand,CATALYST,SMILES,CC(=O)O.CC(=O)O.[Pd]
ord-6e62fa456f9543438c4d7ca789bf180e,metal and ligand,CATALYST,SMILES,CC1(C2=C(C(=CC=C2)P(C3=CC=CC=C3)C4=CC=CC=C4)OC5=C1C=CC=C5P(C6=CC=CC=C6)C7=CC=CC=C7)C
ord-6e62fa456f9543438c4d7ca789bf180e,metal and ligand,CATALYST,SMILES,CC(=O)O.CC(=O)O.[Pd]
ord-3ffbe994308945018df65dd5cc0e0a5b,Base,REAGENT,SMILES,C(=O)([O-])[O-].[Cs+].[Cs+]
ord-3ffbe994308945018df65dd5cc0e0a5b,Solvent,SOLVENT,SMILES,C1COCCO1
ord-3ffbe994308945018df65dd5cc0e0a5b,amine,REACTANT,SMILES,CNC(=O)C1=C(C=C(C=C1)F)N
ord-3ffbe994308945018df65dd5cc0e0a5b,aryl halide,REACTANT,SMILES,C1=C(C(=CN=C1Cl)Cl)I
ord-3ffbe994308945018df65dd5cc0e0a5b,metal and ligand,CATALYST,SMILES,CC1(C2=C(C(=CC=C2)P(C3=CC=CC=C3)C4=CC=CC=C4)OC5=C1C=CC=C5P(C6=CC=CC=C6)C7=CC=CC=C7)C
ord-3ffbe994308945018df65dd5cc0e0a5b,metal and ligand,CATALYST,SMILES,CC(=O)O.CC(=O)O.[Pd]
ord-3ffbe994308945018df65dd5cc0e0a5b,metal and ligand,CATALYST,SMILES,CC1(C2=C(C(=CC=C2)P(C3=CC=CC=C3)C4=CC=CC=C4)OC5=C1C=CC=C5P(C6=CC=CC=C6)C7=CC=CC=C7)C
ord-3ffbe994308945018df65dd5cc0e0a5b,metal and ligand,CATALYST,SMILES,CC(=O)O.CC(=O)O.[Pd]
ord-ad4a7da8a91e4c23abc6ab58d6712f3f,Base,REAGENT,SMILES,C(=O)([O-])[O-].[Cs+].[Cs+]
ord-ad4a7da8a91e4c23abc6ab58d6712f3f,Solvent,SOLVENT,SMILES,C1COCCO1
ord-ad4a7da8a91e4c23abc6ab58d6712f3f,amine,REACTANT,SMILES,CNC(=O)C1=C(C=C(C=C1)F)N
ord-ad4a7da8a91e4c23abc6ab58d6712f3f,aryl halide,REACTANT,SMILES,C1=C(C(=CN=C1Cl)Cl)I
ord-ad4a7da8a91e4c23abc6ab58d6712f3f,metal and ligand,CATALYST,SMILES,CC1(C2=C(C(=CC=C2)P(C3=CC=CC=C3)C4=CC=CC=C4)OC5=C1C=CC=C5P(C6=CC=CC=C6)C7=CC=CC=C7)C
ord-ad4a7da8a91e4c23abc6ab58d6712f3f,metal and ligand,CATALYST,SMILES,CC(=O)O.CC(=O)O.[Pd]
ord-ad4a7da8a91e4c23abc6ab58d6712f3f,metal and ligand,CATALYST,SMILES,CC1(C2=C(C(=CC=C2)P(C3=CC=CC=C3)C4=CC=CC=C4)OC5=C1C=CC=C5P(C6=CC=CC=C6)C7=CC=CC=C7)C
ord-ad4a7da8a91e4c23abc6ab58d6712f3f,metal and ligand,CATALYST,SMILES,CC(=O)O.CC(=O)O.[Pd]
ord-089e5915f1ae4e9e8fd817c5c0f3bd24,Base,REAGENT,SMILES,CC(C)(C)[O-].[Na+]
ord-089e5915f1ae4e9e8fd817c5c0f3bd24,Solvent,SOLVENT,SMILES,C1COCCO1
ord-089e5915f1ae4e9e8fd817c5c0f3bd24,amine,REACTANT,SMILES,CC(=O)N1CC2CNCC(C1)O2
ord-089e5915f1ae4e9e8fd817c5c0f3bd24,aryl halide,REACTANT,SMILES,COC1=C(C=C(C=C1)Br)[N+](=O)[O-]
ord-089e5915f1ae4e9e8fd817c5c0f3bd24,metal and ligand,CATALYST,SMILES,CC1(C2=C(C(=CC=C2)P(C3=CC=CC=C3)C4=CC=CC=C4)OC5=C1C=CC=C5P(C6=CC=CC=C6)C7=CC=CC=C7)C
ord-089e5915f1ae4e9e8fd817c5c0f3bd24,metal and ligand,CATALYST,SMILES,CC(=O)O.CC(=O)O.[Pd]
ord-089e5915f1ae4e9e8fd817c5c0f3bd24,metal and ligand,CATALYST,SMILES,CC1(C2=C(C(=CC=C2)P(C3=CC=CC=C3)C4=CC=CC=C4)OC5=C1C=CC=C5P(C6=CC=CC=C6)C7=CC=CC=C7)C
ord-089e5915f1ae4e9e8fd817c5c0f3bd24,metal and ligand,CATALYST,SMILES,CC(=O)O.CC(=O)O.[Pd]
ord-d62aaefcc3994ffbb3b7d79fd8d47a34,Base,REAGENT,SMILES,CC(C)(C)[O-].[Na+]
ord-d62aaefcc3994ffbb3b7d79fd8d47a34,Solvent,SOLVENT,SMILES,CC1=CC=CC=C1
ord-d62aaefcc3994ffbb3b7d79fd8d47a34,amine,REACTANT,SMILES,CC(C)(C)OC(=O)N1CCNCC1
ord-d62aaefcc3994ffbb3b7d79fd8d47a34,aryl halide,REACTANT,SMILES,CS(=O)(=O)C1=CC=C(C=C1)COC2=NC=C(C=N2)Br
ord-d62aaefcc3994ffbb3b7d79fd8d47a34,metal and ligand,CATALYST,SMILES,C1=CC=C(C=C1)P(C2=CC=CC=C2)C3=C(C4=CC=CC=C4C=C3)C5=C(C=CC6=CC=CC=C65)P(C7=CC=CC=C7)C8=CC=CC=C8
ord-d62aaefcc3994ffbb3b7d79fd8d47a34,metal and ligand,CATALYST,SMILES,C1=CC=C(C=C1)/C=C/C(=O)/C=C/C2=CC=CC=C2.C1=CC=C(C=C1)/C=C/C(=O)/C=C/C2=CC=CC=C2.C1=CC=C(C=C1)/C=C/C(=O)/C=C/C2=CC=CC=C2.[Pd].[Pd]
ord-d62aaefcc3994ffbb3b7d79fd8d47a34,metal and ligand,CATALYST,SMILES,C1=CC=C(C=C1)P(C2=CC=CC=C2)C3=C(C4=CC=CC=C4C=C3)C5=C(C=CC6=CC=CC=C65)P(C7=CC=CC=C7)C8=CC=CC=C8
ord-d62aaefcc3994ffbb3b7d79fd8d47a34,metal and ligand,CATALYST,SMILES,C1=CC=C(C=C1)/C=C/C(=O)/C=C/C2=CC=CC=C2.C1=CC=C(C=C1)/C=C/C(=O)/C=C/C2=CC=CC=C2.C1=CC=C(C=C1)/C=C/C(=O)/C=C/C2=CC=CC=C2.[Pd].[Pd]
ord-353dd54a566b4ccf82816af5583ab659,Base,REAGENT,SMILES,CC(C)(C)[O-].[Na+]
ord-353dd54a566b4ccf82816af5583ab659,Solvent,SOLVENT,SMILES,CC1=CC=CC=C1
ord-353dd54a566b4ccf82816af5583ab659,amine,REACTANT,SMILES,CC(C)(C)OC(=O)N1CCNCC1
ord-353dd54a566b4ccf82816af5583ab659,aryl halide,REACTANT,SMILES,CS(=O)(=O)C1=CC=C(C=C1)COC2=NC=C(C=N2)Br
ord-353dd54a566b4ccf82816af5583ab659,metal and ligand,CATALYST,SMILES,C1=CC=C(C=C1)P(C2=CC=CC=C2)C3=C(C4=CC=CC=C4C=C3)C5=C(C=CC6=CC=CC=C65)P(C7=CC=CC=C7)C8=CC=CC=C8
ord-353dd54a566b4ccf82816af5583ab659,metal and ligand,CATALYST,SMILES,C1=CC=C(C=C1)/C=C/C(=O)/C=C/C2=CC=CC=C2.C1=CC=C(C=C1)/C=C/C(=O)/C=C/C2=CC=CC=C2.C1=CC=C(C=C1)/C=C/C(=O)/C=C/C2=CC=CC=C2.[Pd].[Pd]
ord-353dd54a566b4ccf82816af5583ab659,metal and ligand,CATALYST,SMILES,C1=CC=C(C=C1)P(C2=CC=CC=C2)C3=C(C4=CC=CC=C4C=C3)C5=C(C=CC6=CC=CC=C65)P(C7=CC=CC=C7)C8=CC=CC=C8
ord-353dd54a566b4ccf82816af5583ab659,metal and ligand,CATALYST,SMILES,C1=CC=C(C=C1)/C=C/C(=O)/C=C/C2=CC=CC=C2.C1=CC=C(C=C1)/C=C/C(=O)/C=C/C2=CC=CC=C2.C1=CC=C(C=C1)/C=C/C(=O)/C=C/C2=CC=CC=C2.[Pd].[Pd]
ord-b165e514f9f846c2872fe8f816e6b2d7,Base,REAGENT,SMILES,CC(C)(C)[O-].[Na+]
ord-b165e514f9f846c2872fe8f816e6b2d7,Solvent,SOLVENT,SMILES,CC1=CC=CC=C1
ord-b165e514f9f846c2872fe8f816e6b2d7,amine,REACTANT,SMILES,CC(C)(C)OC(=O)N1CCNCC1
ord-b165e514f9f846c2872fe8f816e6b2d7,aryl halide,REACTANT,SMILES,CS(=O)(=O)C1=CC=C(C=C1)COC2=NC=C(C=C2)Br
ord-b165e514f9f846c2872fe8f816e6b2d7,metal and ligand,CATALYST,SMILES,C1=CC=C(C=C1)P(C2=CC=CC=C2)C3=C(C4=CC=CC=C4C=C3)C5=C(C=CC6=CC=CC=C65)P(C7=CC=CC=C7)C8=CC=CC=C8
ord-b165e514f9f846c2872fe8f816e6b2d7,metal and ligand,CATALYST,SMILES,C1=CC=C(C=C1)/C=C/C(=O)/C=C/C2=CC=CC=C2.C1=CC=C(C=C1)/C=C/C(=O)/C=C/C2=CC=CC=C2.C1=CC=C(C=C1)/C=C/C(=O)/C=C/C2=CC=CC=C2.[Pd].[Pd]
ord-b165e514f9f846c2872fe8f816e6b2d7,metal and ligand,CATALYST,SMILES,C1=CC=C(C=C1)P(C2=CC=CC=C2)C3=C(C4=CC=CC=C4C=C3)C5=C(C=CC6=CC=CC=C65)P(C7=CC=CC=C7)C8=CC=CC=C8
ord-b165e514f9f846c2872fe8f816e6b2d7,metal and ligand,CATALYST,SMILES,C1=CC=C(C=C1)/C=C/C(=O)/C=C/C2=CC=CC=C2.C1=CC=C(C=C1)/C=C/C(=O)/C=C/C2=CC=CC=C2.C1=CC=C(C=C1)/C=C/C(=O)/C=C/C2=CC=CC=C2.[Pd].[Pd]
ord-90e612e9a6744ee3af3c528f17e1b1ce,Base,REAGENT,SMILES,C(=O)([O-])[O-].[Cs+].[Cs+]
ord-90e612e9a6744ee3af3c528f17e1b1ce,Solvent,SOLVENT,SMILES,C1COCCO1
ord-90e612e9a6744ee3af3c528f17e1b1ce,amine,REACTANT,SMILES,CC(=O)N1CCC2=C1C=CC(=C2)CCN3CCNCC3
ord-90e612e9a6744ee3af3c528f17e1b1ce,aryl halide,REACTANT,SMILES,CCOC(=O)C1=CC2=C(O1)C(=CC=C2)Br
ord-90e612e9a6744ee3af3c528f17e1b1ce,metal and ligand,CATALYST,SMILES,CC(C)C1=CC(=C(C(=C1)C(C)C)C2=CC=CC=C2P(C3CCCCC3)C4CCCCC4)C(C)C
ord-90e612e9a6744ee3af3c528f17e1b1ce,metal and ligand,CATALYST,SMILES,C1=CC=C(C=C1)/C=C/C(=O)/C=C/C2=CC=CC=C2.C1=CC=C(C=C1)/C=C/C(=O)/C=C/C2=CC=CC=C2.C1=CC=C(C=C1)/C=C/C(=O)/C=C/C2=CC=CC=C2.[Pd].[Pd]
ord-90e612e9a6744ee3af3c528f17e1b1ce,metal and ligand,CATALYST,SMILES,CC(C)C1=CC(=C(C(=C1)C(C)C)C2=CC=CC=C2P(C3CCCCC3)C4CCCCC4)C(C)C
ord-90e612e9a6744ee3af3c528f17e1b1ce,metal and ligand,CATALYST,SMILES,C1=CC=C(C=C1)/C=C/C(=O)/C=C/C2=CC=CC=C2.C1=CC=C(C=C1)/C=C/C(=O)/C=C/C2=CC=CC=C2.C1=CC=C(C=C1)/C=C/C(=O)/C=C/C2=CC=CC=C2.[Pd].[Pd]
ord-09c188bd82d940b1aa9d4223b96f551d,Base,REAGENT,SMILES,C(=O)([O-])[O-].[Cs+].[Cs+]
ord-09c188bd82d940b1aa9d4223b96f551d,Solvent,SOLVENT,SMILES,C1COCCO1
ord-09c188bd82d940b1aa9d4223b96f551d,amine,REACTANT,SMILES,CC(=O)N1CCC2=C1C=CC(=C2)CCN3CCNCC3
ord-09c188bd82d940b1aa9d4223b96f551d,aryl halide,REACTANT,SMILES,CCOC(=O)C1=CC2=C(O1)C(=CC=C2)Br
ord-09c188bd82d940b1aa9d4223b96f551d,metal and ligand,CATALYST,SMILES,CC(C)C1=CC(=C(C(=C1)C(C)C)C2=CC=CC=C2P(C3CCCCC3)C4CCCCC4)C(C)C
ord-09c188bd82d940b1aa9d4223b96f551d,metal and ligand,CATALYST,SMILES,C1=CC=C(C=C1)/C=C/C(=O)/C=C/C2=CC=CC=C2.C1=CC=C(C=C1)/C=C/C(=O)/C=C/C2=CC=CC=C2.C1=CC=C(C=C1)/C=C/C(=O)/C=C/C2=CC=CC=C2.[Pd].[Pd]
ord-09c188bd82d940b1aa9d4223b96f551d,metal and ligand,CATALYST,SMILES,CC(C)C1=CC(=C(C(=C1)C(C)C)C2=CC=CC=C2P(C3CCCCC3)C4CCCCC4)C(C)C
ord-09c188bd82d940b1aa9d4223b96f551d,metal and ligand,CATALYST,SMILES,C1=CC=C(C=C1)/C=C/C(=O)/C=C/C2=CC=CC=C2.C1=CC=C(C=C1)/C=C/C(=O)/C=C/C2=CC=CC=C2.C1=CC=C(C=C1)/C=C/C(=O)/C=C/C2=CC=CC=C2.[Pd].[Pd]
ord-a6ed7cd19836494cb3c62d6a1e160912,Base,REAGENT,SMILES,C(=O)([O-])[O-].[Cs+].[Cs+]
ord-a6ed7cd19836494cb3c62d6a1e160912,Solvent,SOLVENT,SMILES,C1COCCO1
ord-a6ed7cd19836494cb3c62d6a1e160912,amine,REACTANT,SMILES,C1CN(CCN1)CCC2=CC=CC=N2
ord-a6ed7cd19836494cb3c62d6a1e160912,aryl halide,REACTANT,SMILES,CCOC(=O)C1=CC2=C(O1)C(=CC=C2)Br
ord-a6ed7cd19836494cb3c62d6a1e160912,metal and ligand,CATALYST,SMILES,CC(C)C1=CC(=C(C(=C1)C(C)C)C2=CC=CC=C2P(C3CCCCC3)C4CCCCC4)C(C)C
ord-a6ed7cd19836494cb3c62d6a1e160912,metal and ligand,CATALYST,SMILES,C1=CC=C(C=C1)/C=C/C(=O)/C=C/C2=CC=CC=C2.C1=CC=C(C=C1)/C=C/C(=O)/C=C/C2=CC=CC=C2.C1=CC=C(C=C1)/C=C/C(=O)/C=C/C2=CC=CC=C2.[Pd].[Pd]
ord-a6ed7cd19836494cb3c62d6a1e160912,metal and ligand,CATALYST,SMILES,CC(C)C1=CC(=C(C(=C1)C(C)C)C2=CC=CC=C2P(C3CCCCC3)C4CCCCC4)C(C)C
ord-a6ed7cd19836494cb3c62d6a1e160912,metal and ligand,CATALYST,SMILES,C1=CC=C(C=C1)/C=C/C(=O)/C=C/C2=CC=CC=C2.C1=CC=C(C=C1)/C=C/C(=O)/C=C/C2=CC=CC=C2.C1=CC=C(C=C1)/C=C/C(=O)/C=C/C2=CC=CC=C2.[Pd].[Pd]
ord-d491779c6ebc428d97eb810ae5444bf6,Base,REAGENT,SMILES,C(=O)([O-])[O-].[Cs+].[Cs+]
ord-d491779c6ebc428d97eb810ae5444bf6,Solvent,SOLVENT,SMILES,C1COCCO1
ord-d491779c6ebc428d97eb810ae5444bf6,amine,REACTANT,SMILES,C1CN(CCN1)CCC2=CC=CC=N2
ord-d491779c6ebc428d97eb810ae5444bf6,aryl halide,REACTANT,SMILES,CCOC(=O)C1=CC2=C(O1)C(=CC=C2)Br
ord-d491779c6ebc428d97eb810ae5444bf6,metal and ligand,CATALYST,SMILES,CC(C)C1=CC(=C(C(=C1)C(C)C)C2=CC=CC=C2P(C3CCCCC3)C4CCCCC4)C(C)C
ord-d491779c6ebc428d97eb810ae5444bf6,metal and ligand,CATALYST,SMILES,C1=CC=C(C=C1)/C=C/C(=O)/C=C/C2=CC=CC=C2.C1=CC=C(C=C1)/C=C/C(=O)/C=C/C2=CC=CC=C2.C1=CC=C(C=C1)/C=C/C(=O)/C=C/C2=CC=CC=C2.[Pd].[Pd]
ord-d491779c6ebc428d97eb810ae5444bf6,metal and ligand,CATALYST,SMILES,CC(C)C1=CC(=C(C(=C1)C(C)C)C2=CC=CC=C2P(C3CCCCC3)C4CCCCC4)C(C)C
ord-d491779c6ebc428d97eb810ae5444bf6,metal and ligand,CATALYST,SMILES,C1=CC=C(C=C1)/C=C/C(=O)/C=C/C2=CC=CC=C2.C1=CC=C(C=C1)/C=C/C(=O)/C=C/C2=CC=CC=C2.C1=CC=C(C=C1)/C=C/C(=O)/C=C/C2=CC=CC=C2.[Pd].[Pd]
ord-ca59850458054174b55daef8c9f3b978,Base,REAGENT,SMILES,C(=O)([O-])[O-].[Cs+].[Cs+]
ord-ca59850458054174b55daef8c9f3b978,Solvent,SOLVENT,SMILES,C1COCCO1
ord-ca59850458054174b55daef8c9f3b978,amine,REACTANT,SMILES,C1CN(CCN1)CCC2=CC=CC=N2
ord-ca59850458054174b55daef8c9f3b978,aryl halide,REACTANT,SMILES,CCOC(=O)C1=CC2=C(O1)C(=CC=C2)Br
ord-ca59850458054174b55daef8c9f3b978,metal and ligand,CATALYST,SMILES,CC(C)C1=CC(=C(C(=C1)C(C)C)C2=CC=CC=C2P(C3CCCCC3)C4CCCCC4)C(C)C
ord-ca59850458054174b55daef8c9f3b978,metal and ligand,CATALYST,SMILES,C1=CC=C(C=C1)/C=C/C(=O)/C=C/C2=CC=CC=C2.C1=CC=C(C=C1)/C=C/C(=O)/C=C/C2=CC=CC=C2.C1=CC=C(C=C1)/C=C/C(=O)/C=C/C2=CC=CC=C2.[Pd].[Pd]
ord-ca59850458054174b55daef8c9f3b978,metal and ligand,CATALYST,SMILES,CC(C)C1=CC(=C(C(=C1)C(C)C)C2=CC=CC=C2P(C3CCCCC3)C4CCCCC4)C(C)C
ord-ca59850458054174b55daef8c9f3b978,metal and ligand,CATALYST,SMILES,C1=CC=C(C=C1)/C=C/C(=O)/C=C/C2=CC=CC=C2.C1=CC=C(C=C1)/C=C/C(=O)/C=C/C2=CC=CC=C2.C1=CC=C(C=C1)/C=C/C(=O)/C=C/C2=CC=CC=C2.[Pd].[Pd]
ord-61dd76cabf5f48cb8028fe718c7f9d72,Base,REAGENT,SMILES,C(=O)([O-])[O-].[Cs+].[Cs+]
ord-61dd76cabf5f48cb8028fe718c7f9d72,Solvent,SOLVENT,SMILES,C1COCCO1
ord-61dd76cabf5f48cb8028fe718c7f9d72,amine,REACTANT,SMILES,C1CN(CCN1)CCC2=CC=CC=N2
ord-61dd76cabf5f48cb8028fe718c7f9d72,aryl halide,REACTANT,SMILES,CCOC(=O)C1=CC2=C(O1)C(=CC=C2)Br
ord-61dd76cabf5f48cb8028fe718c7f9d72,metal and ligand,CATALYST,SMILES,CC(C)C1=CC(=C(C(=C1)C(C)C)C2=CC=CC=C2P(C3CCCCC3)C4CCCCC4)C(C)C
ord-61dd76cabf5f48cb8028fe718c7f9d72,metal and ligand,CATALYST,SMILES,C1=CC=C(C=C1)/C=C/C(=O)/C=C/C2=CC=CC=C2.C1=CC=C(C=C1)/C=C/C(=O)/C=C/C2=CC=CC=C2.C1=CC=C(C=C1)/C=C/C(=O)/C=C/C2=CC=CC=C2.[Pd].[Pd]
ord-61dd76cabf5f48cb8028fe718c7f9d72,metal and ligand,CATALYST,SMILES,CC(C)C1=CC(=C(C(=C1)C(C)C)C2=CC=CC=C2P(C3CCCCC3)C4CCCCC4)C(C)C
ord-61dd76cabf5f48cb8028fe718c7f9d72,metal and ligand,CATALYST,SMILES,C1=CC=C(C=C1)/C=C/C(=O)/C=C/C2=CC=CC=C2.C1=CC=C(C=C1)/C=C/C(=O)/C=C/C2=CC=CC=C2.C1=CC=C(C=C1)/C=C/C(=O)/C=C/C2=CC=CC=C2.[Pd].[Pd]
ord-3e4ae9ef9d2f47b2b03f41aafafa9bc4,Base,REAGENT,SMILES,C(=O)([O-])[O-].[Cs+].[Cs+]
ord-3e4ae9ef9d2f47b2b03f41aafafa9bc4,Solvent,SOLVENT,SMILES,C1COCCO1
ord-3e4ae9ef9d2f47b2b03f41aafafa9bc4,amine,REACTANT,SMILES,C1CN(CCN1)CCC2=CC=CC=N2
ord-3e4ae9ef9d2f47b2b03f41aafafa9bc4,aryl halide,REACTANT,SMILES,CCOC(=O)C1=CC2=C(O1)C(=CC=C2)Br
ord-3e4ae9ef9d2f47b2b03f41aafafa9bc4,metal and ligand,CATALYST,SMILES,CC(C)C1=CC(=C(C(=C1)C(C)C)C2=CC=CC=C2P(C3CCCCC3)C4CCCCC4)C(C)C
ord-3e4ae9ef9d2f47b2b03f41aafafa9bc4,metal and ligand,CATALYST,SMILES,C1=CC=C(C=C1)/C=C/C(=O)/C=C/C2=CC=CC=C2.C1=CC=C(C=C1)/C=C/C(=O)/C=C/C2=CC=CC=C2.C1=CC=C(C=C1)/C=C/C(=O)/C=C/C2=CC=CC=C2.[Pd].[Pd]
ord-3e4ae9ef9d2f47b2b03f41aafafa9bc4,metal and ligand,CATALYST,SMILES,CC(C)C1=CC(=C(C(=C1)C(C)C)C2=CC=CC=C2P(C3CCCCC3)C4CCCCC4)C(C)C
ord-3e4ae9ef9d2f47b2b03f41aafafa9bc4,metal and ligand,CATALYST,SMILES,C1=CC=C(C=C1)/C=C/C(=O)/C=C/C2=CC=CC=C2.C1=CC=C(C=C1)/C=C/C(=O)/C=C/C2=CC=CC=C2.C1=CC=C(C=C1)/C=C/C(=O)/C=C/C2=CC=CC=C2.[Pd].[Pd]
ord-8fcffc24262340ad8745959198669390,Base,REAGENT,SMILES,CC(C)(C)[O-].[Na+]
ord-8fcffc24262340ad8745959198669390,Solvent,SOLVENT,SMILES,CC1=CC=CC=C1
ord-8fcffc24262340ad8745959198669390,amine,REACTANT,SMILES,CC(C)(C)OC(=O)N1CCNCC1
ord-8fcffc24262340ad8745959198669390,aryl halide,REACTANT,SMILES,C1=CC=C(C=C1)COC2=CN=C(C=C2)Cl
ord-8fcffc24262340ad8745959198669390,metal and ligand,CATALYST,SMILES,C1=CC=C(C=C1)P(C2=CC=CC=C2)C3=C(C4=CC=CC=C4C=C3)C5=C(C=CC6=CC=CC=C65)P(C7=CC=CC=C7)C8=CC=CC=C8
ord-8fcffc24262340ad8745959198669390,metal and ligand,CATALYST,SMILES,C1=CC=C(C=C1)/C=C/C(=O)/C=C/C2=CC=CC=C2.C1=CC=C(C=C1)/C=C/C(=O)/C=C/C2=CC=CC=C2.[Pd]
ord-8fcffc24262340ad8745959198669390,metal and ligand,CATALYST,SMILES,C1=CC=C(C=C1)P(C2=CC=CC=C2)C3=C(C4=CC=CC=C4C=C3)C5=C(C=CC6=CC=CC=C65)P(C7=CC=CC=C7)C8=CC=CC=C8
ord-8fcffc24262340ad8745959198669390,metal and ligand,CATALYST,SMILES,C1=CC=C(C=C1)/C=C/C(=O)/C=C/C2=CC=CC=C2.C1=CC=C(C=C1)/C=C/C(=O)/C=C/C2=CC=CC=C2.[Pd]
ord-08d5030b9aa741ee93b18633e22acea8,Base,REAGENT,SMILES,CC(C)(C)[O-].[Na+]
ord-08d5030b9aa741ee93b18633e22acea8,Solvent,SOLVENT,SMILES,CC1=CC=CC=C1
ord-08d5030b9aa741ee93b18633e22acea8,amine,REACTANT,SMILES,CN1CCC(CC1)CN
ord-08d5030b9aa741ee93b18633e22acea8,aryl halide,REACTANT,SMILES,C1=CC(=CC(=C1)OC(F)(F)F)C2=CN=C3N2N=C(C=C3)Cl.Cl
ord-08d5030b9aa741ee93b18633e22acea8,metal and ligand,CATALYST,SMILES,CN(C)C1=CC=CC=C1C2=CC=CC=C2P(C3CCCCC3)C4CCCCC4
ord-08d5030b9aa741ee93b18633e22acea8,metal and ligand,CATALYST,SMILES,C1=CC=C(C=C1)/C=C/C(=O)/C=C/C2=CC=CC=C2.C1=CC=C(C=C1)/C=C/C(=O)/C=C/C2=CC=CC=C2.C1=CC=C(C=C1)/C=C/C(=O)/C=C/C2=CC=CC=C2.[Pd].[Pd]
ord-08d5030b9aa741ee93b18633e22acea8,metal and ligand,CATALYST,SMILES,CN(C)C1=CC=CC=C1C2=CC=CC=C2P(C3CCCCC3)C4CCCCC4
ord-08d5030b9aa741ee93b18633e22acea8,metal and ligand,CATALYST,SMILES,C1=CC=C(C=C1)/C=C/C(=O)/C=C/C2=CC=CC=C2.C1=CC=C(C=C1)/C=C/C(=O)/C=C/C2=CC=CC=C2.C1=CC=C(C=C1)/C=C/C(=O)/C=C/C2=CC=CC=C2.[Pd].[Pd]
ord-b3b59923db4e4673a6bcde3d5a9c7727,Base,REAGENT,SMILES,C(=O)([O-])[O-].[Cs+].[Cs+]
ord-b3b59923db4e4673a6bcde3d5a9c7727,Solvent,SOLVENT,SMILES,C1COCCO1
ord-b3b59923db4e4673a6bcde3d5a9c7727,amine,REACTANT,SMILES,C1COCCN1
ord-b3b59923db4e4673a6bcde3d5a9c7727,aryl halide,REACTANT,SMILES,CCOC(=O)C1=C(C2=CC(=C(C=C2N=C1)OCCOC)Br)NC3=C(C=C(C=C3)C)F
ord-b3b59923db4e4673a6bcde3d5a9c7727,metal and ligand,CATALYST,SMILES,C1=CC=C(C=C1)P(C2=CC=CC=C2)C3=C(C4=CC=CC=C4C=C3)C5=C(C=CC6=CC=CC=C65)P(C7=CC=CC=C7)C8=CC=CC=C8
ord-b3b59923db4e4673a6bcde3d5a9c7727,metal and ligand,CATALYST,SMILES,C1=CC=C(C=C1)/C=C/C(=O)/C=C/C2=CC=CC=C2.C1=CC=C(C=C1)/C=C/C(=O)/C=C/C2=CC=CC=C2.C1=CC=C(C=C1)/C=C/C(=O)/C=C/C2=CC=CC=C2.[Pd].[Pd]
ord-b3b59923db4e4673a6bcde3d5a9c7727,metal and ligand,CATALYST,SMILES,C1=CC=C(C=C1)P(C2=CC=CC=C2)C3=C(C4=CC=CC=C4C=C3)C5=C(C=CC6=CC=CC=C65)P(C7=CC=CC=C7)C8=CC=CC=C8
ord-b3b59923db4e4673a6bcde3d5a9c7727,metal and ligand,CATALYST,SMILES,C1=CC=C(C=C1)/C=C/C(=O)/C=C/C2=CC=CC=C2.C1=CC=C(C=C1)/C=C/C(=O)/C=C/C2=CC=CC=C2.C1=CC=C(C=C1)/C=C/C(=O)/C=C/C2=CC=CC=C2.[Pd].[Pd]
ord-8459652e6963448495d966b232514570,Base,REAGENT,SMILES,CC(C)(C)[O-].[K+]
ord-8459652e6963448495d966b232514570,Solvent,SOLVENT,SMILES,C1CCOC1
ord-8459652e6963448495d966b232514570,amine,REACTANT,SMILES,C[C@@H]1CN(CCN1)C(=O)OC(C)(C)C
ord-8459652e6963448495d966b232514570,aryl halide,REACTANT,SMILES,C1=CC=C(C=C1)COC2=CC=C(C=C2)Br
ord-8459652e6963448495d966b232514570,metal and ligand,CATALYST,SMILES,CC(C)(C)P(C(C)(C)C)C(C)(C)C
ord-8459652e6963448495d966b232514570,metal and ligand,CATALYST,SMILES,CC(C)(C)P(C(C)(C)C)C(C)(C)C.CC(C)(C)P(C(C)(C)C)C(C)(C)C.[Pd]
ord-8459652e6963448495d966b232514570,metal and ligand,CATALYST,SMILES,CC(C)(C)P(C(C)(C)C)C(C)(C)C
ord-8459652e6963448495d966b232514570,metal and ligand,CATALYST,SMILES,CC(C)(C)P(C(C)(C)C)C(C)(C)C.CC(C)(C)P(C(C)(C)C)C(C)(C)C.[Pd]
ord-aba439bdbf614f12a2c2928a8b3049c5,Base,REAGENT,SMILES,CC(C)(C)[O-].[Na+]
ord-aba439bdbf614f12a2c2928a8b3049c5,Solvent,SOLVENT,SMILES,CC1=CC=CC=C1
ord-aba439bdbf614f12a2c2928a8b3049c5,amine,REACTANT,SMILES,C[C@@H]1CN(CCN1)C(=O)OC(C)(C)C
ord-aba439bdbf614f12a2c2928a8b3049c5,aryl halide,REACTANT,SMILES,C1=CC=C(C=C1)COC2=CC=C(C=C2)Br
ord-aba439bdbf614f12a2c2928a8b3049c5,metal and ligand,CATALYST,SMILES,C1=CC=C(C=C1)P(C2=CC=CC=C2)C3=C(C4=CC=CC=C4C=C3)C5=C(C=CC6=CC=CC=C65)P(C7=CC=CC=C7)C8=CC=CC=C8
ord-aba439bdbf614f12a2c2928a8b3049c5,metal and ligand,CATALYST,SMILES,CC(=O)O.CC(=O)O.[Pd]
ord-aba439bdbf614f12a2c2928a8b3049c5,metal and ligand,CATALYST,SMILES,C1=CC=C(C=C1)P(C2=CC=CC=C2)C3=C(C4=CC=CC=C4C=C3)C5=C(C=CC6=CC=CC=C65)P(C7=CC=CC=C7)C8=CC=CC=C8
ord-aba439bdbf614f12a2c2928a8b3049c5,metal and ligand,CATALYST,SMILES,CC(=O)O.CC(=O)O.[Pd]
ord-53993d3e76914a9480a25e3f9305c2e9,Base,REAGENT,SMILES,CC(C)(C)[O-].[K+]
ord-53993d3e76914a9480a25e3f9305c2e9,Solvent,SOLVENT,SMILES,C1CCOC1
ord-53993d3e76914a9480a25e3f9305c2e9,amine,REACTANT,SMILES,C[C@@H]1CN(CCN1)C(=O)OC(C)(C)C
ord-53993d3e76914a9480a25e3f9305c2e9,aryl halide,REACTANT,SMILES,C1=CC=C(C=C1)COC2=CC=C(C=C2)Br
ord-53993d3e76914a9480a25e3f9305c2e9,metal and ligand,CATALYST,SMILES,CC(C)(C)P(C(C)(C)C)C(C)(C)C
ord-53993d3e76914a9480a25e3f9305c2e9,metal and ligand,CATALYST,SMILES,CC(C)(C)P(C(C)(C)C)C(C)(C)C.CC(C)(C)P(C(C)(C)C)C(C)(C)C.[Pd]
ord-53993d3e76914a9480a25e3f9305c2e9,metal and ligand,CATALYST,SMILES,CC(C)(C)P(C(C)(C)C)C(C)(C)C
ord-53993d3e76914a9480a25e3f9305c2e9,metal and ligand,CATALYST,SMILES,CC(C)(C)P(C(C)(C)C)C(C)(C)C.CC(C)(C)P(C(C)(C)C)C(C)(C)C.[Pd]
ord-8d2093b827454e2d9150258e88282b25,Base,REAGENT,SMILES,CC(C)(C)[O-].[Na+]
ord-8d2093b827454e2d9150258e88282b25,Solvent,SOLVENT,SMILES,CC1=CC=CC=C1
ord-8d2093b827454e2d9150258e88282b25,amine,REACTANT,SMILES,C[C@@H]1CN(CCN1)C(=O)OC(C)(C)C
ord-8d2093b827454e2d9150258e88282b25,aryl halide,REACTANT,SMILES,C1=CC=C(C=C1)COC2=CC=C(C=C2)Br
ord-8d2093b827454e2d9150258e88282b25,metal and ligand,CATALYST,SMILES,CC1(C2=C(C(=CC=C2)P(C3=CC=CC=C3)C4=CC=CC=C4)OC5=C1C=CC=C5P(C6=CC=CC=C6)C7=CC=CC=C7)C
ord-8d2093b827454e2d9150258e88282b25,metal and ligand,CATALYST,SMILES,C1=CC=C(C=C1)/C=C/C(=O)/C=C/C2=CC=CC=C2.C1=CC=C(C=C1)/C=C/C(=O)/C=C/C2=CC=CC=C2.C1=CC=C(C=C1)/C=C/C(=O)/C=C/C2=CC=CC=C2.[Pd].[Pd]
ord-8d2093b827454e2d9150258e88282b25,metal and ligand,CATALYST,SMILES,CC1(C2=C(C(=CC=C2)P(C3=CC=CC=C3)C4=CC=CC=C4)OC5=C1C=CC=C5P(C6=CC=CC=C6)C7=CC=CC=C7)C
ord-8d2093b827454e2d9150258e88282b25,metal and ligand,CATALYST,SMILES,C1=CC=C(C=C1)/C=C/C(=O)/C=C/C2=CC=CC=C2.C1=CC=C(C=C1)/C=C/C(=O)/C=C/C2=CC=CC=C2.C1=CC=C(C=C1)/C=C/C(=O)/C=C/C2=CC=CC=C2.[Pd].[Pd]
ord-2e557d69002c4320a9c5c7d56e530a90,Base,REAGENT,SMILES,CC(C)(C)[O-].[Na+]
ord-2e557d69002c4320a9c5c7d56e530a90,Solvent,SOLVENT,SMILES,CC1=CC=CC=C1
ord-2e557d69002c4320a9c5c7d56e530a90,amine,REACTANT,SMILES,C1CCNCC1
ord-2e557d69002c4320a9c5c7d56e530a90,aryl halide,REACTANT,SMILES,C1=CC(=C(C=C1Br)F)C#N
ord-2e557d69002c4320a9c5c7d56e530a90,metal and ligand,CATALYST,SMILES,CC(C)C1=CC(=C(C(=C1)C(C)C)C2=CC=CC=C2P(C3CCCCC3)C4CCCCC4)C(C)C
ord-2e557d69002c4320a9c5c7d56e530a90,metal and ligand,CATALYST,SMILES,CC(=O)O.CC(=O)O.[Pd]
ord-2e557d69002c4320a9c5c7d56e530a90,metal and ligand,CATALYST,SMILES,CC(C)C1=CC(=C(C(=C1)C(C)C)C2=CC=CC=C2P(C3CCCCC3)C4CCCCC4)C(C)C
ord-2e557d69002c4320a9c5c7d56e530a90,metal and ligand,CATALYST,SMILES,CC(=O)O.CC(=O)O.[Pd]
ord-cb91af3b3ac34425a6933ab18a143ee0,Base,REAGENT,SMILES,C(=O)([O-])[O-].[Cs+].[Cs+]
ord-cb91af3b3ac34425a6933ab18a143ee0,Solvent,SOLVENT,SMILES,C1COCCO1
ord-cb91af3b3ac34425a6933ab18a143ee0,amine,REACTANT,SMILES,C1=CN=CC=C1C2=CC3=CN=C(N=C3C(=C2)Cl)N
ord-cb91af3b3ac34425a6933ab18a143ee0,aryl halide,REACTANT,SMILES,C[C@H](C1=CC=C(C=C1)Br)NC(=O)OC(C)(C)C
ord-cb91af3b3ac34425a6933ab18a143ee0,metal and ligand,CATALYST,SMILES,CC1(C2=C(C(=CC=C2)P(C3=CC=CC=C3)C4=CC=CC=C4)OC5=C1C=CC=C5P(C6=CC=CC=C6)C7=CC=CC=C7)C
ord-cb91af3b3ac34425a6933ab18a143ee0,metal and ligand,CATALYST,SMILES,C1=CC=C(C=C1)/C=C/C(=O)/C=C/C2=CC=CC=C2.C1=CC=C(C=C1)/C=C/C(=O)/C=C/C2=CC=CC=C2.C1=CC=C(C=C1)/C=C/C(=O)/C=C/C2=CC=CC=C2.[Pd].[Pd]
ord-cb91af3b3ac34425a6933ab18a143ee0,metal and ligand,CATALYST,SMILES,CC1(C2=C(C(=CC=C2)P(C3=CC=CC=C3)C4=CC=CC=C4)OC5=C1C=CC=C5P(C6=CC=CC=C6)C7=CC=CC=C7)C
ord-cb91af3b3ac34425a6933ab18a143ee0,metal and ligand,CATALYST,SMILES,C1=CC=C(C=C1)/C=C/C(=O)/C=C/C2=CC=CC=C2.C1=CC=C(C=C1)/C=C/C(=O)/C=C/C2=CC=CC=C2.C1=CC=C(C=C1)/C=C/C(=O)/C=C/C2=CC=CC=C2.[Pd].[Pd]
ord-5cced2257316472bbbfef637f32f12c1,Base,REAGENT,SMILES,CC(C)(C)[O-].[Na+]
ord-5cced2257316472bbbfef637f32f12c1,Solvent,SOLVENT,SMILES,C1COCCO1
ord-5cced2257316472bbbfef637f32f12c1,amine,REACTANT,SMILES,CC1=C(C=CC(=N1)N2C=NC=N2)N
ord-5cced2257316472bbbfef637f32f12c1,aryl halide,REACTANT,SMILES,CC(C)OC(=O)N1CCC(CC1)OC2=C(C(=NC=N2)Cl)OC
ord-5cced2257316472bbbfef637f32f12c1,metal and ligand,CATALYST,SMILES,CC(C)CN1CCN2CCN(P1N(CC2)CC(C)C)CC(C)C
ord-5cced2257316472bbbfef637f32f12c1,metal and ligand,CATALYST,SMILES,CC(=O)O.CC(=O)O.[Pd]
ord-5cced2257316472bbbfef637f32f12c1,metal and ligand,CATALYST,SMILES,CC(C)CN1CCN2CCN(P1N(CC2)CC(C)C)CC(C)C
ord-5cced2257316472bbbfef637f32f12c1,metal and ligand,CATALYST,SMILES,CC(=O)O.CC(=O)O.[Pd]
ord-ea73803169b640e3b40a2b6127b91b44,Base,REAGENT,SMILES,C(=O)([O-])[O-].[Cs+].[Cs+]
ord-ea73803169b640e3b40a2b6127b91b44,Solvent,SOLVENT,SMILES,C1COCCO1
ord-ea73803169b640e3b40a2b6127b91b44,amine,REACTANT,SMILES,CC(=O)N1CCN(CC1)C2=C(C=C(C(=C2)OC)N)OC
ord-ea73803169b640e3b40a2b6127b91b44,aryl halide,REACTANT,SMILES,C1=CC2=NC=C(N2C=C1)C3=NC(=NC=C3Cl)Cl
ord-ea73803169b640e3b40a2b6127b91b44,metal and ligand,CATALYST,SMILES,CC1(C2=C(C(=CC=C2)P(C3=CC=CC=C3)C4=CC=CC=C4)OC5=C1C=CC=C5P(C6=CC=CC=C6)C7=CC=CC=C7)C
ord-ea73803169b640e3b40a2b6127b91b44,metal and ligand,CATALYST,SMILES,CC(=O)O.CC(=O)O.[Pd]
ord-ea73803169b640e3b40a2b6127b91b44,metal and ligand,CATALYST,SMILES,CC1(C2=C(C(=CC=C2)P(C3=CC=CC=C3)C4=CC=CC=C4)OC5=C1C=CC=C5P(C6=CC=CC=C6)C7=CC=CC=C7)C
ord-ea73803169b640e3b40a2b6127b91b44,metal and ligand,CATALYST,SMILES,CC(=O)O.CC(=O)O.[Pd]
ord-89a1182c94f742baabcda9e64ef54d27,Base,REAGENT,SMILES,CC(C)(C)[O-].[Na+]
ord-89a1182c94f742baabcda9e64ef54d27,Solvent,SOLVENT,SMILES,COC1=CC=CC=C1
ord-89a1182c94f742baabcda9e64ef54d27,amine,REACTANT,SMILES,C1CCNC1
ord-89a1182c94f742baabcda9e64ef54d27,aryl halide,REACTANT,SMILES,CC(=O)N1CCN(CC1)C2=CC(=C(C=C2)NC3=NC=C(C(=N3)C4=CN=C5N4C=CC(=C5)Cl)Cl)OC
ord-89a1182c94f742baabcda9e64ef54d27,metal and ligand,CATALYST,SMILES,CC(C)C1=CC(=C(C(=C1)C(C)C)C2=CC=CC=C2P(C3CCCCC3)C4CCCCC4)C(C)C
ord-89a1182c94f742baabcda9e64ef54d27,metal and ligand,CATALYST,SMILES,C1=CC=C(C=C1)/C=C/C(=O)/C=C/C2=CC=CC=C2.C1=CC=C(C=C1)/C=C/C(=O)/C=C/C2=CC=CC=C2.C1=CC=C(C=C1)/C=C/C(=O)/C=C/C2=CC=CC=C2.[Pd].[Pd]
ord-89a1182c94f742baabcda9e64ef54d27,metal and ligand,CATALYST,SMILES,CC(C)C1=CC(=C(C(=C1)C(C)C)C2=CC=CC=C2P(C3CCCCC3)C4CCCCC4)C(C)C
ord-89a1182c94f742baabcda9e64ef54d27,metal and ligand,CATALYST,SMILES,C1=CC=C(C=C1)/C=C/C(=O)/C=C/C2=CC=CC=C2.C1=CC=C(C=C1)/C=C/C(=O)/C=C/C2=CC=CC=C2.C1=CC=C(C=C1)/C=C/C(=O)/C=C/C2=CC=CC=C2.[Pd].[Pd]
ord-63adda83987840e4a77972b9a1ad7b3d,Base,REAGENT,SMILES,CC(C)(C)[O-].[Na+]
ord-63adda83987840e4a77972b9a1ad7b3d,Solvent,SOLVENT,SMILES,C1COCCO1
ord-63adda83987840e4a77972b9a1ad7b3d,amine,REACTANT,SMILES,C1CCNC1
ord-63adda83987840e4a77972b9a1ad7b3d,aryl halide,REACTANT,SMILES,CC(=O)N1CCN(CC1)C2=CC(=C(C=C2)NC3=NC=C(C(=N3)C4=CN=C5N4C=CC(=C5)Cl)Cl)OC
ord-63adda83987840e4a77972b9a1ad7b3d,metal and ligand,CATALYST,SMILES,C1=CC=C(C=C1)P(C2=CC=CC=C2)C3=C(C4=CC=CC=C4C=C3)C5=C(C=CC6=CC=CC=C65)P(C7=CC=CC=C7)C8=CC=CC=C8
ord-63adda83987840e4a77972b9a1ad7b3d,metal and ligand,CATALYST,SMILES,C1=CC=C(C=C1)/C=C/C(=O)/C=C/C2=CC=CC=C2.C1=CC=C(C=C1)/C=C/C(=O)/C=C/C2=CC=CC=C2.C1=CC=C(C=C1)/C=C/C(=O)/C=C/C2=CC=CC=C2.[Pd].[Pd]
ord-63adda83987840e4a77972b9a1ad7b3d,metal and ligand,CATALYST,SMILES,C1=CC=C(C=C1)P(C2=CC=CC=C2)C3=C(C4=CC=CC=C4C=C3)C5=C(C=CC6=CC=CC=C65)P(C7=CC=CC=C7)C8=CC=CC=C8
ord-63adda83987840e4a77972b9a1ad7b3d,metal and ligand,CATALYST,SMILES,C1=CC=C(C=C1)/C=C/C(=O)/C=C/C2=CC=CC=C2.C1=CC=C(C=C1)/C=C/C(=O)/C=C/C2=CC=CC=C2.C1=CC=C(C=C1)/C=C/C(=O)/C=C/C2=CC=CC=C2.[Pd].[Pd]
ord-3c40e6ac0b7c4653beac4f187a4bcda3,Base,REAGENT,SMILES,CC(C)(C)[O-].[Na+]
ord-3c40e6ac0b7c4653beac4f187a4bcda3,Solvent,SOLVENT,SMILES,C1COCCO1
ord-3c40e6ac0b7c4653beac4f187a4bcda3,amine,REACTANT,SMILES,CC1=C(C=CC(=N1)S(=O)(=O)C)N
ord-3c40e6ac0b7c4653beac4f187a4bcda3,aryl halide,REACTANT,SMILES,CC1=C(N=CN=C1Cl)OC2CCN(CC2)C(=O)OC(C)C
ord-3c40e6ac0b7c4653beac4f187a4bcda3,metal and ligand,CATALYST,SMILES,CC(C)CN1CCN2CCN(P1N(CC2)CC(C)C)CC(C)C
ord-3c40e6ac0b7c4653beac4f187a4bcda3,metal and ligand,CATALYST,SMILES,CC(=O)O.CC(=O)O.[Pd]
ord-3c40e6ac0b7c4653beac4f187a4bcda3,metal and ligand,CATALYST,SMILES,CC(C)CN1CCN2CCN(P1N(CC2)CC(C)C)CC(C)C
ord-3c40e6ac0b7c4653beac4f187a4bcda3,metal and ligand,CATALYST,SMILES,CC(=O)O.CC(=O)O.[Pd]
ord-d5f70214ac20425bbba3af9e0d825482,Base,REAGENT,SMILES,C(=O)([O-])[O-].[Cs+].[Cs+]
ord-d5f70214ac20425bbba3af9e0d825482,Solvent,SOLVENT,SMILES,C1COCCO1
ord-d5f70214ac20425bbba3af9e0d825482,amine,REACTANT,SMILES,C1COCCN1
ord-d5f70214ac20425bbba3af9e0d825482,aryl halide,REACTANT,SMILES,C1=C(C=NC=C1Br)N
ord-d5f70214ac20425bbba3af9e0d825482,metal and ligand,CATALYST,SMILES,CC1(C2=C(C(=CC=C2)P(C3=CC=CC=C3)C4=CC=CC=C4)OC5=C1C=CC=C5P(C6=CC=CC=C6)C7=CC=CC=C7)C
ord-d5f70214ac20425bbba3af9e0d825482,metal and ligand,CATALYST,SMILES,CC(=O)O.CC(=O)O.[Pd]
ord-d5f70214ac20425bbba3af9e0d825482,metal and ligand,CATALYST,SMILES,CC1(C2=C(C(=CC=C2)P(C3=CC=CC=C3)C4=CC=CC=C4)OC5=C1C=CC=C5P(C6=CC=CC=C6)C7=CC=CC=C7)C
ord-d5f70214ac20425bbba3af9e0d825482,metal and ligand,CATALYST,SMILES,CC(=O)O.CC(=O)O.[Pd]
ord-9c57f3e17c814398b6e1a1b710de4610,Base,REAGENT,SMILES,C(=O)([O-])[O-].[Cs+].[Cs+]
ord-9c57f3e17c814398b6e1a1b710de4610,Solvent,SOLVENT,SMILES,C1COCCO1
ord-9c57f3e17c814398b6e1a1b710de4610,amine,REACTANT,SMILES,C1COCCN1
ord-9c57f3e17c814398b6e1a1b710de4610,aryl halide,REACTANT,SMILES,C1=C(C=NC=C1Br)N
ord-9c57f3e17c814398b6e1a1b710de4610,metal and ligand,CATALYST,SMILES,CC1(C2=C(C(=CC=C2)P(C3=CC=CC=C3)C4=CC=CC=C4)OC5=C1C=CC=C5P(C6=CC=CC=C6)C7=CC=CC=C7)C
ord-9c57f3e17c814398b6e1a1b710de4610,metal and ligand,CATALYST,SMILES,CC(=O)O.CC(=O)O.[Pd]
ord-9c57f3e17c814398b6e1a1b710de4610,metal and ligand,CATALYST,SMILES,CC1(C2=C(C(=CC=C2)P(C3=CC=CC=C3)C4=CC=CC=C4)OC5=C1C=CC=C5P(C6=CC=CC=C6)C7=CC=CC=C7)C
ord-9c57f3e17c814398b6e1a1b710de4610,metal and ligand,CATALYST,SMILES,CC(=O)O.CC(=O)O.[Pd]
ord-20af979b60da4f278f5b92ae2abaf8ca,Base,REAGENT,SMILES,C(=O)([O-])[O-].[Cs+].[Cs+]
ord-20af979b60da4f278f5b92ae2abaf8ca,Solvent,SOLVENT,SMILES,C1COCCO1
ord-20af979b60da4f278f5b92ae2abaf8ca,amine,REACTANT,SMILES,CC1=CC(=NN1C(=O)OC(C)(C)C)N
ord-20af979b60da4f278f5b92ae2abaf8ca,aryl halide,REACTANT,SMILES,CC(C1=C(C=C(C=N1)F)F)NC2=C(C(=NC(=N2)Cl)N3CCOCC3)F
ord-20af979b60da4f278f5b92ae2abaf8ca,metal and ligand,CATALYST,SMILES,CC1(C2=C(C(=CC=C2)P(C3=CC=CC=C3)C4=CC=CC=C4)OC5=C1C=CC=C5P(C6=CC=CC=C6)C7=CC=CC=C7)C
ord-20af979b60da4f278f5b92ae2abaf8ca,metal and ligand,CATALYST,SMILES,C1=CC=C(C=C1)/C=C/C(=O)/C=C/C2=CC=CC=C2.C1=CC=C(C=C1)/C=C/C(=O)/C=C/C2=CC=CC=C2.C1=CC=C(C=C1)/C=C/C(=O)/C=C/C2=CC=CC=C2.[Pd].[Pd]
ord-20af979b60da4f278f5b92ae2abaf8ca,metal and ligand,CATALYST,SMILES,CC1(C2=C(C(=CC=C2)P(C3=CC=CC=C3)C4=CC=CC=C4)OC5=C1C=CC=C5P(C6=CC=CC=C6)C7=CC=CC=C7)C
ord-20af979b60da4f278f5b92ae2abaf8ca,metal and ligand,CATALYST,SMILES,C1=CC=C(C=C1)/C=C/C(=O)/C=C/C2=CC=CC=C2.C1=CC=C(C=C1)/C=C/C(=O)/C=C/C2=CC=CC=C2.C1=CC=C(C=C1)/C=C/C(=O)/C=C/C2=CC=CC=C2.[Pd].[Pd]
ord-5ee406d12bbe4c6fbfb323cf21dcbb47,Base,REAGENT,SMILES,CC(C)(C)[O-].[Na+]
ord-5ee406d12bbe4c6fbfb323cf21dcbb47,Solvent,SOLVENT,SMILES,CC1=CC=C(C=C1)C
ord-5ee406d12bbe4c6fbfb323cf21dcbb47,amine,REACTANT,SMILES,C1CNCCN1
ord-5ee406d12bbe4c6fbfb323cf21dcbb47,aryl halide,REACTANT,SMILES,C1=CC(=CN=C1)Br
ord-5ee406d12bbe4c6fbfb323cf21dcbb47,metal and ligand,CATALYST,SMILES,CC(C)(C)P(C(C)(C)C)C(C)(C)C
ord-5ee406d12bbe4c6fbfb323cf21dcbb47,metal and ligand,CATALYST,SMILES,C1=CC=C(C=C1)/C=C/C(=O)/C=C/C2=CC=CC=C2.C1=CC=C(C=C1)/C=C/C(=O)/C=C/C2=CC=CC=C2.C1=CC=C(C=C1)/C=C/C(=O)/C=C/C2=CC=CC=C2.[Pd].[Pd]
ord-5ee406d12bbe4c6fbfb323cf21dcbb47,metal and ligand,CATALYST,SMILES,CC(C)(C)P(C(C)(C)C)C(C)(C)C
ord-5ee406d12bbe4c6fbfb323cf21dcbb47,metal and ligand,CATALYST,SMILES,C1=CC=C(C=C1)/C=C/C(=O)/C=C/C2=CC=CC=C2.C1=CC=C(C=C1)/C=C/C(=O)/C=C/C2=CC=CC=C2.C1=CC=C(C=C1)/C=C/C(=O)/C=C/C2=CC=CC=C2.[Pd].[Pd]
ord-eeacd9f15ab048189aee22e65e39160d,Base,REAGENT,SMILES,CC(C)(C)[O-].[Na+]
ord-eeacd9f15ab048189aee22e65e39160d,Solvent,SOLVENT,SMILES,CC1=CC=CC=C1
ord-eeacd9f15ab048189aee22e65e39160d,amine,REACTANT,SMILES,CN1CCC(CC1)CN
ord-eeacd9f15ab048189aee22e65e39160d,aryl halide,REACTANT,SMILES,C1=CC(=CC(=C1)OC(F)(F)F)C2=CN=C3N2N=C(C=C3)Cl.Cl
ord-eeacd9f15ab048189aee22e65e39160d,metal and ligand,CATALYST,SMILES,CN(C)C1=CC=CC=C1C2=CC=CC=C2P(C3CCCCC3)C4CCCCC4
ord-eeacd9f15ab048189aee22e65e39160d,metal and ligand,CATALYST,SMILES,C1=CC=C(C=C1)/C=C/C(=O)/C=C/C2=CC=CC=C2.C1=CC=C(C=C1)/C=C/C(=O)/C=C/C2=CC=CC=C2.C1=CC=C(C=C1)/C=C/C(=O)/C=C/C2=CC=CC=C2.[Pd].[Pd]
ord-eeacd9f15ab048189aee22e65e39160d,metal and ligand,CATALYST,SMILES,CN(C)C1=CC=CC=C1C2=CC=CC=C2P(C3CCCCC3)C4CCCCC4
ord-eeacd9f15ab048189aee22e65e39160d,metal and ligand,CATALYST,SMILES,C1=CC=C(C=C1)/C=C/C(=O)/C=C/C2=CC=CC=C2.C1=CC=C(C=C1)/C=C/C(=O)/C=C/C2=CC=CC=C2.C1=CC=C(C=C1)/C=C/C(=O)/C=C/C2=CC=CC=C2.[Pd].[Pd]
ord-dc082fad710a4bd8bc62cdd0ba778e89,Base,REAGENT,SMILES,CC(C)(C)[O-].[Na+]
ord-dc082fad710a4bd8bc62cdd0ba778e89,Solvent,SOLVENT,SMILES,CC1=CC=CC=C1
ord-dc082fad710a4bd8bc62cdd0ba778e89,amine,REACTANT,SMILES,C1COCCN1
ord-dc082fad710a4bd8bc62cdd0ba778e89,aryl halide,REACTANT,SMILES,C1=CC=C(C=C1)COC2=NC(=CC=C2)Br
ord-dc082fad710a4bd8bc62cdd0ba778e89,metal and ligand,CATALYST,SMILES,C1=CC=C(C=C1)P(C2=CC=CC=C2)C3=C(C4=CC=CC=C4C=C3)C5=C(C=CC6=CC=CC=C65)P(C7=CC=CC=C7)C8=CC=CC=C8
ord-dc082fad710a4bd8bc62cdd0ba778e89,metal and ligand,CATALYST,SMILES,C1=CC=C(C=C1)/C=C/C(=O)/C=C/C2=CC=CC=C2.C1=CC=C(C=C1)/C=C/C(=O)/C=C/C2=CC=CC=C2.C1=CC=C(C=C1)/C=C/C(=O)/C=C/C2=CC=CC=C2.[Pd].[Pd]
ord-dc082fad710a4bd8bc62cdd0ba778e89,metal and ligand,CATALYST,SMILES,C1=CC=C(C=C1)P(C2=CC=CC=C2)C3=C(C4=CC=CC=C4C=C3)C5=C(C=CC6=CC=CC=C65)P(C7=CC=CC=C7)C8=CC=CC=C8
ord-dc082fad710a4bd8bc62cdd0ba778e89,metal and ligand,CATALYST,SMILES,C1=CC=C(C=C1)/C=C/C(=O)/C=C/C2=CC=CC=C2.C1=CC=C(C=C1)/C=C/C(=O)/C=C/C2=CC=CC=C2.C1=CC=C(C=C1)/C=C/C(=O)/C=C/C2=CC=CC=C2.[Pd].[Pd]
ord-d9a19803873546349da1be049890a71d,Base,REAGENT,SMILES,CC(C)(C)[O-].[Na+]
ord-d9a19803873546349da1be049890a71d,Solvent,SOLVENT,SMILES,C1COCCO1
ord-d9a19803873546349da1be049890a71d,amine,REACTANT,SMILES,CN1C(=CC=N1)N
ord-d9a19803873546349da1be049890a71d,aryl halide,REACTANT,SMILES,CN1CCC2=C(C1=O)C(=CC=C2)NC3=CC(=NC=C3Cl)Cl
ord-d9a19803873546349da1be049890a71d,metal and ligand,CATALYST,SMILES,C1=CC=C(C=C1)P(C2=CC=CC=C2)C3=C(C4=CC=CC=C4C=C3)C5=C(C=CC6=CC=CC=C65)P(C7=CC=CC=C7)C8=CC=CC=C8
ord-d9a19803873546349da1be049890a71d,metal and ligand,CATALYST,SMILES,C1=CC=C(C=C1)/C=C/C(=O)/C=C/C2=CC=CC=C2.C1=CC=C(C=C1)/C=C/C(=O)/C=C/C2=CC=CC=C2.C1=CC=C(C=C1)/C=C/C(=O)/C=C/C2=CC=CC=C2.[Pd].[Pd]
ord-d9a19803873546349da1be049890a71d,metal and ligand,CATALYST,SMILES,C1=CC=C(C=C1)P(C2=CC=CC=C2)C3=C(C4=CC=CC=C4C=C3)C5=C(C=CC6=CC=CC=C65)P(C7=CC=CC=C7)C8=CC=CC=C8
ord-d9a19803873546349da1be049890a71d,metal and ligand,CATALYST,SMILES,C1=CC=C(C=C1)/C=C/C(=O)/C=C/C2=CC=CC=C2.C1=CC=C(C=C1)/C=C/C(=O)/C=C/C2=CC=CC=C2.C1=CC=C(C=C1)/C=C/C(=O)/C=C/C2=CC=CC=C2.[Pd].[Pd]
ord-7ebbc5e119754d3d92d97de9cf239bc6,Base,REAGENT,SMILES,CC(C)(C)[O-].[Na+]
ord-7ebbc5e119754d3d92d97de9cf239bc6,Solvent,SOLVENT,SMILES,C1COCCO1
ord-7ebbc5e119754d3d92d97de9cf239bc6,amine,REACTANT,SMILES,CN1C(=CC=N1)N
ord-7ebbc5e119754d3d92d97de9cf239bc6,aryl halide,REACTANT,SMILES,CN1CCC2=C(C1=O)C(=CC=C2)NC3=CC(=NC=C3Cl)Cl
ord-7ebbc5e119754d3d92d97de9cf239bc6,metal and ligand,CATALYST,SMILES,CC1(C2=C(C(=CC=C2)P(C3=CC=CC=C3)C4=CC=CC=C4)OC5=C1C=CC=C5P(C6=CC=CC=C6)C7=CC=CC=C7)C
ord-7ebbc5e119754d3d92d97de9cf239bc6,metal and ligand,CATALYST,SMILES,C1=CC=C(C=C1)/C=C/C(=O)/C=C/C2=CC=CC=C2.C1=CC=C(C=C1)/C=C/C(=O)/C=C/C2=CC=CC=C2.C1=CC=C(C=C1)/C=C/C(=O)/C=C/C2=CC=CC=C2.[Pd].[Pd]
ord-7ebbc5e119754d3d92d97de9cf239bc6,metal and ligand,CATALYST,SMILES,CC1(C2=C(C(=CC=C2)P(C3=CC=CC=C3)C4=CC=CC=C4)OC5=C1C=CC=C5P(C6=CC=CC=C6)C7=CC=CC=C7)C
ord-7ebbc5e119754d3d92d97de9cf239bc6,metal and ligand,CATALYST,SMILES,C1=CC=C(C=C1)/C=C/C(=O)/C=C/C2=CC=CC=C2.C1=CC=C(C=C1)/C=C/C(=O)/C=C/C2=CC=CC=C2.C1=CC=C(C=C1)/C=C/C(=O)/C=C/C2=CC=CC=C2.[Pd].[Pd]
ord-e45b32fa63b1416c9334b4592b5aba03,Base,REAGENT,SMILES,CC(C)(C)[O-].[Na+]
ord-e45b32fa63b1416c9334b4592b5aba03,Solvent,SOLVENT,SMILES,C1COCCO1
ord-e45b32fa63b1416c9334b4592b5aba03,amine,REACTANT,SMILES,CN1C(=CC=N1)N
ord-e45b32fa63b1416c9334b4592b5aba03,aryl halide,REACTANT,SMILES,CN1CCC2=C(C1=O)C(=CC=C2)NC3=CC(=NC=C3Cl)Cl
ord-e45b32fa63b1416c9334b4592b5aba03,metal and ligand,CATALYST,SMILES,C1=CC=C(C=C1)P(C2=CC=CC=C2)C3=C(C4=CC=CC=C4C=C3)C5=C(C=CC6=CC=CC=C65)P(C7=CC=CC=C7)C8=CC=CC=C8
ord-e45b32fa63b1416c9334b4592b5aba03,metal and ligand,CATALYST,SMILES,C1=CC=C(C=C1)/C=C/C(=O)/C=C/C2=CC=CC=C2.C1=CC=C(C=C1)/C=C/C(=O)/C=C/C2=CC=CC=C2.C1=CC=C(C=C1)/C=C/C(=O)/C=C/C2=CC=CC=C2.[Pd].[Pd]
ord-e45b32fa63b1416c9334b4592b5aba03,metal and ligand,CATALYST,SMILES,C1=CC=C(C=C1)P(C2=CC=CC=C2)C3=C(C4=CC=CC=C4C=C3)C5=C(C=CC6=CC=CC=C65)P(C7=CC=CC=C7)C8=CC=CC=C8
ord-e45b32fa63b1416c9334b4592b5aba03,metal and ligand,CATALYST,SMILES,C1=CC=C(C=C1)/C=C/C(=O)/C=C/C2=CC=CC=C2.C1=CC=C(C=C1)/C=C/C(=O)/C=C/C2=CC=CC=C2.C1=CC=C(C=C1)/C=C/C(=O)/C=C/C2=CC=CC=C2.[Pd].[Pd]
ord-25de45b860ba4949ad9267cb514bb16a,Base,REAGENT,SMILES,CC(C)(C)[O-].[Na+]
ord-25de45b860ba4949ad9267cb514bb16a,Solvent,SOLVENT,SMILES,C1COCCO1
ord-25de45b860ba4949ad9267cb514bb16a,amine,REACTANT,SMILES,CN1C(=CC=N1)N
ord-25de45b860ba4949ad9267cb514bb16a,aryl halide,REACTANT,SMILES,CN1CCC2=C(C1=O)C(=CC=C2)NC3=CC(=NC=C3Cl)Cl
ord-25de45b860ba4949ad9267cb514bb16a,metal and ligand,CATALYST,SMILES,C1=CC=C(C=C1)P(C2=CC=CC=C2)C3=C(C4=CC=CC=C4C=C3)C5=C(C=CC6=CC=CC=C65)P(C7=CC=CC=C7)C8=CC=CC=C8
ord-25de45b860ba4949ad9267cb514bb16a,metal and ligand,CATALYST,SMILES,C1=CC=C(C=C1)/C=C/C(=O)/C=C/C2=CC=CC=C2.C1=CC=C(C=C1)/C=C/C(=O)/C=C/C2=CC=CC=C2.C1=CC=C(C=C1)/C=C/C(=O)/C=C/C2=CC=CC=C2.[Pd].[Pd]
ord-25de45b860ba4949ad9267cb514bb16a,metal and ligand,CATALYST,SMILES,C1=CC=C(C=C1)P(C2=CC=CC=C2)C3=C(C4=CC=CC=C4C=C3)C5=C(C=CC6=CC=CC=C65)P(C7=CC=CC=C7)C8=CC=CC=C8
ord-25de45b860ba4949ad9267cb514bb16a,metal and ligand,CATALYST,SMILES,C1=CC=C(C=C1)/C=C/C(=O)/C=C/C2=CC=CC=C2.C1=CC=C(C=C1)/C=C/C(=O)/C=C/C2=CC=CC=C2.C1=CC=C(C=C1)/C=C/C(=O)/C=C/C2=CC=CC=C2.[Pd].[Pd]
ord-80d00cb26739441d887e2e759be183c4,Base,REAGENT,SMILES,C(=O)([O-])[O-].[Cs+].[Cs+]
ord-80d00cb26739441d887e2e759be183c4,Solvent,SOLVENT,SMILES,C1COCCO1
ord-80d00cb26739441d887e2e759be183c4,amine,REACTANT,SMILES,CN1C(=CC=N1)N
ord-80d00cb26739441d887e2e759be183c4,aryl halide,REACTANT,SMILES,CN1CCC2=C(C1=O)C(=CC=C2)NC3=CC(=NC=C3Cl)Cl
ord-80d00cb26739441d887e2e759be183c4,metal and ligand,CATALYST,SMILES,CC1(C2=C(C(=CC=C2)P(C3=CC=CC=C3)C4=CC=CC=C4)OC5=C1C=CC=C5P(C6=CC=CC=C6)C7=CC=CC=C7)C
ord-80d00cb26739441d887e2e759be183c4,metal and ligand,CATALYST,SMILES,CC(=O)O.CC(=O)O.[Pd]
ord-80d00cb26739441d887e2e759be183c4,metal and ligand,CATALYST,SMILES,CC1(C2=C(C(=CC=C2)P(C3=CC=CC=C3)C4=CC=CC=C4)OC5=C1C=CC=C5P(C6=CC=CC=C6)C7=CC=CC=C7)C
ord-80d00cb26739441d887e2e759be183c4,metal and ligand,CATALYST,SMILES,CC(=O)O.CC(=O)O.[Pd]
ord-9145f2f3fc8144728bdd2b390e48a7d0,Base,REAGENT,SMILES,C(=O)([O-])[O-].[Cs+].[Cs+]
ord-9145f2f3fc8144728bdd2b390e48a7d0,Solvent,SOLVENT,SMILES,C1COCCO1
ord-9145f2f3fc8144728bdd2b390e48a7d0,amine,REACTANT,SMILES,CC(C)(C)OC(=O)NC
ord-9145f2f3fc8144728bdd2b390e48a7d0,aryl halide,REACTANT,SMILES,C1COCCN1C2=CC(=O)N3C=CC=C(C3=N2)C4=CC=CC5=C4SC6=C5C=C(C=C6)OS(=O)(=O)C(F)(F)F
ord-9145f2f3fc8144728bdd2b390e48a7d0,metal and ligand,CATALYST,SMILES,CC1(C2=C(C(=CC=C2)P(C3=CC=CC=C3)C4=CC=CC=C4)OC5=C1C=CC=C5P(C6=CC=CC=C6)C7=CC=CC=C7)C
ord-9145f2f3fc8144728bdd2b390e48a7d0,metal and ligand,CATALYST,SMILES,C1=CC=C(C=C1)/C=C/C(=O)/C=C/C2=CC=CC=C2.C1=CC=C(C=C1)/C=C/C(=O)/C=C/C2=CC=CC=C2.C1=CC=C(C=C1)/C=C/C(=O)/C=C/C2=CC=CC=C2.[Pd].[Pd]
ord-9145f2f3fc8144728bdd2b390e48a7d0,metal and ligand,CATALYST,SMILES,CC1(C2=C(C(=CC=C2)P(C3=CC=CC=C3)C4=CC=CC=C4)OC5=C1C=CC=C5P(C6=CC=CC=C6)C7=CC=CC=C7)C
ord-9145f2f3fc8144728bdd2b390e48a7d0,metal and ligand,CATALYST,SMILES,C1=CC=C(C=C1)/C=C/C(=O)/C=C/C2=CC=CC=C2.C1=CC=C(C=C1)/C=C/C(=O)/C=C/C2=CC=CC=C2.C1=CC=C(C=C1)/C=C/C(=O)/C=C/C2=CC=CC=C2.[Pd].[Pd]
ord-57d5091f100248ff80a0ef888a43c83e,Base,REAGENT,SMILES,C(=O)([O-])[O-].[Cs+].[Cs+]
ord-57d5091f100248ff80a0ef888a43c83e,Solvent,SOLVENT,SMILES,C1COCCO1
ord-57d5091f100248ff80a0ef888a43c83e,amine,REACTANT,SMILES,CC(C)(C)OC(=O)NC
ord-57d5091f100248ff80a0ef888a43c83e,aryl halide,REACTANT,SMILES,C1COCCN1C2=CC(=O)N3C=CC=C(C3=N2)C4=CC=CC5=C4SC6=C5C=C(C=C6)OS(=O)(=O)C(F)(F)F
ord-57d5091f100248ff80a0ef888a43c83e,metal and ligand,CATALYST,SMILES,CC1(C2=C(C(=CC=C2)P(C3=CC=CC=C3)C4=CC=CC=C4)OC5=C1C=CC=C5P(C6=CC=CC=C6)C7=CC=CC=C7)C
ord-57d5091f100248ff80a0ef888a43c83e,metal and ligand,CATALYST,SMILES,C1=CC=C(C=C1)/C=C/C(=O)/C=C/C2=CC=CC=C2.C1=CC=C(C=C1)/C=C/C(=O)/C=C/C2=CC=CC=C2.C1=CC=C(C=C1)/C=C/C(=O)/C=C/C2=CC=CC=C2.[Pd].[Pd]
ord-57d5091f100248ff80a0ef888a43c83e,metal and ligand,CATALYST,SMILES,CC1(C2=C(C(=CC=C2)P(C3=CC=CC=C3)C4=CC=CC=C4)OC5=C1C=CC=C5P(C6=CC=CC=C6)C7=CC=CC=C7)C
ord-57d5091f100248ff80a0ef888a43c83e,metal and ligand,CATALYST,SMILES,C1=CC=C(C=C1)/C=C/C(=O)/C=C/C2=CC=CC=C2.C1=CC=C(C=C1)/C=C/C(=O)/C=C/C2=CC=CC=C2.C1=CC=C(C=C1)/C=C/C(=O)/C=C/C2=CC=CC=C2.[Pd].[Pd]
ord-4cc48057d24f4576bf9eff479bcda6f7,Base,REAGENT,SMILES,C(=O)([O-])[O-].[Cs+].[Cs+]
ord-4cc48057d24f4576bf9eff479bcda6f7,Solvent,SOLVENT,SMILES,C1COCCO1
ord-4cc48057d24f4576bf9eff479bcda6f7,amine,REACTANT,SMILES,CC(C)(C)OC(=O)NC
ord-4cc48057d24f4576bf9eff479bcda6f7,aryl halide,REACTANT,SMILES,C1COCCN1C2=CC(=O)N3C=CC=C(C3=N2)C4=CC=CC5=C4SC6=C5C=C(C=C6)OS(=O)(=O)C(F)(F)F
ord-4cc48057d24f4576bf9eff479bcda6f7,metal and ligand,CATALYST,SMILES,CC1(C2=C(C(=CC=C2)P(C3=CC=CC=C3)C4=CC=CC=C4)OC5=C1C=CC=C5P(C6=CC=CC=C6)C7=CC=CC=C7)C
ord-4cc48057d24f4576bf9eff479bcda6f7,metal and ligand,CATALYST,SMILES,C1=CC=C(C=C1)/C=C/C(=O)/C=C/C2=CC=CC=C2.C1=CC=C(C=C1)/C=C/C(=O)/C=C/C2=CC=CC=C2.C1=CC=C(C=C1)/C=C/C(=O)/C=C/C2=CC=CC=C2.[Pd].[Pd]
ord-4cc48057d24f4576bf9eff479bcda6f7,metal and ligand,CATALYST,SMILES,CC1(C2=C(C(=CC=C2)P(C3=CC=CC=C3)C4=CC=CC=C4)OC5=C1C=CC=C5P(C6=CC=CC=C6)C7=CC=CC=C7)C
ord-4cc48057d24f4576bf9eff479bcda6f7,metal and ligand,CATALYST,SMILES,C1=CC=C(C=C1)/C=C/C(=O)/C=C/C2=CC=CC=C2.C1=CC=C(C=C1)/C=C/C(=O)/C=C/C2=CC=CC=C2.C1=CC=C(C=C1)/C=C/C(=O)/C=C/C2=CC=CC=C2.[Pd].[Pd]
ord-65b9230d98a54611a7b2ba04f46f98c7,Base,REAGENT,SMILES,CC(C)(C)[O-].[Na+]
ord-65b9230d98a54611a7b2ba04f46f98c7,Solvent,SOLVENT,SMILES,CC1=CC=C(C=C1)C
ord-65b9230d98a54611a7b2ba04f46f98c7,amine,REACTANT,SMILES,COC1=CC(=CC=C1)OC2CCNCC2.Cl
ord-65b9230d98a54611a7b2ba04f46f98c7,aryl halide,REACTANT,SMILES,C1=CC2=NN=C(N2C=C1Br)C(F)(F)F
ord-65b9230d98a54611a7b2ba04f46f98c7,metal and ligand,CATALYST,SMILES,C1=CC=C(C=C1)P(C2=CC=CC=C2)C3=C(C4=CC=CC=C4C=C3)C5=C(C=CC6=CC=CC=C65)P(C7=CC=CC=C7)C8=CC=CC=C8
ord-65b9230d98a54611a7b2ba04f46f98c7,metal and ligand,CATALYST,SMILES,C1=CC=C(C=C1)/C=C/C(=O)/C=C/C2=CC=CC=C2.C1=CC=C(C=C1)/C=C/C(=O)/C=C/C2=CC=CC=C2.[Pd]
ord-65b9230d98a54611a7b2ba04f46f98c7,metal and ligand,CATALYST,SMILES,C1=CC=C(C=C1)P(C2=CC=CC=C2)C3=C(C4=CC=CC=C4C=C3)C5=C(C=CC6=CC=CC=C65)P(C7=CC=CC=C7)C8=CC=CC=C8
ord-65b9230d98a54611a7b2ba04f46f98c7,metal and ligand,CATALYST,SMILES,C1=CC=C(C=C1)/C=C/C(=O)/C=C/C2=CC=CC=C2.C1=CC=C(C=C1)/C=C/C(=O)/C=C/C2=CC=CC=C2.[Pd]
ord-b8b79c3ec9d6403bb2571ea1f0499d2f,Base,REAGENT,SMILES,CC(C)(C)[O-].[Na+]
ord-b8b79c3ec9d6403bb2571ea1f0499d2f,Solvent,SOLVENT,SMILES,CC1=CC=C(C=C1)C
ord-b8b79c3ec9d6403bb2571ea1f0499d2f,amine,REACTANT,SMILES,CN1C(=CC=N1)CCOC2=CC=C(C=C2)C3CCNCC3
ord-b8b79c3ec9d6403bb2571ea1f0499d2f,aryl halide,REACTANT,SMILES,C1=CC2=NN=C(N2C=C1Br)C(F)(F)F
ord-b8b79c3ec9d6403bb2571ea1f0499d2f,metal and ligand,CATALYST,SMILES,C1=CC=C(C=C1)P(C2=CC=CC=C2)C3=C(C4=CC=CC=C4C=C3)C5=C(C=CC6=CC=CC=C65)P(C7=CC=CC=C7)C8=CC=CC=C8
ord-b8b79c3ec9d6403bb2571ea1f0499d2f,metal and ligand,CATALYST,SMILES,C1=CC=C(C=C1)/C=C/C(=O)/C=C/C2=CC=CC=C2.C1=CC=C(C=C1)/C=C/C(=O)/C=C/C2=CC=CC=C2.[Pd]
ord-b8b79c3ec9d6403bb2571ea1f0499d2f,metal and ligand,CATALYST,SMILES,C1=CC=C(C=C1)P(C2=CC=CC=C2)C3=C(C4=CC=CC=C4C=C3)C5=C(C=CC6=CC=CC=C65)P(C7=CC=CC=C7)C8=CC=CC=C8
ord-b8b79c3ec9d6403bb2571ea1f0499d2f,metal and ligand,CATALYST,SMILES,C1=CC=C(C=C1)/C=C/C(=O)/C=C/C2=CC=CC=C2.C1=CC=C(C=C1)/C=C/C(=O)/C=C/C2=CC=CC=C2.[Pd]
ord-5086568c313949c09e3b4fd70cc4de5e,Base,REAGENT,SMILES,C(=O)([O-])[O-].[Cs+].[Cs+]
ord-5086568c313949c09e3b4fd70cc4de5e,Solvent,SOLVENT,SMILES,CC1=CC=CC=C1
ord-5086568c313949c09e3b4fd70cc4de5e,amine,REACTANT,SMILES,C1CNCCC1CO
ord-5086568c313949c09e3b4fd70cc4de5e,aryl halide,REACTANT,SMILES,C1=CC(=C(C=C1Cl)Cl)I
ord-5086568c313949c09e3b4fd70cc4de5e,metal and ligand,CATALYST,SMILES,C1=CC=C(C=C1)P(C2=CC=CC=C2)C3=C(C4=CC=CC=C4C=C3)C5=C(C=CC6=CC=CC=C65)P(C7=CC=CC=C7)C8=CC=CC=C8
ord-5086568c313949c09e3b4fd70cc4de5e,metal and ligand,CATALYST,SMILES,C1=CC=C(C=C1)/C=C/C(=O)/C=C/C2=CC=CC=C2.C1=CC=C(C=C1)/C=C/C(=O)/C=C/C2=CC=CC=C2.C1=CC=C(C=C1)/C=C/C(=O)/C=C/C2=CC=CC=C2.[Pd].[Pd]
ord-5086568c313949c09e3b4fd70cc4de5e,metal and ligand,CATALYST,SMILES,C1=CC=C(C=C1)P(C2=CC=CC=C2)C3=C(C4=CC=CC=C4C=C3)C5=C(C=CC6=CC=CC=C65)P(C7=CC=CC=C7)C8=CC=CC=C8
ord-5086568c313949c09e3b4fd70cc4de5e,metal and ligand,CATALYST,SMILES,C1=CC=C(C=C1)/C=C/C(=O)/C=C/C2=CC=CC=C2.C1=CC=C(C=C1)/C=C/C(=O)/C=C/C2=CC=CC=C2.C1=CC=C(C=C1)/C=C/C(=O)/C=C/C2=CC=CC=C2.[Pd].[Pd]
ord-d81e972e76a34c37b97e862475279203,Base,REAGENT,SMILES,C(=O)([O-])[O-].[Cs+].[Cs+]
ord-d81e972e76a34c37b97e862475279203,Solvent,SOLVENT,SMILES,CC1=CC=CC=C1
ord-d81e972e76a34c37b97e862475279203,amine,REACTANT,SMILES,C1CNCCC1CO
ord-d81e972e76a34c37b97e862475279203,aryl halide,REACTANT,SMILES,C1=CC(=C(C=C1Cl)Cl)I
ord-d81e972e76a34c37b97e862475279203,metal and ligand,CATALYST,SMILES,C1=CC=C(C=C1)P(C2=CC=CC=C2)C3=C(C4=CC=CC=C4C=C3)C5=C(C=CC6=CC=CC=C65)P(C7=CC=CC=C7)C8=CC=CC=C8
ord-d81e972e76a34c37b97e862475279203,metal and ligand,CATALYST,SMILES,C1=CC=C(C=C1)/C=C/C(=O)/C=C/C2=CC=CC=C2.C1=CC=C(C=C1)/C=C/C(=O)/C=C/C2=CC=CC=C2.C1=CC=C(C=C1)/C=C/C(=O)/C=C/C2=CC=CC=C2.[Pd].[Pd]
ord-d81e972e76a34c37b97e862475279203,metal and ligand,CATALYST,SMILES,C1=CC=C(C=C1)P(C2=CC=CC=C2)C3=C(C4=CC=CC=C4C=C3)C5=C(C=CC6=CC=CC=C65)P(C7=CC=CC=C7)C8=CC=CC=C8
ord-d81e972e76a34c37b97e862475279203,metal and ligand,CATALYST,SMILES,C1=CC=C(C=C1)/C=C/C(=O)/C=C/C2=CC=CC=C2.C1=CC=C(C=C1)/C=C/C(=O)/C=C/C2=CC=CC=C2.C1=CC=C(C=C1)/C=C/C(=O)/C=C/C2=CC=CC=C2.[Pd].[Pd]
ord-6eea29be7d4b47c5893b1e243ef41836,Base,REAGENT,SMILES,C(=O)([O-])[O-].[Cs+].[Cs+]
ord-6eea29be7d4b47c5893b1e243ef41836,Solvent,SOLVENT,SMILES,CN(C)C=O
ord-6eea29be7d4b47c5893b1e243ef41836,amine,REACTANT,SMILES,CN(C)CCN
ord-6eea29be7d4b47c5893b1e243ef41836,aryl halide,REACTANT,SMILES,C1=CC=C(C=C1)I
ord-6eea29be7d4b47c5893b1e243ef41836,metal and ligand,CATALYST,SMILES,CC1(C2=C(C(=CC=C2)P(C3=CC=CC=C3)C4=CC=CC=C4)OC5=C1C=CC=C5P(C6=CC=CC=C6)C7=CC=CC=C7)C
ord-6eea29be7d4b47c5893b1e243ef41836,metal and ligand,CATALYST,SMILES,C1=CC=C(C=C1)/C=C/C(=O)/C=C/C2=CC=CC=C2.C1=CC=C(C=C1)/C=C/C(=O)/C=C/C2=CC=CC=C2.C1=CC=C(C=C1)/C=C/C(=O)/C=C/C2=CC=CC=C2.[Pd].[Pd]
ord-6eea29be7d4b47c5893b1e243ef41836,metal and ligand,CATALYST,SMILES,CC1(C2=C(C(=CC=C2)P(C3=CC=CC=C3)C4=CC=CC=C4)OC5=C1C=CC=C5P(C6=CC=CC=C6)C7=CC=CC=C7)C
ord-6eea29be7d4b47c5893b1e243ef41836,metal and ligand,CATALYST,SMILES,C1=CC=C(C=C1)/C=C/C(=O)/C=C/C2=CC=CC=C2.C1=CC=C(C=C1)/C=C/C(=O)/C=C/C2=CC=CC=C2.C1=CC=C(C=C1)/C=C/C(=O)/C=C/C2=CC=CC=C2.[Pd].[Pd]
ord-3870c5bc1f6548e38bd05a0e29b91f59,Base,REAGENT,SMILES,CC(C)(C)[O-].[Na+]
ord-3870c5bc1f6548e38bd05a0e29b91f59,Solvent,SOLVENT,SMILES,CC1=CC=CC=C1
ord-3870c5bc1f6548e38bd05a0e29b91f59,amine,REACTANT,SMILES,CC(C)(C)OC(=O)NC1CNC1
ord-3870c5bc1f6548e38bd05a0e29b91f59,aryl halide,REACTANT,SMILES,COC1=NC=CC(=C1)Br
ord-3870c5bc1f6548e38bd05a0e29b91f59,metal and ligand,CATALYST,SMILES,C1=CC=C(C=C1)P(C2=CC=CC=C2)C3=C(C4=CC=CC=C4C=C3)C5=C(C=CC6=CC=CC=C65)P(C7=CC=CC=C7)C8=CC=CC=C8
ord-3870c5bc1f6548e38bd05a0e29b91f59,metal and ligand,CATALYST,SMILES,C1=CC=C(C=C1)/C=C/C(=O)/C=C/C2=CC=CC=C2.C1=CC=C(C=C1)/C=C/C(=O)/C=C/C2=CC=CC=C2.C1=CC=C(C=C1)/C=C/C(=O)/C=C/C2=CC=CC=C2.[Pd].[Pd]
ord-3870c5bc1f6548e38bd05a0e29b91f59,metal and ligand,CATALYST,SMILES,C1=CC=C(C=C1)P(C2=CC=CC=C2)C3=C(C4=CC=CC=C4C=C3)C5=C(C=CC6=CC=CC=C65)P(C7=CC=CC=C7)C8=CC=CC=C8
ord-3870c5bc1f6548e38bd05a0e29b91f59,metal and ligand,CATALYST,SMILES,C1=CC=C(C=C1)/C=C/C(=O)/C=C/C2=CC=CC=C2.C1=CC=C(C=C1)/C=C/C(=O)/C=C/C2=CC=CC=C2.C1=CC=C(C=C1)/C=C/C(=O)/C=C/C2=CC=CC=C2.[Pd].[Pd]
ord-f3ebf4dfde174cff92751e3b49ce74da,Base,REAGENT,SMILES,CC(C)(C)[O-].[Na+]
ord-f3ebf4dfde174cff92751e3b49ce74da,Solvent,SOLVENT,SMILES,CC1=CC=CC=C1
ord-f3ebf4dfde174cff92751e3b49ce74da,amine,REACTANT,SMILES,CC(C)(C)OC(=O)NC1CNC1
ord-f3ebf4dfde174cff92751e3b49ce74da,aryl halide,REACTANT,SMILES,COC1=NC=CC(=C1)Br
ord-f3ebf4dfde174cff92751e3b49ce74da,metal and ligand,CATALYST,SMILES,C1=CC=C(C=C1)P(C2=CC=CC=C2)C3=C(C4=CC=CC=C4C=C3)C5=C(C=CC6=CC=CC=C65)P(C7=CC=CC=C7)C8=CC=CC=C8
ord-f3ebf4dfde174cff92751e3b49ce74da,metal and ligand,CATALYST,SMILES,C1=CC=C(C=C1)/C=C/C(=O)/C=C/C2=CC=CC=C2.C1=CC=C(C=C1)/C=C/C(=O)/C=C/C2=CC=CC=C2.C1=CC=C(C=C1)/C=C/C(=O)/C=C/C2=CC=CC=C2.[Pd].[Pd]
ord-f3ebf4dfde174cff92751e3b49ce74da,metal and ligand,CATALYST,SMILES,C1=CC=C(C=C1)P(C2=CC=CC=C2)C3=C(C4=CC=CC=C4C=C3)C5=C(C=CC6=CC=CC=C65)P(C7=CC=CC=C7)C8=CC=CC=C8
ord-f3ebf4dfde174cff92751e3b49ce74da,metal and ligand,CATALYST,SMILES,C1=CC=C(C=C1)/C=C/C(=O)/C=C/C2=CC=CC=C2.C1=CC=C(C=C1)/C=C/C(=O)/C=C/C2=CC=CC=C2.C1=CC=C(C=C1)/C=C/C(=O)/C=C/C2=CC=CC=C2.[Pd].[Pd]
ord-ff15f562a6534424848273f847da5684,Base,REAGENT,SMILES,C(=O)([O-])[O-].[Cs+].[Cs+]
ord-ff15f562a6534424848273f847da5684,Solvent,SOLVENT,SMILES,C1COCCO1
ord-ff15f562a6534424848273f847da5684,amine,REACTANT,SMILES,CN1CCC2=C(C1=O)C(=CC=C2)N
ord-ff15f562a6534424848273f847da5684,aryl halide,REACTANT,SMILES,CC1=NN(C=C1NC2=NC=C(C(=C2)I)C(F)(F)F)C
ord-ff15f562a6534424848273f847da5684,metal and ligand,CATALYST,SMILES,CC1(C2=C(C(=CC=C2)P(C3=CC=CC=C3)C4=CC=CC=C4)OC5=C1C=CC=C5P(C6=CC=CC=C6)C7=CC=CC=C7)C
ord-ff15f562a6534424848273f847da5684,metal and ligand,CATALYST,SMILES,CC(=O)O.CC(=O)O.[Pd]
ord-ff15f562a6534424848273f847da5684,metal and ligand,CATALYST,SMILES,CC1(C2=C(C(=CC=C2)P(C3=CC=CC=C3)C4=CC=CC=C4)OC5=C1C=CC=C5P(C6=CC=CC=C6)C7=CC=CC=C7)C
ord-ff15f562a6534424848273f847da5684,metal and ligand,CATALYST,SMILES,CC(=O)O.CC(=O)O.[Pd]
ord-86cf849855f845f68ee2526bc9e21e63,Base,REAGENT,SMILES,C(=O)([O-])[O-].[Cs+].[Cs+]
ord-86cf849855f845f68ee2526bc9e21e63,Solvent,SOLVENT,SMILES,C1COCCO1
ord-86cf849855f845f68ee2526bc9e21e63,amine,REACTANT,SMILES,CNC(=O)C1=CC=CC=C1N
ord-86cf849855f845f68ee2526bc9e21e63,aryl halide,REACTANT,SMILES,CC1=NN(C=C1NC2=NC=C(C(=C2)I)C(F)(F)F)C
ord-86cf849855f845f68ee2526bc9e21e63,metal and ligand,CATALYST,SMILES,CC1(C2=C(C(=CC=C2)P(C3=CC=CC=C3)C4=CC=CC=C4)OC5=C1C=CC=C5P(C6=CC=CC=C6)C7=CC=CC=C7)C
ord-86cf849855f845f68ee2526bc9e21e63,metal and ligand,CATALYST,SMILES,CC(=O)O.CC(=O)O.[Pd]
ord-86cf849855f845f68ee2526bc9e21e63,metal and ligand,CATALYST,SMILES,CC1(C2=C(C(=CC=C2)P(C3=CC=CC=C3)C4=CC=CC=C4)OC5=C1C=CC=C5P(C6=CC=CC=C6)C7=CC=CC=C7)C
ord-86cf849855f845f68ee2526bc9e21e63,metal and ligand,CATALYST,SMILES,CC(=O)O.CC(=O)O.[Pd]
ord-fc2357d340a54ad6a62277f1372b8047,Base,REAGENT,SMILES,C(=O)([O-])[O-].[Cs+].[Cs+]
ord-fc2357d340a54ad6a62277f1372b8047,Solvent,SOLVENT,SMILES,C1COCCO1
ord-fc2357d340a54ad6a62277f1372b8047,amine,REACTANT,SMILES,CNC(=O)C1=CC=CC=C1N
ord-fc2357d340a54ad6a62277f1372b8047,aryl halide,REACTANT,SMILES,CC1=NN(C=C1NC2=NC=C(C(=C2)I)C(F)(F)F)C
ord-fc2357d340a54ad6a62277f1372b8047,metal and ligand,CATALYST,SMILES,CC1(C2=C(C(=CC=C2)P(C3=CC=CC=C3)C4=CC=CC=C4)OC5=C1C=CC=C5P(C6=CC=CC=C6)C7=CC=CC=C7)C
ord-fc2357d340a54ad6a62277f1372b8047,metal and ligand,CATALYST,SMILES,CC(=O)O.CC(=O)O.[Pd]
ord-fc2357d340a54ad6a62277f1372b8047,metal and ligand,CATALYST,SMILES,CC1(C2=C(C(=CC=C2)P(C3=CC=CC=C3)C4=CC=CC=C4)OC5=C1C=CC=C5P(C6=CC=CC=C6)C7=CC=CC=C7)C
ord-fc2357d340a54ad6a62277f1372b8047,metal and ligand,CATALYST,SMILES,CC(=O)O.CC(=O)O.[Pd]
ord-ec30b6a8454048268e227104fe1b995b,Base,REAGENT,SMILES,C(=O)([O-])[O-].[Cs+].[Cs+]
ord-ec30b6a8454048268e227104fe1b995b,Solvent,SOLVENT,SMILES,C1COCCO1
ord-ec30b6a8454048268e227104fe1b995b,amine,REACTANT,SMILES,CNC(=O)C1=CC=CC=C1N
ord-ec30b6a8454048268e227104fe1b995b,aryl halide,REACTANT,SMILES,CC1=NN(C=C1NC2=NC=C(C(=C2)I)C(F)(F)F)C
ord-ec30b6a8454048268e227104fe1b995b,metal and ligand,CATALYST,SMILES,CC1(C2=C(C(=CC=C2)P(C3=CC=CC=C3)C4=CC=CC=C4)OC5=C1C=CC=C5P(C6=CC=CC=C6)C7=CC=CC=C7)C
ord-ec30b6a8454048268e227104fe1b995b,metal and ligand,CATALYST,SMILES,CC(=O)O.CC(=O)O.[Pd]
ord-ec30b6a8454048268e227104fe1b995b,metal and ligand,CATALYST,SMILES,CC1(C2=C(C(=CC=C2)P(C3=CC=CC=C3)C4=CC=CC=C4)OC5=C1C=CC=C5P(C6=CC=CC=C6)C7=CC=CC=C7)C
ord-ec30b6a8454048268e227104fe1b995b,metal and ligand,CATALYST,SMILES,CC(=O)O.CC(=O)O.[Pd]
ord-240c47d4226747c780fd84f26f44a48f,Base,REAGENT,SMILES,C(=O)([O-])[O-].[Cs+].[Cs+]
ord-240c47d4226747c780fd84f26f44a48f,Solvent,SOLVENT,SMILES,C1COCCO1
ord-240c47d4226747c780fd84f26f44a48f,amine,REACTANT,SMILES,CNC(=O)C1=C(C=CC=C1OC)N
ord-240c47d4226747c780fd84f26f44a48f,aryl halide,REACTANT,SMILES,CC1=NN(C=C1NC2=NC=C(C(=C2)I)C(F)(F)F)C
ord-240c47d4226747c780fd84f26f44a48f,metal and ligand,CATALYST,SMILES,CC1(C2=C(C(=CC=C2)P(C3=CC=CC=C3)C4=CC=CC=C4)OC5=C1C=CC=C5P(C6=CC=CC=C6)C7=CC=CC=C7)C
ord-240c47d4226747c780fd84f26f44a48f,metal and ligand,CATALYST,SMILES,CC(=O)O.CC(=O)O.[Pd]
ord-240c47d4226747c780fd84f26f44a48f,metal and ligand,CATALYST,SMILES,CC1(C2=C(C(=CC=C2)P(C3=CC=CC=C3)C4=CC=CC=C4)OC5=C1C=CC=C5P(C6=CC=CC=C6)C7=CC=CC=C7)C
ord-240c47d4226747c780fd84f26f44a48f,metal and ligand,CATALYST,SMILES,CC(=O)O.CC(=O)O.[Pd]
ord-10a49d7456a04dcab0790ed1d012aba2,Base,REAGENT,SMILES,C(=O)([O-])[O-].[Cs+].[Cs+]
ord-10a49d7456a04dcab0790ed1d012aba2,Solvent,SOLVENT,SMILES,C1COCCO1
ord-10a49d7456a04dcab0790ed1d012aba2,amine,REACTANT,SMILES,CNC(=O)C1=C(C=CC=C1OC)N
ord-10a49d7456a04dcab0790ed1d012aba2,aryl halide,REACTANT,SMILES,CC1=NN(C=C1NC2=NC=C(C(=C2)I)C(F)(F)F)C
ord-10a49d7456a04dcab0790ed1d012aba2,metal and ligand,CATALYST,SMILES,CC1(C2=C(C(=CC=C2)P(C3=CC=CC=C3)C4=CC=CC=C4)OC5=C1C=CC=C5P(C6=CC=CC=C6)C7=CC=CC=C7)C
ord-10a49d7456a04dcab0790ed1d012aba2,metal and ligand,CATALYST,SMILES,CC(=O)O.CC(=O)O.[Pd]
ord-10a49d7456a04dcab0790ed1d012aba2,metal and ligand,CATALYST,SMILES,CC1(C2=C(C(=CC=C2)P(C3=CC=CC=C3)C4=CC=CC=C4)OC5=C1C=CC=C5P(C6=CC=CC=C6)C7=CC=CC=C7)C
ord-10a49d7456a04dcab0790ed1d012aba2,metal and ligand,CATALYST,SMILES,CC(=O)O.CC(=O)O.[Pd]
ord-fdc95cd68ff44156ad0fcc365202187d,Base,REAGENT,SMILES,C(=O)([O-])[O-].[Cs+].[Cs+]
ord-fdc95cd68ff44156ad0fcc365202187d,Solvent,SOLVENT,SMILES,C1COCCO1
ord-fdc95cd68ff44156ad0fcc365202187d,amine,REACTANT,SMILES,CNC(=O)C1=C(C=CC=C1OC)N
ord-fdc95cd68ff44156ad0fcc365202187d,aryl halide,REACTANT,SMILES,CC1=NN(C=C1NC2=NC=C(C(=C2)I)C(F)(F)F)C
ord-fdc95cd68ff44156ad0fcc365202187d,metal and ligand,CATALYST,SMILES,CC1(C2=C(C(=CC=C2)P(C3=CC=CC=C3)C4=CC=CC=C4)OC5=C1C=CC=C5P(C6=CC=CC=C6)C7=CC=CC=C7)C
ord-fdc95cd68ff44156ad0fcc365202187d,metal and ligand,CATALYST,SMILES,CC(=O)O.CC(=O)O.[Pd]
ord-fdc95cd68ff44156ad0fcc365202187d,metal and ligand,CATALYST,SMILES,CC1(C2=C(C(=CC=C2)P(C3=CC=CC=C3)C4=CC=CC=C4)OC5=C1C=CC=C5P(C6=CC=CC=C6)C7=CC=CC=C7)C
ord-fdc95cd68ff44156ad0fcc365202187d,metal and ligand,CATALYST,SMILES,CC(=O)O.CC(=O)O.[Pd]
ord-183f397304e242fab1c88325fcefdf27,Base,REAGENT,SMILES,C(=O)([O-])[O-].[Cs+].[Cs+]
ord-183f397304e242fab1c88325fcefdf27,Solvent,SOLVENT,SMILES,C1COCCO1
ord-183f397304e242fab1c88325fcefdf27,amine,REACTANT,SMILES,CNC(=O)C1=C(C=CC=C1OC)N
ord-183f397304e242fab1c88325fcefdf27,aryl halide,REACTANT,SMILES,CC1=NN(C=C1NC2=NC=C(C(=C2)I)C(F)(F)F)C
ord-183f397304e242fab1c88325fcefdf27,metal and ligand,CATALYST,SMILES,CC1(C2=C(C(=CC=C2)P(C3=CC=CC=C3)C4=CC=CC=C4)OC5=C1C=CC=C5P(C6=CC=CC=C6)C7=CC=CC=C7)C
ord-183f397304e242fab1c88325fcefdf27,metal and ligand,CATALYST,SMILES,CC(=O)O.CC(=O)O.[Pd]
ord-183f397304e242fab1c88325fcefdf27,metal and ligand,CATALYST,SMILES,CC1(C2=C(C(=CC=C2)P(C3=CC=CC=C3)C4=CC=CC=C4)OC5=C1C=CC=C5P(C6=CC=CC=C6)C7=CC=CC=C7)C
ord-183f397304e242fab1c88325fcefdf27,metal and ligand,CATALYST,SMILES,CC(=O)O.CC(=O)O.[Pd]
ord-9599676249db417e97cf26e2b355d448,Base,REAGENT,SMILES,C(=O)([O-])[O-].[Cs+].[Cs+]
ord-9599676249db417e97cf26e2b355d448,Solvent,SOLVENT,SMILES,C1COCCO1
ord-9599676249db417e97cf26e2b355d448,amine,REACTANT,SMILES,CN1CCOC2=CC=CC(=C2C1=O)N
ord-9599676249db417e97cf26e2b355d448,aryl halide,REACTANT,SMILES,CC1=NN(C=C1NC2=NC=C(C(=C2)I)C(F)(F)F)C
ord-9599676249db417e97cf26e2b355d448,metal and ligand,CATALYST,SMILES,CC1(C2=C(C(=CC=C2)P(C3=CC=CC=C3)C4=CC=CC=C4)OC5=C1C=CC=C5P(C6=CC=CC=C6)C7=CC=CC=C7)C
ord-9599676249db417e97cf26e2b355d448,metal and ligand,CATALYST,SMILES,CC(=O)O.CC(=O)O.[Pd]
ord-9599676249db417e97cf26e2b355d448,metal and ligand,CATALYST,SMILES,CC1(C2=C(C(=CC=C2)P(C3=CC=CC=C3)C4=CC=CC=C4)OC5=C1C=CC=C5P(C6=CC=CC=C6)C7=CC=CC=C7)C
ord-9599676249db417e97cf26e2b355d448,metal and ligand,CATALYST,SMILES,CC(=O)O.CC(=O)O.[Pd]
ord-22901a6299a241baa726d8f567bd79ae,Base,REAGENT,SMILES,CC(C)(C)[O-].[Na+]
ord-22901a6299a241baa726d8f567bd79ae,Solvent,SOLVENT,SMILES,C1COCCO1
ord-22901a6299a241baa726d8f567bd79ae,amine,REACTANT,SMILES,C1=CC=C(C=C1)N
ord-22901a6299a241baa726d8f567bd79ae,aryl halide,REACTANT,SMILES,C1=CC(=NC(=C1Br)Cl)Cl
ord-22901a6299a241baa726d8f567bd79ae,metal and ligand,CATALYST,SMILES,C1=CC=C(C=C1)P(C2=CC=CC=C2)C3=C(C4=CC=CC=C4C=C3)C5=C(C=CC6=CC=CC=C65)P(C7=CC=CC=C7)C8=CC=CC=C8
ord-22901a6299a241baa726d8f567bd79ae,metal and ligand,CATALYST,SMILES,C1=CC=C(C=C1)/C=C/C(=O)/C=C/C2=CC=CC=C2.C1=CC=C(C=C1)/C=C/C(=O)/C=C/C2=CC=CC=C2.C1=CC=C(C=C1)/C=C/C(=O)/C=C/C2=CC=CC=C2.[Pd].[Pd]
ord-22901a6299a241baa726d8f567bd79ae,metal and ligand,CATALYST,SMILES,C1=CC=C(C=C1)P(C2=CC=CC=C2)C3=C(C4=CC=CC=C4C=C3)C5=C(C=CC6=CC=CC=C65)P(C7=CC=CC=C7)C8=CC=CC=C8
ord-22901a6299a241baa726d8f567bd79ae,metal and ligand,CATALYST,SMILES,C1=CC=C(C=C1)/C=C/C(=O)/C=C/C2=CC=CC=C2.C1=CC=C(C=C1)/C=C/C(=O)/C=C/C2=CC=CC=C2.C1=CC=C(C=C1)/C=C/C(=O)/C=C/C2=CC=CC=C2.[Pd].[Pd]
ord-7c9ead47a3324fac997f2b8af6afca02,Base,REAGENT,SMILES,[O-]P(=O)([O-])[O-].[K+].[K+].[K+]
ord-7c9ead47a3324fac997f2b8af6afca02,Solvent,SOLVENT,SMILES,C1COCCO1
ord-7c9ead47a3324fac997f2b8af6afca02,amine,REACTANT,SMILES,CC(C)(C)OC(=O)N
ord-7c9ead47a3324fac997f2b8af6afca02,aryl halide,REACTANT,SMILES,C1=C(C=C(N=C1Cl)Cl)C(=O)O
ord-7c9ead47a3324fac997f2b8af6afca02,metal and ligand,CATALYST,SMILES,CC1(C2=C(C(=CC=C2)P(C3=CC=CC=C3)C4=CC=CC=C4)OC5=C1C=CC=C5P(C6=CC=CC=C6)C7=CC=CC=C7)C
ord-7c9ead47a3324fac997f2b8af6afca02,metal and ligand,CATALYST,SMILES,C1=CC=C(C=C1)/C=C/C(=O)/C=C/C2=CC=CC=C2.C1=CC=C(C=C1)/C=C/C(=O)/C=C/C2=CC=CC=C2.C1=CC=C(C=C1)/C=C/C(=O)/C=C/C2=CC=CC=C2.[Pd].[Pd]
ord-7c9ead47a3324fac997f2b8af6afca02,metal and ligand,CATALYST,SMILES,CC1(C2=C(C(=CC=C2)P(C3=CC=CC=C3)C4=CC=CC=C4)OC5=C1C=CC=C5P(C6=CC=CC=C6)C7=CC=CC=C7)C
ord-7c9ead47a3324fac997f2b8af6afca02,metal and ligand,CATALYST,SMILES,C1=CC=C(C=C1)/C=C/C(=O)/C=C/C2=CC=CC=C2.C1=CC=C(C=C1)/C=C/C(=O)/C=C/C2=CC=CC=C2.C1=CC=C(C=C1)/C=C/C(=O)/C=C/C2=CC=CC=C2.[Pd].[Pd]
ord-17f82e7aaf404cf69c8e741e1af8f96f,Base,REAGENT,SMILES,C(=O)([O-])[O-].[Cs+].[Cs+]
ord-17f82e7aaf404cf69c8e741e1af8f96f,Solvent,SOLVENT,SMILES,C1COCCO1
ord-17f82e7aaf404cf69c8e741e1af8f96f,amine,REACTANT,SMILES,CN1C(=CC=N1)N
ord-17f82e7aaf404cf69c8e741e1af8f96f,aryl halide,REACTANT,SMILES,C1=CN=C(C=C1Cl)Cl
ord-17f82e7aaf404cf69c8e741e1af8f96f,metal and ligand,CATALYST,SMILES,CC1(C2=C(C(=CC=C2)P(C3=CC=CC=C3)C4=CC=CC=C4)OC5=C1C=CC=C5P(C6=CC=CC=C6)C7=CC=CC=C7)C
ord-17f82e7aaf404cf69c8e741e1af8f96f,metal and ligand,CATALYST,SMILES,C1=CC=C(C=C1)/C=C/C(=O)/C=C/C2=CC=CC=C2.C1=CC=C(C=C1)/C=C/C(=O)/C=C/C2=CC=CC=C2.C1=CC=C(C=C1)/C=C/C(=O)/C=C/C2=CC=CC=C2.[Pd].[Pd]
ord-17f82e7aaf404cf69c8e741e1af8f96f,metal and ligand,CATALYST,SMILES,CC1(C2=C(C(=CC=C2)P(C3=CC=CC=C3)C4=CC=CC=C4)OC5=C1C=CC=C5P(C6=CC=CC=C6)C7=CC=CC=C7)C
ord-17f82e7aaf404cf69c8e741e1af8f96f,metal and ligand,CATALYST,SMILES,C1=CC=C(C=C1)/C=C/C(=O)/C=C/C2=CC=CC=C2.C1=CC=C(C=C1)/C=C/C(=O)/C=C/C2=CC=CC=C2.C1=CC=C(C=C1)/C=C/C(=O)/C=C/C2=CC=CC=C2.[Pd].[Pd]
ord-1216a944f8b54fd3a989e124edb2145c,Base,REAGENT,SMILES,C(=O)([O-])[O-].[Cs+].[Cs+]
ord-1216a944f8b54fd3a989e124edb2145c,Solvent,SOLVENT,SMILES,C1COCCO1
ord-1216a944f8b54fd3a989e124edb2145c,amine,REACTANT,SMILES,CN1C(=CC=N1)N
ord-1216a944f8b54fd3a989e124edb2145c,aryl halide,REACTANT,SMILES,C1=CN=C(C=C1Cl)Cl
ord-1216a944f8b54fd3a989e124edb2145c,metal and ligand,CATALYST,SMILES,CC1(C2=C(C(=CC=C2)P(C3=CC=CC=C3)C4=CC=CC=C4)OC5=C1C=CC=C5P(C6=CC=CC=C6)C7=CC=CC=C7)C
ord-1216a944f8b54fd3a989e124edb2145c,metal and ligand,CATALYST,SMILES,C1=CC=C(C=C1)/C=C/C(=O)/C=C/C2=CC=CC=C2.C1=CC=C(C=C1)/C=C/C(=O)/C=C/C2=CC=CC=C2.C1=CC=C(C=C1)/C=C/C(=O)/C=C/C2=CC=CC=C2.[Pd].[Pd]
ord-1216a944f8b54fd3a989e124edb2145c,metal and ligand,CATALYST,SMILES,CC1(C2=C(C(=CC=C2)P(C3=CC=CC=C3)C4=CC=CC=C4)OC5=C1C=CC=C5P(C6=CC=CC=C6)C7=CC=CC=C7)C
ord-1216a944f8b54fd3a989e124edb2145c,metal and ligand,CATALYST,SMILES,C1=CC=C(C=C1)/C=C/C(=O)/C=C/C2=CC=CC=C2.C1=CC=C(C=C1)/C=C/C(=O)/C=C/C2=CC=CC=C2.C1=CC=C(C=C1)/C=C/C(=O)/C=C/C2=CC=CC=C2.[Pd].[Pd]
ord-90d260fec9dd4d62a1593e5cdff9b43a,Base,REAGENT,SMILES,C(=O)([O-])[O-].[Cs+].[Cs+]
ord-90d260fec9dd4d62a1593e5cdff9b43a,Solvent,SOLVENT,SMILES,C1COCCO1
ord-90d260fec9dd4d62a1593e5cdff9b43a,amine,REACTANT,SMILES,CN1C(=CC=N1)N
ord-90d260fec9dd4d62a1593e5cdff9b43a,aryl halide,REACTANT,SMILES,C1=CN=C(C=C1Cl)Cl
ord-90d260fec9dd4d62a1593e5cdff9b43a,metal and ligand,CATALYST,SMILES,CC1(C2=C(C(=CC=C2)P(C3=CC=CC=C3)C4=CC=CC=C4)OC5=C1C=CC=C5P(C6=CC=CC=C6)C7=CC=CC=C7)C
ord-90d260fec9dd4d62a1593e5cdff9b43a,metal and ligand,CATALYST,SMILES,C1=CC=C(C=C1)/C=C/C(=O)/C=C/C2=CC=CC=C2.C1=CC=C(C=C1)/C=C/C(=O)/C=C/C2=CC=CC=C2.C1=CC=C(C=C1)/C=C/C(=O)/C=C/C2=CC=CC=C2.[Pd].[Pd]
ord-90d260fec9dd4d62a1593e5cdff9b43a,metal and ligand,CATALYST,SMILES,CC1(C2=C(C(=CC=C2)P(C3=CC=CC=C3)C4=CC=CC=C4)OC5=C1C=CC=C5P(C6=CC=CC=C6)C7=CC=CC=C7)C
ord-90d260fec9dd4d62a1593e5cdff9b43a,metal and ligand,CATALYST,SMILES,C1=CC=C(C=C1)/C=C/C(=O)/C=C/C2=CC=CC=C2.C1=CC=C(C=C1)/C=C/C(=O)/C=C/C2=CC=CC=C2.C1=CC=C(C=C1)/C=C/C(=O)/C=C/C2=CC=CC=C2.[Pd].[Pd]
ord-3c8e64b916074a0fa79f8b674402d3e9,Base,REAGENT,SMILES,CC(C)(C)[O-].[Na+]
ord-3c8e64b916074a0fa79f8b674402d3e9,Solvent,SOLVENT,SMILES,C1COCCO1
ord-3c8e64b916074a0fa79f8b674402d3e9,amine,REACTANT,SMILES,CN1C(=CC=N1)N
ord-3c8e64b916074a0fa79f8b674402d3e9,aryl halide,REACTANT,SMILES,C1=CN=C(C=C1Cl)Cl
ord-3c8e64b916074a0fa79f8b674402d3e9,metal and ligand,CATALYST,SMILES,CC1(C2=C(C(=CC=C2)P(C3=CC=CC=C3)C4=CC=CC=C4)OC5=C1C=CC=C5P(C6=CC=CC=C6)C7=CC=CC=C7)C
ord-3c8e64b916074a0fa79f8b674402d3e9,metal and ligand,CATALYST,SMILES,C1=CC=C(C=C1)/C=C/C(=O)/C=C/C2=CC=CC=C2.C1=CC=C(C=C1)/C=C/C(=O)/C=C/C2=CC=CC=C2.C1=CC=C(C=C1)/C=C/C(=O)/C=C/C2=CC=CC=C2.[Pd].[Pd]
ord-3c8e64b916074a0fa79f8b674402d3e9,metal and ligand,CATALYST,SMILES,CC1(C2=C(C(=CC=C2)P(C3=CC=CC=C3)C4=CC=CC=C4)OC5=C1C=CC=C5P(C6=CC=CC=C6)C7=CC=CC=C7)C
ord-3c8e64b916074a0fa79f8b674402d3e9,metal and ligand,CATALYST,SMILES,C1=CC=C(C=C1)/C=C/C(=O)/C=C/C2=CC=CC=C2.C1=CC=C(C=C1)/C=C/C(=O)/C=C/C2=CC=CC=C2.C1=CC=C(C=C1)/C=C/C(=O)/C=C/C2=CC=CC=C2.[Pd].[Pd]
ord-dfcce3a0a05b417eb954f008fad9e74c,Base,REAGENT,SMILES,CC(C)(C)[O-].[Na+]
ord-dfcce3a0a05b417eb954f008fad9e74c,Solvent,SOLVENT,SMILES,C1COCCO1
ord-dfcce3a0a05b417eb954f008fad9e74c,amine,REACTANT,SMILES,CN1C(=CC=N1)N
ord-dfcce3a0a05b417eb954f008fad9e74c,aryl halide,REACTANT,SMILES,C1=CN=C(C=C1Cl)Cl
ord-dfcce3a0a05b417eb954f008fad9e74c,metal and ligand,CATALYST,SMILES,CC1(C2=C(C(=CC=C2)P(C3=CC=CC=C3)C4=CC=CC=C4)OC5=C1C=CC=C5P(C6=CC=CC=C6)C7=CC=CC=C7)C
ord-dfcce3a0a05b417eb954f008fad9e74c,metal and ligand,CATALYST,SMILES,C1=CC=C(C=C1)/C=C/C(=O)/C=C/C2=CC=CC=C2.C1=CC=C(C=C1)/C=C/C(=O)/C=C/C2=CC=CC=C2.C1=CC=C(C=C1)/C=C/C(=O)/C=C/C2=CC=CC=C2.[Pd].[Pd]
ord-dfcce3a0a05b417eb954f008fad9e74c,metal and ligand,CATALYST,SMILES,CC1(C2=C(C(=CC=C2)P(C3=CC=CC=C3)C4=CC=CC=C4)OC5=C1C=CC=C5P(C6=CC=CC=C6)C7=CC=CC=C7)C
ord-dfcce3a0a05b417eb954f008fad9e74c,metal and ligand,CATALYST,SMILES,C1=CC=C(C=C1)/C=C/C(=O)/C=C/C2=CC=CC=C2.C1=CC=C(C=C1)/C=C/C(=O)/C=C/C2=CC=CC=C2.C1=CC=C(C=C1)/C=C/C(=O)/C=C/C2=CC=CC=C2.[Pd].[Pd]
ord-67b473c406bc4b47b51604fb52d7c08b,Base,REAGENT,SMILES,C(=O)([O-])[O-].[Cs+].[Cs+]
ord-67b473c406bc4b47b51604fb52d7c08b,Solvent,SOLVENT,SMILES,C1COCCO1
ord-67b473c406bc4b47b51604fb52d7c08b,amine,REACTANT,SMILES,CN1C(=CC=N1)N
ord-67b473c406bc4b47b51604fb52d7c08b,aryl halide,REACTANT,SMILES,C1=CN=C(C=C1Cl)Cl
ord-67b473c406bc4b47b51604fb52d7c08b,metal and ligand,CATALYST,SMILES,CC1(C2=C(C(=CC=C2)P(C3=CC=CC=C3)C4=CC=CC=C4)OC5=C1C=CC=C5P(C6=CC=CC=C6)C7=CC=CC=C7)C
ord-67b473c406bc4b47b51604fb52d7c08b,metal and ligand,CATALYST,SMILES,C1=CC=C(C=C1)/C=C/C(=O)/C=C/C2=CC=CC=C2.C1=CC=C(C=C1)/C=C/C(=O)/C=C/C2=CC=CC=C2.C1=CC=C(C=C1)/C=C/C(=O)/C=C/C2=CC=CC=C2.[Pd].[Pd]
ord-67b473c406bc4b47b51604fb52d7c08b,metal and ligand,CATALYST,SMILES,CC1(C2=C(C(=CC=C2)P(C3=CC=CC=C3)C4=CC=CC=C4)OC5=C1C=CC=C5P(C6=CC=CC=C6)C7=CC=CC=C7)C
ord-67b473c406bc4b47b51604fb52d7c08b,metal and ligand,CATALYST,SMILES,C1=CC=C(C=C1)/C=C/C(=O)/C=C/C2=CC=CC=C2.C1=CC=C(C=C1)/C=C/C(=O)/C=C/C2=CC=CC=C2.C1=CC=C(C=C1)/C=C/C(=O)/C=C/C2=CC=CC=C2.[Pd].[Pd]
ord-0394a7894466450da1ab8d7f700166f5,Base,REAGENT,SMILES,C(=O)([O-])[O-].[Cs+].[Cs+]
ord-0394a7894466450da1ab8d7f700166f5,Solvent,SOLVENT,SMILES,C1COCCO1
ord-0394a7894466450da1ab8d7f700166f5,amine,REACTANT,SMILES,CN1C(=CC=N1)N
ord-0394a7894466450da1ab8d7f700166f5,aryl halide,REACTANT,SMILES,C1=CN=C(C=C1Cl)Cl
ord-0394a7894466450da1ab8d7f700166f5,metal and ligand,CATALYST,SMILES,CC1(C2=C(C(=CC=C2)P(C3=CC=CC=C3)C4=CC=CC=C4)OC5=C1C=CC=C5P(C6=CC=CC=C6)C7=CC=CC=C7)C
ord-0394a7894466450da1ab8d7f700166f5,metal and ligand,CATALYST,SMILES,C1=CC=C(C=C1)/C=C/C(=O)/C=C/C2=CC=CC=C2.C1=CC=C(C=C1)/C=C/C(=O)/C=C/C2=CC=CC=C2.C1=CC=C(C=C1)/C=C/C(=O)/C=C/C2=CC=CC=C2.[Pd].[Pd]
ord-0394a7894466450da1ab8d7f700166f5,metal and ligand,CATALYST,SMILES,CC1(C2=C(C(=CC=C2)P(C3=CC=CC=C3)C4=CC=CC=C4)OC5=C1C=CC=C5P(C6=CC=CC=C6)C7=CC=CC=C7)C
ord-0394a7894466450da1ab8d7f700166f5,metal and ligand,CATALYST,SMILES,C1=CC=C(C=C1)/C=C/C(=O)/C=C/C2=CC=CC=C2.C1=CC=C(C=C1)/C=C/C(=O)/C=C/C2=CC=CC=C2.C1=CC=C(C=C1)/C=C/C(=O)/C=C/C2=CC=CC=C2.[Pd].[Pd]
ord-542a3d0745614bcba1a86db54a9cc72d,Base,REAGENT,SMILES,C(=O)([O-])[O-].[Cs+].[Cs+]
ord-542a3d0745614bcba1a86db54a9cc72d,Solvent,SOLVENT,SMILES,CC1=CC=CC=C1
ord-542a3d0745614bcba1a86db54a9cc72d,amine,REACTANT,SMILES,C1=CC=C(C=C1)N
ord-542a3d0745614bcba1a86db54a9cc72d,aryl halide,REACTANT,SMILES,C1=CC(=NC(=C1I)Cl)Cl
ord-542a3d0745614bcba1a86db54a9cc72d,metal and ligand,CATALYST,SMILES,C1=CC=C(C=C1)P(C2=CC=CC=C2)C3=C(C4=CC=CC=C4C=C3)C5=C(C=CC6=CC=CC=C65)P(C7=CC=CC=C7)C8=CC=CC=C8
ord-542a3d0745614bcba1a86db54a9cc72d,metal and ligand,CATALYST,SMILES,CC(=O)O.CC(=O)O.[Pd]
ord-542a3d0745614bcba1a86db54a9cc72d,metal and ligand,CATALYST,SMILES,C1=CC=C(C=C1)P(C2=CC=CC=C2)C3=C(C4=CC=CC=C4C=C3)C5=C(C=CC6=CC=CC=C65)P(C7=CC=CC=C7)C8=CC=CC=C8
ord-542a3d0745614bcba1a86db54a9cc72d,metal and ligand,CATALYST,SMILES,CC(=O)O.CC(=O)O.[Pd]
ord-fc9c1fb745cd41db91cc01d3444dd381,Base,REAGENT,SMILES,C(=O)([O-])[O-].[K+].[K+]
ord-fc9c1fb745cd41db91cc01d3444dd381,Solvent,SOLVENT,SMILES,C1COCCO1
ord-fc9c1fb745cd41db91cc01d3444dd381,amine,REACTANT,SMILES,C1=CC=C(C=C1)N
ord-fc9c1fb745cd41db91cc01d3444dd381,aryl halide,REACTANT,SMILES,C1=CC(=NC(=C1I)Cl)Cl
ord-fc9c1fb745cd41db91cc01d3444dd381,metal and ligand,CATALYST,SMILES,C1CCC(CC1)P(C2CCCCC2)C3=CC=CC=C3C4=CC=CC=C4
ord-fc9c1fb745cd41db91cc01d3444dd381,metal and ligand,CATALYST,SMILES,CC(=O)O.CC(=O)O.[Pd]
ord-fc9c1fb745cd41db91cc01d3444dd381,metal and ligand,CATALYST,SMILES,C1CCC(CC1)P(C2CCCCC2)C3=CC=CC=C3C4=CC=CC=C4
ord-fc9c1fb745cd41db91cc01d3444dd381,metal and ligand,CATALYST,SMILES,CC(=O)O.CC(=O)O.[Pd]
ord-91ba9c49c74648a386e9a8da907612ae,Base,REAGENT,SMILES,CC(C)(C)[O-].[Na+]
ord-91ba9c49c74648a386e9a8da907612ae,Solvent,SOLVENT,SMILES,C1COCCO1
ord-91ba9c49c74648a386e9a8da907612ae,amine,REACTANT,SMILES,C1=CC=C(C=C1)N
ord-91ba9c49c74648a386e9a8da907612ae,aryl halide,REACTANT,SMILES,C1=CC(=NC(=C1I)Cl)Cl
ord-91ba9c49c74648a386e9a8da907612ae,metal and ligand,CATALYST,SMILES,C1=CC=C(C=C1)P(C2=CC=CC=C2)C3=C(C4=CC=CC=C4C=C3)C5=C(C=CC6=CC=CC=C65)P(C7=CC=CC=C7)C8=CC=CC=C8
ord-91ba9c49c74648a386e9a8da907612ae,metal and ligand,CATALYST,SMILES,C1=CC=C(C=C1)/C=C/C(=O)/C=C/C2=CC=CC=C2.C1=CC=C(C=C1)/C=C/C(=O)/C=C/C2=CC=CC=C2.C1=CC=C(C=C1)/C=C/C(=O)/C=C/C2=CC=CC=C2.[Pd].[Pd]
ord-91ba9c49c74648a386e9a8da907612ae,metal and ligand,CATALYST,SMILES,C1=CC=C(C=C1)P(C2=CC=CC=C2)C3=C(C4=CC=CC=C4C=C3)C5=C(C=CC6=CC=CC=C65)P(C7=CC=CC=C7)C8=CC=CC=C8
ord-91ba9c49c74648a386e9a8da907612ae,metal and ligand,CATALYST,SMILES,C1=CC=C(C=C1)/C=C/C(=O)/C=C/C2=CC=CC=C2.C1=CC=C(C=C1)/C=C/C(=O)/C=C/C2=CC=CC=C2.C1=CC=C(C=C1)/C=C/C(=O)/C=C/C2=CC=CC=C2.[Pd].[Pd]
ord-2de77de369ef42f8b910f9e83130f454,Base,REAGENT,SMILES,C(=O)([O-])[O-].[Cs+].[Cs+]
ord-2de77de369ef42f8b910f9e83130f454,Solvent,SOLVENT,SMILES,CC1=CC=CC=C1
ord-2de77de369ef42f8b910f9e83130f454,amine,REACTANT,SMILES,CC(C)(C)OC(=O)NC1CCNCC1
ord-2de77de369ef42f8b910f9e83130f454,aryl halide,REACTANT,SMILES,COC(=O)C1=CC(=CC=C1)Br
ord-2de77de369ef42f8b910f9e83130f454,metal and ligand,CATALYST,SMILES,C1=CC=C(C=C1)P(C2=CC=CC=C2)C3=C(C4=CC=CC=C4C=C3)C5=C(C=CC6=CC=CC=C65)P(C7=CC=CC=C7)C8=CC=CC=C8
ord-2de77de369ef42f8b910f9e83130f454,metal and ligand,CATALYST,SMILES,CC(=O)O.CC(=O)O.[Pd]
ord-2de77de369ef42f8b910f9e83130f454,metal and ligand,CATALYST,SMILES,C1=CC=C(C=C1)P(C2=CC=CC=C2)C3=C(C4=CC=CC=C4C=C3)C5=C(C=CC6=CC=CC=C65)P(C7=CC=CC=C7)C8=CC=CC=C8
ord-2de77de369ef42f8b910f9e83130f454,metal and ligand,CATALYST,SMILES,CC(=O)O.CC(=O)O.[Pd]
ord-81dfebc5c5a442faa29242be372b9cb1,Base,REAGENT,SMILES,C(=O)([O-])[O-].[Cs+].[Cs+]
ord-81dfebc5c5a442faa29242be372b9cb1,Solvent,SOLVENT,SMILES,C1COCCO1
ord-81dfebc5c5a442faa29242be372b9cb1,amine,REACTANT,SMILES,CC(C)(C)OC(=O)N
ord-81dfebc5c5a442faa29242be372b9cb1,aryl halide,REACTANT,SMILES,C1=CN=C(C=C1F)Cl
ord-81dfebc5c5a442faa29242be372b9cb1,metal and ligand,CATALYST,SMILES,CC1(C2=C(C(=CC=C2)P(C3=CC=CC=C3)C4=CC=CC=C4)OC5=C1C=CC=C5P(C6=CC=CC=C6)C7=CC=CC=C7)C
ord-81dfebc5c5a442faa29242be372b9cb1,metal and ligand,CATALYST,SMILES,C1=CC=C(C=C1)/C=C/C(=O)/C=C/C2=CC=CC=C2.C1=CC=C(C=C1)/C=C/C(=O)/C=C/C2=CC=CC=C2.C1=CC=C(C=C1)/C=C/C(=O)/C=C/C2=CC=CC=C2.[Pd].[Pd]
ord-81dfebc5c5a442faa29242be372b9cb1,metal and ligand,CATALYST,SMILES,CC1(C2=C(C(=CC=C2)P(C3=CC=CC=C3)C4=CC=CC=C4)OC5=C1C=CC=C5P(C6=CC=CC=C6)C7=CC=CC=C7)C
ord-81dfebc5c5a442faa29242be372b9cb1,metal and ligand,CATALYST,SMILES,C1=CC=C(C=C1)/C=C/C(=O)/C=C/C2=CC=CC=C2.C1=CC=C(C=C1)/C=C/C(=O)/C=C/C2=CC=CC=C2.C1=CC=C(C=C1)/C=C/C(=O)/C=C/C2=CC=CC=C2.[Pd].[Pd]
ord-e759d69f11ae4651a16a93e70cd9c7e3,Base,REAGENT,SMILES,[O-]P(=O)([O-])[O-].[K+].[K+].[K+]
ord-e759d69f11ae4651a16a93e70cd9c7e3,Solvent,SOLVENT,SMILES,C1COCCO1
ord-e759d69f11ae4651a16a93e70cd9c7e3,amine,REACTANT,SMILES,CC(C)(C)OC(=O)CN(C)C1=CC(=C(C=C1)N)OC
ord-e759d69f11ae4651a16a93e70cd9c7e3,aryl halide,REACTANT,SMILES,C1=CN2C(=CN=C2C(=C1)F)C3=NC(=NC=C3Cl)Cl
ord-e759d69f11ae4651a16a93e70cd9c7e3,metal and ligand,CATALYST,SMILES,C1=CC=C(C=C1)P(C2=CC=CC=C2)C3=C(C4=CC=CC=C4C=C3)C5=C(C=CC6=CC=CC=C65)P(C7=CC=CC=C7)C8=CC=CC=C8
ord-e759d69f11ae4651a16a93e70cd9c7e3,metal and ligand,CATALYST,SMILES,CC(=O)O.CC(=O)O.[Pd]
ord-e759d69f11ae4651a16a93e70cd9c7e3,metal and ligand,CATALYST,SMILES,C1=CC=C(C=C1)P(C2=CC=CC=C2)C3=C(C4=CC=CC=C4C=C3)C5=C(C=CC6=CC=CC=C65)P(C7=CC=CC=C7)C8=CC=CC=C8
ord-e759d69f11ae4651a16a93e70cd9c7e3,metal and ligand,CATALYST,SMILES,CC(=O)O.CC(=O)O.[Pd]
ord-1a5e116509544433b15ed4392cd63699,Base,REAGENT,SMILES,C(=O)([O-])[O-].[Cs+].[Cs+]
ord-1a5e116509544433b15ed4392cd63699,Solvent,SOLVENT,SMILES,C1COCCO1
ord-1a5e116509544433b15ed4392cd63699,amine,REACTANT,SMILES,CNC(=O)C1=C(C=CC=C1OC)N
ord-1a5e116509544433b15ed4392cd63699,aryl halide,REACTANT,SMILES,C1=C(C(=CN=C1Cl)C(F)(F)F)I
ord-1a5e116509544433b15ed4392cd63699,metal and ligand,CATALYST,SMILES,CC1(C2=C(C(=CC=C2)P(C3=CC=CC=C3)C4=CC=CC=C4)OC5=C1C=CC=C5P(C6=CC=CC=C6)C7=CC=CC=C7)C
ord-1a5e116509544433b15ed4392cd63699,metal and ligand,CATALYST,SMILES,CC(=O)O.CC(=O)O.[Pd]
ord-1a5e116509544433b15ed4392cd63699,metal and ligand,CATALYST,SMILES,CC1(C2=C(C(=CC=C2)P(C3=CC=CC=C3)C4=CC=CC=C4)OC5=C1C=CC=C5P(C6=CC=CC=C6)C7=CC=CC=C7)C
ord-1a5e116509544433b15ed4392cd63699,metal and ligand,CATALYST,SMILES,CC(=O)O.CC(=O)O.[Pd]
ord-67600027c34a4dbf95ee52ac1b8cec86,Base,REAGENT,SMILES,C(=O)([O-])[O-].[Cs+].[Cs+]
ord-67600027c34a4dbf95ee52ac1b8cec86,Solvent,SOLVENT,SMILES,C1COCCO1
ord-67600027c34a4dbf95ee52ac1b8cec86,amine,REACTANT,SMILES,CNC(=O)C1=C(C=CC=C1OC)N
ord-67600027c34a4dbf95ee52ac1b8cec86,aryl halide,REACTANT,SMILES,C1=C(C(=CN=C1Cl)C(F)(F)F)I
ord-67600027c34a4dbf95ee52ac1b8cec86,metal and ligand,CATALYST,SMILES,CC1(C2=C(C(=CC=C2)P(C3=CC=CC=C3)C4=CC=CC=C4)OC5=C1C=CC=C5P(C6=CC=CC=C6)C7=CC=CC=C7)C
ord-67600027c34a4dbf95ee52ac1b8cec86,metal and ligand,CATALYST,SMILES,CC(=O)O.CC(=O)O.[Pd]
ord-67600027c34a4dbf95ee52ac1b8cec86,metal and ligand,CATALYST,SMILES,CC1(C2=C(C(=CC=C2)P(C3=CC=CC=C3)C4=CC=CC=C4)OC5=C1C=CC=C5P(C6=CC=CC=C6)C7=CC=CC=C7)C
ord-67600027c34a4dbf95ee52ac1b8cec86,metal and ligand,CATALYST,SMILES,CC(=O)O.CC(=O)O.[Pd]
ord-322e28476a6147ed99e484e5e4c5349d,Base,REAGENT,SMILES,C(=O)([O-])[O-].[Cs+].[Cs+]
ord-322e28476a6147ed99e484e5e4c5349d,Solvent,SOLVENT,SMILES,C1COCCO1
ord-322e28476a6147ed99e484e5e4c5349d,amine,REACTANT,SMILES,CNC(=O)C1=C(C=CC=C1OC)N
ord-322e28476a6147ed99e484e5e4c5349d,aryl halide,REACTANT,SMILES,C1=C(C(=CN=C1Cl)C(F)(F)F)I
ord-322e28476a6147ed99e484e5e4c5349d,metal and ligand,CATALYST,SMILES,CC1(C2=C(C(=CC=C2)P(C3=CC=CC=C3)C4=CC=CC=C4)OC5=C1C=CC=C5P(C6=CC=CC=C6)C7=CC=CC=C7)C
ord-322e28476a6147ed99e484e5e4c5349d,metal and ligand,CATALYST,SMILES,CC(=O)O.CC(=O)O.[Pd]
ord-322e28476a6147ed99e484e5e4c5349d,metal and ligand,CATALYST,SMILES,CC1(C2=C(C(=CC=C2)P(C3=CC=CC=C3)C4=CC=CC=C4)OC5=C1C=CC=C5P(C6=CC=CC=C6)C7=CC=CC=C7)C
ord-322e28476a6147ed99e484e5e4c5349d,metal and ligand,CATALYST,SMILES,CC(=O)O.CC(=O)O.[Pd]
ord-34303fd6fd5e47248d4e6485a08472e5,Base,REAGENT,SMILES,C(=O)([O-])[O-].[Cs+].[Cs+]
ord-34303fd6fd5e47248d4e6485a08472e5,Solvent,SOLVENT,SMILES,C1COCCO1
ord-34303fd6fd5e47248d4e6485a08472e5,amine,REACTANT,SMILES,C1COCCN1
ord-34303fd6fd5e47248d4e6485a08472e5,aryl halide,REACTANT,SMILES,CC(C)(C)OC(=O)NC1=CC(=CN=C1)I
ord-34303fd6fd5e47248d4e6485a08472e5,metal and ligand,CATALYST,SMILES,CC1(C2=C(C(=CC=C2)P(C3=CC=CC=C3)C4=CC=CC=C4)OC5=C1C=CC=C5P(C6=CC=CC=C6)C7=CC=CC=C7)C
ord-34303fd6fd5e47248d4e6485a08472e5,metal and ligand,CATALYST,SMILES,CC(=O)O.CC(=O)O.[Pd]
ord-34303fd6fd5e47248d4e6485a08472e5,metal and ligand,CATALYST,SMILES,CC1(C2=C(C(=CC=C2)P(C3=CC=CC=C3)C4=CC=CC=C4)OC5=C1C=CC=C5P(C6=CC=CC=C6)C7=CC=CC=C7)C
ord-34303fd6fd5e47248d4e6485a08472e5,metal and ligand,CATALYST,SMILES,CC(=O)O.CC(=O)O.[Pd]
ord-99e222e4d9a34b6bb8073fb91a88f0f7,Base,REAGENT,SMILES,C(=O)([O-])[O-].[Cs+].[Cs+]
ord-99e222e4d9a34b6bb8073fb91a88f0f7,Solvent,SOLVENT,SMILES,C1COCCO1
ord-99e222e4d9a34b6bb8073fb91a88f0f7,amine,REACTANT,SMILES,C1=CN=C(N=C1N)Cl
ord-99e222e4d9a34b6bb8073fb91a88f0f7,aryl halide,REACTANT,SMILES,C1=CC(=C(C=C1CO)Br)F
ord-99e222e4d9a34b6bb8073fb91a88f0f7,metal and ligand,CATALYST,SMILES,CC1(C2=C(C(=CC=C2)P(C3=CC=CC=C3)C4=CC=CC=C4)OC5=C1C=CC=C5P(C6=CC=CC=C6)C7=CC=CC=C7)C
ord-99e222e4d9a34b6bb8073fb91a88f0f7,metal and ligand,CATALYST,SMILES,CC(=O)O.CC(=O)O.[Pd]
ord-99e222e4d9a34b6bb8073fb91a88f0f7,metal and ligand,CATALYST,SMILES,CC1(C2=C(C(=CC=C2)P(C3=CC=CC=C3)C4=CC=CC=C4)OC5=C1C=CC=C5P(C6=CC=CC=C6)C7=CC=CC=C7)C
ord-99e222e4d9a34b6bb8073fb91a88f0f7,metal and ligand,CATALYST,SMILES,CC(=O)O.CC(=O)O.[Pd]
ord-6a2eab081b6a474896fa34b3a81f3801,Base,REAGENT,SMILES,CCC(C)(C)[O-].[Na+]
ord-6a2eab081b6a474896fa34b3a81f3801,Solvent,SOLVENT,SMILES,C1=CC=C(C=C1)C(F)(F)F
ord-6a2eab081b6a474896fa34b3a81f3801,amine,REACTANT,SMILES, CC(C)(C(=O)OC)N
ord-6a2eab081b6a474896fa34b3a81f3801,aryl halide,REACTANT,SMILES,COC1=CC=C(C=C1)Br
ord-6a2eab081b6a474896fa34b3a81f3801,metal and ligand,CATALYST,SMILES,CCCCP(C12CC3CC(C1)CC(C3)C2)C45CC6CC(C4)CC(C6)C5
ord-6a2eab081b6a474896fa34b3a81f3801,metal and ligand,CATALYST,SMILES,CC(=O)O.CC(=O)O.[Pd]
ord-6a2eab081b6a474896fa34b3a81f3801,metal and ligand,CATALYST,SMILES,CCCCP(C12CC3CC(C1)CC(C3)C2)C45CC6CC(C4)CC(C6)C5
ord-6a2eab081b6a474896fa34b3a81f3801,metal and ligand,CATALYST,SMILES,CC(=O)O.CC(=O)O.[Pd]
ord-d712f5c0551541748b4f06a98eb63af5,Base,REAGENT,SMILES,CC(C)(C)[O-].[Na+]
ord-d712f5c0551541748b4f06a98eb63af5,Solvent,SOLVENT,SMILES,C1=CC=C(C=C1)C(F)(F)F
ord-d712f5c0551541748b4f06a98eb63af5,amine,REACTANT,SMILES, CC(C)(C(=O)OC)N
ord-d712f5c0551541748b4f06a98eb63af5,aryl halide,REACTANT,SMILES,C1=CC(=CC=C1C(F)(F)F)Cl
ord-d712f5c0551541748b4f06a98eb63af5,metal and ligand,CATALYST,SMILES,CCCCP(C12CC3CC(C1)CC(C3)C2)C45CC6CC(C4)CC(C6)C5
ord-d712f5c0551541748b4f06a98eb63af5,metal and ligand,CATALYST,SMILES,CC(=O)O.CC(=O)O.[Pd]
ord-d712f5c0551541748b4f06a98eb63af5,metal and ligand,CATALYST,SMILES,CCCCP(C12CC3CC(C1)CC(C3)C2)C45CC6CC(C4)CC(C6)C5
ord-d712f5c0551541748b4f06a98eb63af5,metal and ligand,CATALYST,SMILES,CC(=O)O.CC(=O)O.[Pd]
ord-adf0259dd1b4403cabef49044d700c84,Base,REAGENT,SMILES,CC(C)(C)[O-].[Na+]
ord-adf0259dd1b4403cabef49044d700c84,Solvent,SOLVENT,SMILES,CC1=CC=CC=C1
ord-adf0259dd1b4403cabef49044d700c84,amine,REACTANT,SMILES, CC(C)(C(=O)OC)N
ord-adf0259dd1b4403cabef49044d700c84,aryl halide,REACTANT,SMILES,CC1=CC=C(C=C1)Cl
ord-adf0259dd1b4403cabef49044d700c84,metal and ligand,CATALYST,SMILES,CCCCP(C12CC3CC(C1)CC(C3)C2)C45CC6CC(C4)CC(C6)C5
ord-adf0259dd1b4403cabef49044d700c84,metal and ligand,CATALYST,SMILES,CC(=O)O.CC(=O)O.[Pd]
ord-adf0259dd1b4403cabef49044d700c84,metal and ligand,CATALYST,SMILES,CCCCP(C12CC3CC(C1)CC(C3)C2)C45CC6CC(C4)CC(C6)C5
ord-adf0259dd1b4403cabef49044d700c84,metal and ligand,CATALYST,SMILES,CC(=O)O.CC(=O)O.[Pd]
ord-4c19150105e34defaeb92ce9b0748e42,Base,REAGENT,SMILES,C(=O)([O-])[O-].[Cs+].[Cs+]
ord-4c19150105e34defaeb92ce9b0748e42,Solvent,SOLVENT,SMILES,C1COCCO1
ord-4c19150105e34defaeb92ce9b0748e42,amine,REACTANT,SMILES,CC1=NN(C(=C1)N)C(C)C
ord-4c19150105e34defaeb92ce9b0748e42,aryl halide,REACTANT,SMILES,CONC(=O)C1=CC=CC=C1NC2=CC(=NC=C2Cl)Cl
ord-4c19150105e34defaeb92ce9b0748e42,metal and ligand,CATALYST,SMILES,CC1(C2=C(C(=CC=C2)P(C3=CC=CC=C3)C4=CC=CC=C4)OC5=C1C=CC=C5P(C6=CC=CC=C6)C7=CC=CC=C7)C
ord-4c19150105e34defaeb92ce9b0748e42,metal and ligand,CATALYST,SMILES,CC(=O)O.CC(=O)O.[Pd]
ord-4c19150105e34defaeb92ce9b0748e42,metal and ligand,CATALYST,SMILES,CC1(C2=C(C(=CC=C2)P(C3=CC=CC=C3)C4=CC=CC=C4)OC5=C1C=CC=C5P(C6=CC=CC=C6)C7=CC=CC=C7)C
ord-4c19150105e34defaeb92ce9b0748e42,metal and ligand,CATALYST,SMILES,CC(=O)O.CC(=O)O.[Pd]
ord-b46a6c49414741af865dab7a6fa19802,Base,REAGENT,SMILES,C(=O)([O-])[O-].[Cs+].[Cs+]
ord-b46a6c49414741af865dab7a6fa19802,Solvent,SOLVENT,SMILES,C1COCCO1
ord-b46a6c49414741af865dab7a6fa19802,amine,REACTANT,SMILES,CC1=NN(C(=C1)N)C(C)C
ord-b46a6c49414741af865dab7a6fa19802,aryl halide,REACTANT,SMILES,CONC(=O)C1=CC=CC=C1NC2=CC(=NC=C2Cl)Cl
ord-b46a6c49414741af865dab7a6fa19802,metal and ligand,CATALYST,SMILES,CC1(C2=C(C(=CC=C2)P(C3=CC=CC=C3)C4=CC=CC=C4)OC5=C1C=CC=C5P(C6=CC=CC=C6)C7=CC=CC=C7)C
ord-b46a6c49414741af865dab7a6fa19802,metal and ligand,CATALYST,SMILES,CC(=O)O.CC(=O)O.[Pd]
ord-b46a6c49414741af865dab7a6fa19802,metal and ligand,CATALYST,SMILES,CC1(C2=C(C(=CC=C2)P(C3=CC=CC=C3)C4=CC=CC=C4)OC5=C1C=CC=C5P(C6=CC=CC=C6)C7=CC=CC=C7)C
ord-b46a6c49414741af865dab7a6fa19802,metal and ligand,CATALYST,SMILES,CC(=O)O.CC(=O)O.[Pd]
ord-9b3d4697078d49aaa1c7aef286254c96,Base,REAGENT,SMILES,CC(C)(C)[O-].[Na+]
ord-9b3d4697078d49aaa1c7aef286254c96,Solvent,SOLVENT,SMILES,C1COCCO1
ord-9b3d4697078d49aaa1c7aef286254c96,amine,REACTANT,SMILES,CC1=NN(C(=C1)N)C(C)C
ord-9b3d4697078d49aaa1c7aef286254c96,aryl halide,REACTANT,SMILES,CONC(=O)C1=CC=CC=C1NC2=CC(=NC=C2Cl)Cl
ord-9b3d4697078d49aaa1c7aef286254c96,metal and ligand,CATALYST,SMILES,CC1(C2=C(C(=CC=C2)P(C3=CC=CC=C3)C4=CC=CC=C4)OC5=C1C=CC=C5P(C6=CC=CC=C6)C7=CC=CC=C7)C
ord-9b3d4697078d49aaa1c7aef286254c96,metal and ligand,CATALYST,SMILES,C1=CC=C(C=C1)/C=C/C(=O)/C=C/C2=CC=CC=C2.C1=CC=C(C=C1)/C=C/C(=O)/C=C/C2=CC=CC=C2.[Pd]
ord-9b3d4697078d49aaa1c7aef286254c96,metal and ligand,CATALYST,SMILES,CC1(C2=C(C(=CC=C2)P(C3=CC=CC=C3)C4=CC=CC=C4)OC5=C1C=CC=C5P(C6=CC=CC=C6)C7=CC=CC=C7)C
ord-9b3d4697078d49aaa1c7aef286254c96,metal and ligand,CATALYST,SMILES,C1=CC=C(C=C1)/C=C/C(=O)/C=C/C2=CC=CC=C2.C1=CC=C(C=C1)/C=C/C(=O)/C=C/C2=CC=CC=C2.[Pd]
ord-4827dc1e98814e62bfa94e2e91e1efd1,Base,REAGENT,SMILES,C(=O)([O-])[O-].[Cs+].[Cs+]
ord-4827dc1e98814e62bfa94e2e91e1efd1,Solvent,SOLVENT,SMILES,C1COCCO1
ord-4827dc1e98814e62bfa94e2e91e1efd1,amine,REACTANT,SMILES,CC1=NN(C(=C1)N)C(C)C
ord-4827dc1e98814e62bfa94e2e91e1efd1,aryl halide,REACTANT,SMILES,CONC(=O)C1=CC=CC=C1NC2=CC(=NC=C2Cl)Cl
ord-4827dc1e98814e62bfa94e2e91e1efd1,metal and ligand,CATALYST,SMILES,C1=CC=C(C=C1)P(C2=CC=CC=C2)C3=C(C4=CC=CC=C4C=C3)C5=C(C=CC6=CC=CC=C65)P(C7=CC=CC=C7)C8=CC=CC=C8
ord-4827dc1e98814e62bfa94e2e91e1efd1,metal and ligand,CATALYST,SMILES,CC(=O)O.CC(=O)O.[Pd]
ord-4827dc1e98814e62bfa94e2e91e1efd1,metal and ligand,CATALYST,SMILES,C1=CC=C(C=C1)P(C2=CC=CC=C2)C3=C(C4=CC=CC=C4C=C3)C5=C(C=CC6=CC=CC=C65)P(C7=CC=CC=C7)C8=CC=CC=C8
ord-4827dc1e98814e62bfa94e2e91e1efd1,metal and ligand,CATALYST,SMILES,CC(=O)O.CC(=O)O.[Pd]
ord-41cdb2f97f5445aca97a2a002d0ddd58,Base,REAGENT,SMILES,C(=O)([O-])[O-].[Cs+].[Cs+]
ord-41cdb2f97f5445aca97a2a002d0ddd58,Solvent,SOLVENT,SMILES,C1COCCO1
ord-41cdb2f97f5445aca97a2a002d0ddd58,amine,REACTANT,SMILES,CC1=NN(C(=C1)N)C(C)C
ord-41cdb2f97f5445aca97a2a002d0ddd58,aryl halide,REACTANT,SMILES,CONC(=O)C1=CC=CC=C1NC2=CC(=NC=C2Cl)Cl
ord-41cdb2f97f5445aca97a2a002d0ddd58,metal and ligand,CATALYST,SMILES,C1=CC=C(C=C1)P(C2=CC=CC=C2)C3=C(C4=CC=CC=C4C=C3)C5=C(C=CC6=CC=CC=C65)P(C7=CC=CC=C7)C8=CC=CC=C8
ord-41cdb2f97f5445aca97a2a002d0ddd58,metal and ligand,CATALYST,SMILES,CC(=O)O.CC(=O)O.[Pd]
ord-41cdb2f97f5445aca97a2a002d0ddd58,metal and ligand,CATALYST,SMILES,C1=CC=C(C=C1)P(C2=CC=CC=C2)C3=C(C4=CC=CC=C4C=C3)C5=C(C=CC6=CC=CC=C65)P(C7=CC=CC=C7)C8=CC=CC=C8
ord-41cdb2f97f5445aca97a2a002d0ddd58,metal and ligand,CATALYST,SMILES,CC(=O)O.CC(=O)O.[Pd]
ord-0dc07c6e11344615900455301860696c,Base,REAGENT,SMILES,C(=O)([O-])[O-].[Cs+].[Cs+]
ord-0dc07c6e11344615900455301860696c,Solvent,SOLVENT,SMILES,C1COCCO1
ord-0dc07c6e11344615900455301860696c,amine,REACTANT,SMILES,CC1=NN(C(=C1)N)C(C)C
ord-0dc07c6e11344615900455301860696c,aryl halide,REACTANT,SMILES,CONC(=O)C1=CC=CC=C1NC2=CC(=NC=C2Cl)Cl
ord-0dc07c6e11344615900455301860696c,metal and ligand,CATALYST,SMILES,CC1(C2=C(C(=CC=C2)P(C3=CC=CC=C3)C4=CC=CC=C4)OC5=C1C=CC=C5P(C6=CC=CC=C6)C7=CC=CC=C7)C
ord-0dc07c6e11344615900455301860696c,metal and ligand,CATALYST,SMILES,CC(=O)O.CC(=O)O.[Pd]
ord-0dc07c6e11344615900455301860696c,metal and ligand,CATALYST,SMILES,CC1(C2=C(C(=CC=C2)P(C3=CC=CC=C3)C4=CC=CC=C4)OC5=C1C=CC=C5P(C6=CC=CC=C6)C7=CC=CC=C7)C
ord-0dc07c6e11344615900455301860696c,metal and ligand,CATALYST,SMILES,CC(=O)O.CC(=O)O.[Pd]
ord-327a3bfbd8b64cd3801bd5b8d317cb01,Base,REAGENT,SMILES,C(=O)([O-])[O-].[Cs+].[Cs+]
ord-327a3bfbd8b64cd3801bd5b8d317cb01,Solvent,SOLVENT,SMILES,C1COCCO1
ord-327a3bfbd8b64cd3801bd5b8d317cb01,amine,REACTANT,SMILES,CC1=NN(C(=C1)N)C(C)C
ord-327a3bfbd8b64cd3801bd5b8d317cb01,aryl halide,REACTANT,SMILES,CONC(=O)C1=CC=CC=C1NC2=CC(=NC=C2Cl)Cl
ord-327a3bfbd8b64cd3801bd5b8d317cb01,metal and ligand,CATALYST,SMILES,C1=CC=C(C=C1)P(C2=CC=CC=C2)C3=C(C4=CC=CC=C4C=C3)C5=C(C=CC6=CC=CC=C65)P(C7=CC=CC=C7)C8=CC=CC=C8
ord-327a3bfbd8b64cd3801bd5b8d317cb01,metal and ligand,CATALYST,SMILES,CC(=O)O.CC(=O)O.[Pd]
ord-327a3bfbd8b64cd3801bd5b8d317cb01,metal and ligand,CATALYST,SMILES,C1=CC=C(C=C1)P(C2=CC=CC=C2)C3=C(C4=CC=CC=C4C=C3)C5=C(C=CC6=CC=CC=C65)P(C7=CC=CC=C7)C8=CC=CC=C8
ord-327a3bfbd8b64cd3801bd5b8d317cb01,metal and ligand,CATALYST,SMILES,CC(=O)O.CC(=O)O.[Pd]
ord-9669a589a7dc4055a27254e9fef3458e,Base,REAGENT,SMILES,C(=O)([O-])[O-].[Cs+].[Cs+]
ord-9669a589a7dc4055a27254e9fef3458e,Solvent,SOLVENT,SMILES,C1COCCO1
ord-9669a589a7dc4055a27254e9fef3458e,amine,REACTANT,SMILES,CC1=NN(C(=C1)N)C(C)C
ord-9669a589a7dc4055a27254e9fef3458e,aryl halide,REACTANT,SMILES,CONC(=O)C1=CC=CC=C1NC2=CC(=NC=C2Cl)Cl
ord-9669a589a7dc4055a27254e9fef3458e,metal and ligand,CATALYST,SMILES,C1=CC=C(C=C1)P(C2=CC=CC=C2)C3=C(C4=CC=CC=C4C=C3)C5=C(C=CC6=CC=CC=C65)P(C7=CC=CC=C7)C8=CC=CC=C8
ord-9669a589a7dc4055a27254e9fef3458e,metal and ligand,CATALYST,SMILES,CC(=O)O.CC(=O)O.[Pd]
ord-9669a589a7dc4055a27254e9fef3458e,metal and ligand,CATALYST,SMILES,C1=CC=C(C=C1)P(C2=CC=CC=C2)C3=C(C4=CC=CC=C4C=C3)C5=C(C=CC6=CC=CC=C65)P(C7=CC=CC=C7)C8=CC=CC=C8
ord-9669a589a7dc4055a27254e9fef3458e,metal and ligand,CATALYST,SMILES,CC(=O)O.CC(=O)O.[Pd]
ord-7e62540b4ca7416d88222da262e8e74a,Base,REAGENT,SMILES,CC(C)(C)[O-].[Na+]
ord-7e62540b4ca7416d88222da262e8e74a,Solvent,SOLVENT,SMILES,C1COCCO1
ord-7e62540b4ca7416d88222da262e8e74a,amine,REACTANT,SMILES,CC1=NN(C(=C1)N)C(C)C
ord-7e62540b4ca7416d88222da262e8e74a,aryl halide,REACTANT,SMILES,CONC(=O)C1=CC=CC=C1NC2=CC(=NC=C2Cl)Cl
ord-7e62540b4ca7416d88222da262e8e74a,metal and ligand,CATALYST,SMILES,CC1(C2=C(C(=CC=C2)P(C3=CC=CC=C3)C4=CC=CC=C4)OC5=C1C=CC=C5P(C6=CC=CC=C6)C7=CC=CC=C7)C
ord-7e62540b4ca7416d88222da262e8e74a,metal and ligand,CATALYST,SMILES,C1=CC=C(C=C1)/C=C/C(=O)/C=C/C2=CC=CC=C2.C1=CC=C(C=C1)/C=C/C(=O)/C=C/C2=CC=CC=C2.[Pd]
ord-7e62540b4ca7416d88222da262e8e74a,metal and ligand,CATALYST,SMILES,CC1(C2=C(C(=CC=C2)P(C3=CC=CC=C3)C4=CC=CC=C4)OC5=C1C=CC=C5P(C6=CC=CC=C6)C7=CC=CC=C7)C
ord-7e62540b4ca7416d88222da262e8e74a,metal and ligand,CATALYST,SMILES,C1=CC=C(C=C1)/C=C/C(=O)/C=C/C2=CC=CC=C2.C1=CC=C(C=C1)/C=C/C(=O)/C=C/C2=CC=CC=C2.[Pd]
ord-03f2f90229d7474393efca5188bac2c5,Base,REAGENT,SMILES,C(=O)([O-])[O-].[Cs+].[Cs+]
ord-03f2f90229d7474393efca5188bac2c5,Solvent,SOLVENT,SMILES,C1COCCO1
ord-03f2f90229d7474393efca5188bac2c5,amine,REACTANT,SMILES,C1=C(N=C(C=N1)Cl)N
ord-03f2f90229d7474393efca5188bac2c5,aryl halide,REACTANT,SMILES,CS(=O)(=O)C1=CC=C(C=C1)Br
ord-03f2f90229d7474393efca5188bac2c5,metal and ligand,CATALYST,SMILES,CC1(C2=C(C(=CC=C2)P(C3=CC=CC=C3)C4=CC=CC=C4)OC5=C1C=CC=C5P(C6=CC=CC=C6)C7=CC=CC=C7)C
ord-03f2f90229d7474393efca5188bac2c5,metal and ligand,CATALYST,SMILES,CC(=O)O.CC(=O)O.[Pd]
ord-03f2f90229d7474393efca5188bac2c5,metal and ligand,CATALYST,SMILES,CC1(C2=C(C(=CC=C2)P(C3=CC=CC=C3)C4=CC=CC=C4)OC5=C1C=CC=C5P(C6=CC=CC=C6)C7=CC=CC=C7)C
ord-03f2f90229d7474393efca5188bac2c5,metal and ligand,CATALYST,SMILES,CC(=O)O.CC(=O)O.[Pd]
ord-db51fb4c9ca342c3a64870763aaddcf0,Base,REAGENT,SMILES,C(=O)([O-])[O-].[Cs+].[Cs+]
ord-db51fb4c9ca342c3a64870763aaddcf0,Solvent,SOLVENT,SMILES,C1COCCO1
ord-db51fb4c9ca342c3a64870763aaddcf0,amine,REACTANT,SMILES,CNC(=O)C1=CC=CC=C1NC2=CC(=NC=C2C(F)(F)F)Cl
ord-db51fb4c9ca342c3a64870763aaddcf0,aryl halide,REACTANT,SMILES,CN1C=C(C(=N1)C(F)(F)F)N.Cl
ord-db51fb4c9ca342c3a64870763aaddcf0,metal and ligand,CATALYST,SMILES,CC1(C2=C(C(=CC=C2)P(C3=CC=CC=C3)C4=CC=CC=C4)OC5=C1C=CC=C5P(C6=CC=CC=C6)C7=CC=CC=C7)C
ord-db51fb4c9ca342c3a64870763aaddcf0,metal and ligand,CATALYST,SMILES,CC(=O)O.CC(=O)O.[Pd]
ord-db51fb4c9ca342c3a64870763aaddcf0,metal and ligand,CATALYST,SMILES,CC1(C2=C(C(=CC=C2)P(C3=CC=CC=C3)C4=CC=CC=C4)OC5=C1C=CC=C5P(C6=CC=CC=C6)C7=CC=CC=C7)C
ord-db51fb4c9ca342c3a64870763aaddcf0,metal and ligand,CATALYST,SMILES,CC(=O)O.CC(=O)O.[Pd]
ord-6eff375bd801443f9df865a891f3e022,Base,REAGENT,SMILES,C(=O)([O-])[O-].[Cs+].[Cs+]
ord-6eff375bd801443f9df865a891f3e022,Solvent,SOLVENT,SMILES,C1COCCO1
ord-6eff375bd801443f9df865a891f3e022,amine,REACTANT,SMILES,CN
ord-6eff375bd801443f9df865a891f3e022,aryl halide,REACTANT,SMILES,C1=C(C=NC=C1Br)C(F)(F)F
ord-6eff375bd801443f9df865a891f3e022,metal and ligand,CATALYST,SMILES,CC1(C2=C(C(=CC=C2)P(C3=CC=CC=C3)C4=CC=CC=C4)OC5=C1C=CC=C5P(C6=CC=CC=C6)C7=CC=CC=C7)C
ord-6eff375bd801443f9df865a891f3e022,metal and ligand,CATALYST,SMILES,C1=CC=C(C=C1)/C=C/C(=O)/C=C/C2=CC=CC=C2.C1=CC=C(C=C1)/C=C/C(=O)/C=C/C2=CC=CC=C2.C1=CC=C(C=C1)/C=C/C(=O)/C=C/C2=CC=CC=C2.C(Cl)(Cl)Cl.[Pd].[Pd]
ord-6eff375bd801443f9df865a891f3e022,metal and ligand,CATALYST,SMILES,CC1(C2=C(C(=CC=C2)P(C3=CC=CC=C3)C4=CC=CC=C4)OC5=C1C=CC=C5P(C6=CC=CC=C6)C7=CC=CC=C7)C
ord-6eff375bd801443f9df865a891f3e022,metal and ligand,CATALYST,SMILES,C1=CC=C(C=C1)/C=C/C(=O)/C=C/C2=CC=CC=C2.C1=CC=C(C=C1)/C=C/C(=O)/C=C/C2=CC=CC=C2.C1=CC=C(C=C1)/C=C/C(=O)/C=C/C2=CC=CC=C2.C(Cl)(Cl)Cl.[Pd].[Pd]
ord-6058a506bcd3404d8683ad593ff991cd,Base,REAGENT,SMILES,C(=O)([O-])[O-].[Cs+].[Cs+]
ord-6058a506bcd3404d8683ad593ff991cd,Solvent,SOLVENT,SMILES,C1COCCO1
ord-6058a506bcd3404d8683ad593ff991cd,amine,REACTANT,SMILES,CN.Cl
ord-6058a506bcd3404d8683ad593ff991cd,aryl halide,REACTANT,SMILES,C1=C(C=NC=C1Br)C(F)(F)F
ord-6058a506bcd3404d8683ad593ff991cd,metal and ligand,CATALYST,SMILES,CC1(C2=C(C(=CC=C2)P(C3=CC=CC=C3)C4=CC=CC=C4)OC5=C1C=CC=C5P(C6=CC=CC=C6)C7=CC=CC=C7)C
ord-6058a506bcd3404d8683ad593ff991cd,metal and ligand,CATALYST,SMILES,C1=CC=C(C=C1)/C=C/C(=O)/C=C/C2=CC=CC=C2.C1=CC=C(C=C1)/C=C/C(=O)/C=C/C2=CC=CC=C2.C1=CC=C(C=C1)/C=C/C(=O)/C=C/C2=CC=CC=C2.C(Cl)(Cl)Cl.[Pd].[Pd]
ord-6058a506bcd3404d8683ad593ff991cd,metal and ligand,CATALYST,SMILES,CC1(C2=C(C(=CC=C2)P(C3=CC=CC=C3)C4=CC=CC=C4)OC5=C1C=CC=C5P(C6=CC=CC=C6)C7=CC=CC=C7)C
ord-6058a506bcd3404d8683ad593ff991cd,metal and ligand,CATALYST,SMILES,C1=CC=C(C=C1)/C=C/C(=O)/C=C/C2=CC=CC=C2.C1=CC=C(C=C1)/C=C/C(=O)/C=C/C2=CC=CC=C2.C1=CC=C(C=C1)/C=C/C(=O)/C=C/C2=CC=CC=C2.C(Cl)(Cl)Cl.[Pd].[Pd]
ord-dc9ab726462a4f469bd87d2f3adfc402,Base,REAGENT,SMILES,C(=O)([O-])[O-].[Cs+].[Cs+]
ord-dc9ab726462a4f469bd87d2f3adfc402,Solvent,SOLVENT,SMILES,C1COCCO1
ord-dc9ab726462a4f469bd87d2f3adfc402,amine,REACTANT,SMILES,CC(C)(C)OC(=O)N1CCNC(=O)C1
ord-dc9ab726462a4f469bd87d2f3adfc402,aryl halide,REACTANT,SMILES,COC1=C(C=CC(=C1)Cl)[N+](=O)[O-]
ord-dc9ab726462a4f469bd87d2f3adfc402,metal and ligand,CATALYST,SMILES,CC1(C2=C(C(=CC=C2)P(C3=CC=CC=C3)C4=CC=CC=C4)OC5=C1C=CC=C5P(C6=CC=CC=C6)C7=CC=CC=C7)C
ord-dc9ab726462a4f469bd87d2f3adfc402,metal and ligand,CATALYST,SMILES,CC(=O)O.CC(=O)O.[Pd]
ord-dc9ab726462a4f469bd87d2f3adfc402,metal and ligand,CATALYST,SMILES,CC1(C2=C(C(=CC=C2)P(C3=CC=CC=C3)C4=CC=CC=C4)OC5=C1C=CC=C5P(C6=CC=CC=C6)C7=CC=CC=C7)C
ord-dc9ab726462a4f469bd87d2f3adfc402,metal and ligand,CATALYST,SMILES,CC(=O)O.CC(=O)O.[Pd]
ord-ba7ec5906e7d4fb89a5c2ef7e7a905ac,Base,REAGENT,SMILES,C(=O)([O-])[O-].[Cs+].[Cs+]
ord-ba7ec5906e7d4fb89a5c2ef7e7a905ac,Solvent,SOLVENT,SMILES,C1COCCO1
ord-ba7ec5906e7d4fb89a5c2ef7e7a905ac,amine,REACTANT,SMILES,CC(C)(C)OC(=O)N1CCNC(=O)C1
ord-ba7ec5906e7d4fb89a5c2ef7e7a905ac,aryl halide,REACTANT,SMILES,COC1=C(C=CC(=C1)Cl)[N+](=O)[O-]
ord-ba7ec5906e7d4fb89a5c2ef7e7a905ac,metal and ligand,CATALYST,SMILES,CC1(C2=C(C(=CC=C2)P(C3=CC=CC=C3)C4=CC=CC=C4)OC5=C1C=CC=C5P(C6=CC=CC=C6)C7=CC=CC=C7)C
ord-ba7ec5906e7d4fb89a5c2ef7e7a905ac,metal and ligand,CATALYST,SMILES,C1=CC=C(C=C1)/C=C/C(=O)/C=C/C2=CC=CC=C2.C1=CC=C(C=C1)/C=C/C(=O)/C=C/C2=CC=CC=C2.C1=CC=C(C=C1)/C=C/C(=O)/C=C/C2=CC=CC=C2.[Pd].[Pd]
ord-ba7ec5906e7d4fb89a5c2ef7e7a905ac,metal and ligand,CATALYST,SMILES,CC1(C2=C(C(=CC=C2)P(C3=CC=CC=C3)C4=CC=CC=C4)OC5=C1C=CC=C5P(C6=CC=CC=C6)C7=CC=CC=C7)C
ord-ba7ec5906e7d4fb89a5c2ef7e7a905ac,metal and ligand,CATALYST,SMILES,C1=CC=C(C=C1)/C=C/C(=O)/C=C/C2=CC=CC=C2.C1=CC=C(C=C1)/C=C/C(=O)/C=C/C2=CC=CC=C2.C1=CC=C(C=C1)/C=C/C(=O)/C=C/C2=CC=CC=C2.[Pd].[Pd]
ord-5a683960052443b49da1956ac277ce2a,Base,REAGENT,SMILES,C(=O)([O-])[O-].[Cs+].[Cs+]
ord-5a683960052443b49da1956ac277ce2a,Solvent,SOLVENT,SMILES,CC1=CC=CC=C1
ord-5a683960052443b49da1956ac277ce2a,amine,REACTANT,SMILES,C1COCCN1
ord-5a683960052443b49da1956ac277ce2a,aryl halide,REACTANT,SMILES,COCCOC1=CC(=CC(=C1)[N+](=O)[O-])I
ord-5a683960052443b49da1956ac277ce2a,metal and ligand,CATALYST,SMILES,C1=CC=C(C=C1)P(C2=CC=CC=C2)C3=C(C4=CC=CC=C4C=C3)C5=C(C=CC6=CC=CC=C65)P(C7=CC=CC=C7)C8=CC=CC=C8
ord-5a683960052443b49da1956ac277ce2a,metal and ligand,CATALYST,SMILES,CC(=O)O.CC(=O)O.[Pd]
ord-5a683960052443b49da1956ac277ce2a,metal and ligand,CATALYST,SMILES,C1=CC=C(C=C1)P(C2=CC=CC=C2)C3=C(C4=CC=CC=C4C=C3)C5=C(C=CC6=CC=CC=C65)P(C7=CC=CC=C7)C8=CC=CC=C8
ord-5a683960052443b49da1956ac277ce2a,metal and ligand,CATALYST,SMILES,CC(=O)O.CC(=O)O.[Pd]
ord-252a98ebb82d499dbf4cf33c53774e3f,Base,REAGENT,SMILES,C(=O)([O-])[O-].[Cs+].[Cs+]
ord-252a98ebb82d499dbf4cf33c53774e3f,Solvent,SOLVENT,SMILES,CC1=CC=CC=C1
ord-252a98ebb82d499dbf4cf33c53774e3f,amine,REACTANT,SMILES,C1COCCN1
ord-252a98ebb82d499dbf4cf33c53774e3f,aryl halide,REACTANT,SMILES,COCCOC1=CC(=CC(=C1)[N+](=O)[O-])I
ord-252a98ebb82d499dbf4cf33c53774e3f,metal and ligand,CATALYST,SMILES,C1=CC=C(C=C1)P(C2=CC=CC=C2)C3=C(C4=CC=CC=C4C=C3)C5=C(C=CC6=CC=CC=C65)P(C7=CC=CC=C7)C8=CC=CC=C8
ord-252a98ebb82d499dbf4cf33c53774e3f,metal and ligand,CATALYST,SMILES,CC(=O)O.CC(=O)O.[Pd]
ord-252a98ebb82d499dbf4cf33c53774e3f,metal and ligand,CATALYST,SMILES,C1=CC=C(C=C1)P(C2=CC=CC=C2)C3=C(C4=CC=CC=C4C=C3)C5=C(C=CC6=CC=CC=C65)P(C7=CC=CC=C7)C8=CC=CC=C8
ord-252a98ebb82d499dbf4cf33c53774e3f,metal and ligand,CATALYST,SMILES,CC(=O)O.CC(=O)O.[Pd]
ord-ea00f60c7d1b4b2b96c954e87362056a,Base,REAGENT,SMILES,C(=O)([O-])[O-].[Cs+].[Cs+]
ord-ea00f60c7d1b4b2b96c954e87362056a,Solvent,SOLVENT,SMILES,CC1=CC=CC=C1
ord-ea00f60c7d1b4b2b96c954e87362056a,amine,REACTANT,SMILES,C1COCCN1
ord-ea00f60c7d1b4b2b96c954e87362056a,aryl halide,REACTANT,SMILES,COCCOC1=CC(=CC(=C1)[N+](=O)[O-])I
ord-ea00f60c7d1b4b2b96c954e87362056a,metal and ligand,CATALYST,SMILES,C1=CC=C(C=C1)P(C2=CC=CC=C2)C3=C(C4=CC=CC=C4C=C3)C5=C(C=CC6=CC=CC=C65)P(C7=CC=CC=C7)C8=CC=CC=C8
ord-ea00f60c7d1b4b2b96c954e87362056a,metal and ligand,CATALYST,SMILES,CC(=O)O.CC(=O)O.[Pd]
ord-ea00f60c7d1b4b2b96c954e87362056a,metal and ligand,CATALYST,SMILES,C1=CC=C(C=C1)P(C2=CC=CC=C2)C3=C(C4=CC=CC=C4C=C3)C5=C(C=CC6=CC=CC=C65)P(C7=CC=CC=C7)C8=CC=CC=C8
ord-ea00f60c7d1b4b2b96c954e87362056a,metal and ligand,CATALYST,SMILES,CC(=O)O.CC(=O)O.[Pd]
ord-259872fd14244b3c874c12524fba3d75,Base,REAGENT,SMILES,C(=O)([O-])[O-].[Cs+].[Cs+]
ord-259872fd14244b3c874c12524fba3d75,Solvent,SOLVENT,SMILES,C1COCCO1
ord-259872fd14244b3c874c12524fba3d75,amine,REACTANT,SMILES,CC(C)(C)OC(=O)NC
ord-259872fd14244b3c874c12524fba3d75,aryl halide,REACTANT,SMILES,C1COCCN1C2=CC(=O)C3=C(O2)C(=CC=C3)C4=CC=CC5=C4SC6=C5C=C(C=C6)OS(=O)(=O)C(F)(F)F
ord-259872fd14244b3c874c12524fba3d75,metal and ligand,CATALYST,SMILES,CC1(C2=C(C(=CC=C2)P(C3=CC=CC=C3)C4=CC=CC=C4)OC5=C1C=CC=C5P(C6=CC=CC=C6)C7=CC=CC=C7)C
ord-259872fd14244b3c874c12524fba3d75,metal and ligand,CATALYST,SMILES,C1=CC=C(C=C1)/C=C/C(=O)/C=C/C2=CC=CC=C2.C1=CC=C(C=C1)/C=C/C(=O)/C=C/C2=CC=CC=C2.C1=CC=C(C=C1)/C=C/C(=O)/C=C/C2=CC=CC=C2.[Pd].[Pd]
ord-259872fd14244b3c874c12524fba3d75,metal and ligand,CATALYST,SMILES,CC1(C2=C(C(=CC=C2)P(C3=CC=CC=C3)C4=CC=CC=C4)OC5=C1C=CC=C5P(C6=CC=CC=C6)C7=CC=CC=C7)C
ord-259872fd14244b3c874c12524fba3d75,metal and ligand,CATALYST,SMILES,C1=CC=C(C=C1)/C=C/C(=O)/C=C/C2=CC=CC=C2.C1=CC=C(C=C1)/C=C/C(=O)/C=C/C2=CC=CC=C2.C1=CC=C(C=C1)/C=C/C(=O)/C=C/C2=CC=CC=C2.[Pd].[Pd]
ord-e345842737b540bdabd050997047f016,Base,REAGENT,SMILES,C(=O)([O-])[O-].[Cs+].[Cs+]
ord-e345842737b540bdabd050997047f016,Solvent,SOLVENT,SMILES,C1COCCO1
ord-e345842737b540bdabd050997047f016,amine,REACTANT,SMILES,CC(C)(C)OC(=O)NC
ord-e345842737b540bdabd050997047f016,aryl halide,REACTANT,SMILES,C1COCCN1C2=CC(=O)C3=C(O2)C(=CC=C3)C4=CC=CC5=C4SC6=C5C=C(C=C6)OS(=O)(=O)C(F)(F)F
ord-e345842737b540bdabd050997047f016,metal and ligand,CATALYST,SMILES,CC1(C2=C(C(=CC=C2)P(C3=CC=CC=C3)C4=CC=CC=C4)OC5=C1C=CC=C5P(C6=CC=CC=C6)C7=CC=CC=C7)C
ord-e345842737b540bdabd050997047f016,metal and ligand,CATALYST,SMILES,C1=CC=C(C=C1)/C=C/C(=O)/C=C/C2=CC=CC=C2.C1=CC=C(C=C1)/C=C/C(=O)/C=C/C2=CC=CC=C2.C1=CC=C(C=C1)/C=C/C(=O)/C=C/C2=CC=CC=C2.[Pd].[Pd]
ord-e345842737b540bdabd050997047f016,metal and ligand,CATALYST,SMILES,CC1(C2=C(C(=CC=C2)P(C3=CC=CC=C3)C4=CC=CC=C4)OC5=C1C=CC=C5P(C6=CC=CC=C6)C7=CC=CC=C7)C
ord-e345842737b540bdabd050997047f016,metal and ligand,CATALYST,SMILES,C1=CC=C(C=C1)/C=C/C(=O)/C=C/C2=CC=CC=C2.C1=CC=C(C=C1)/C=C/C(=O)/C=C/C2=CC=CC=C2.C1=CC=C(C=C1)/C=C/C(=O)/C=C/C2=CC=CC=C2.[Pd].[Pd]
ord-33a377364ac14bd183dfd7eb0108a408,Base,REAGENT,SMILES,C(=O)([O-])[O-].[Cs+].[Cs+]
ord-33a377364ac14bd183dfd7eb0108a408,Solvent,SOLVENT,SMILES,C1COCCO1
ord-33a377364ac14bd183dfd7eb0108a408,amine,REACTANT,SMILES,CC(C)(C)OC(=O)NC
ord-33a377364ac14bd183dfd7eb0108a408,aryl halide,REACTANT,SMILES,C1COCCN1C2=CC(=O)C3=C(O2)C(=CC=C3)C4=CC=CC5=C4SC6=C5C=C(C=C6)OS(=O)(=O)C(F)(F)F
ord-33a377364ac14bd183dfd7eb0108a408,metal and ligand,CATALYST,SMILES,CC1(C2=C(C(=CC=C2)P(C3=CC=CC=C3)C4=CC=CC=C4)OC5=C1C=CC=C5P(C6=CC=CC=C6)C7=CC=CC=C7)C
ord-33a377364ac14bd183dfd7eb0108a408,metal and ligand,CATALYST,SMILES,C1=CC=C(C=C1)/C=C/C(=O)/C=C/C2=CC=CC=C2.C1=CC=C(C=C1)/C=C/C(=O)/C=C/C2=CC=CC=C2.C1=CC=C(C=C1)/C=C/C(=O)/C=C/C2=CC=CC=C2.[Pd].[Pd]
ord-33a377364ac14bd183dfd7eb0108a408,metal and ligand,CATALYST,SMILES,CC1(C2=C(C(=CC=C2)P(C3=CC=CC=C3)C4=CC=CC=C4)OC5=C1C=CC=C5P(C6=CC=CC=C6)C7=CC=CC=C7)C
ord-33a377364ac14bd183dfd7eb0108a408,metal and ligand,CATALYST,SMILES,C1=CC=C(C=C1)/C=C/C(=O)/C=C/C2=CC=CC=C2.C1=CC=C(C=C1)/C=C/C(=O)/C=C/C2=CC=CC=C2.C1=CC=C(C=C1)/C=C/C(=O)/C=C/C2=CC=CC=C2.[Pd].[Pd]
ord-f3dd88e6019442749a56a95e7a33ac6e,Base,REAGENT,SMILES,C(=O)([O-])[O-].[Cs+].[Cs+]
ord-f3dd88e6019442749a56a95e7a33ac6e,Solvent,SOLVENT,SMILES,C1COCCO1
ord-f3dd88e6019442749a56a95e7a33ac6e,amine,REACTANT,SMILES,CC(=O)N1CCNCC1
ord-f3dd88e6019442749a56a95e7a33ac6e,aryl halide,REACTANT,SMILES,COC1=C(C=C(C=C1)Br)[N+](=O)[O-]
ord-f3dd88e6019442749a56a95e7a33ac6e,metal and ligand,CATALYST,SMILES,CC1(C2=C(C(=CC=C2)P(C3=CC=CC=C3)C4=CC=CC=C4)OC5=C1C=CC=C5P(C6=CC=CC=C6)C7=CC=CC=C7)C
ord-f3dd88e6019442749a56a95e7a33ac6e,metal and ligand,CATALYST,SMILES,CC(=O)O.CC(=O)O.[Pd]
ord-f3dd88e6019442749a56a95e7a33ac6e,metal and ligand,CATALYST,SMILES,CC1(C2=C(C(=CC=C2)P(C3=CC=CC=C3)C4=CC=CC=C4)OC5=C1C=CC=C5P(C6=CC=CC=C6)C7=CC=CC=C7)C
ord-f3dd88e6019442749a56a95e7a33ac6e,metal and ligand,CATALYST,SMILES,CC(=O)O.CC(=O)O.[Pd]
ord-77e8bb12d76a4a1d94f2c62d1d96fda1,Base,REAGENT,SMILES,C(=O)([O-])[O-].[Cs+].[Cs+]
ord-77e8bb12d76a4a1d94f2c62d1d96fda1,Solvent,SOLVENT,SMILES,C1COCCO1
ord-77e8bb12d76a4a1d94f2c62d1d96fda1,amine,REACTANT,SMILES,CC(=O)N1CCNCC1
ord-77e8bb12d76a4a1d94f2c62d1d96fda1,aryl halide,REACTANT,SMILES,COC1=C(C=C(C=C1)Br)[N+](=O)[O-]
ord-77e8bb12d76a4a1d94f2c62d1d96fda1,metal and ligand,CATALYST,SMILES,CC1(C2=C(C(=CC=C2)P(C3=CC=CC=C3)C4=CC=CC=C4)OC5=C1C=CC=C5P(C6=CC=CC=C6)C7=CC=CC=C7)C
ord-77e8bb12d76a4a1d94f2c62d1d96fda1,metal and ligand,CATALYST,SMILES,CC(=O)O.CC(=O)O.[Pd]
ord-77e8bb12d76a4a1d94f2c62d1d96fda1,metal and ligand,CATALYST,SMILES,CC1(C2=C(C(=CC=C2)P(C3=CC=CC=C3)C4=CC=CC=C4)OC5=C1C=CC=C5P(C6=CC=CC=C6)C7=CC=CC=C7)C
ord-77e8bb12d76a4a1d94f2c62d1d96fda1,metal and ligand,CATALYST,SMILES,CC(=O)O.CC(=O)O.[Pd]
ord-a7d27a030aca4653bd3b2b42172cb84b,Base,REAGENT,SMILES,C(=O)([O-])[O-].[Cs+].[Cs+]
ord-a7d27a030aca4653bd3b2b42172cb84b,Solvent,SOLVENT,SMILES,C1COCCO1
ord-a7d27a030aca4653bd3b2b42172cb84b,amine,REACTANT,SMILES,CONC(=O)C1=CC=CC=C1N
ord-a7d27a030aca4653bd3b2b42172cb84b,aryl halide,REACTANT,SMILES,CC1=NN(C=C1NC2=NC=C(C(=C2)I)C(F)(F)F)C
ord-a7d27a030aca4653bd3b2b42172cb84b,metal and ligand,CATALYST,SMILES,CC1(C2=C(C(=CC=C2)P(C3=CC=CC=C3)C4=CC=CC=C4)OC5=C1C=CC=C5P(C6=CC=CC=C6)C7=CC=CC=C7)C
ord-a7d27a030aca4653bd3b2b42172cb84b,metal and ligand,CATALYST,SMILES,CC(=O)O.CC(=O)O.[Pd]
ord-a7d27a030aca4653bd3b2b42172cb84b,metal and ligand,CATALYST,SMILES,CC1(C2=C(C(=CC=C2)P(C3=CC=CC=C3)C4=CC=CC=C4)OC5=C1C=CC=C5P(C6=CC=CC=C6)C7=CC=CC=C7)C
ord-a7d27a030aca4653bd3b2b42172cb84b,metal and ligand,CATALYST,SMILES,CC(=O)O.CC(=O)O.[Pd]
ord-4399ad74c4a84693a726596b8c6dc9ab,Base,REAGENT,SMILES,C(=O)([O-])[O-].[Cs+].[Cs+]
ord-4399ad74c4a84693a726596b8c6dc9ab,Solvent,SOLVENT,SMILES,C1COCCO1
ord-4399ad74c4a84693a726596b8c6dc9ab,amine,REACTANT,SMILES,CONC(=O)C1=CC=CC=C1N
ord-4399ad74c4a84693a726596b8c6dc9ab,aryl halide,REACTANT,SMILES,CC1=NN(C=C1NC2=NC=C(C(=C2)I)C(F)(F)F)C
ord-4399ad74c4a84693a726596b8c6dc9ab,metal and ligand,CATALYST,SMILES,CC1(C2=C(C(=CC=C2)P(C3=CC=CC=C3)C4=CC=CC=C4)OC5=C1C=CC=C5P(C6=CC=CC=C6)C7=CC=CC=C7)C
ord-4399ad74c4a84693a726596b8c6dc9ab,metal and ligand,CATALYST,SMILES,CC(=O)O.CC(=O)O.[Pd]
ord-4399ad74c4a84693a726596b8c6dc9ab,metal and ligand,CATALYST,SMILES,CC1(C2=C(C(=CC=C2)P(C3=CC=CC=C3)C4=CC=CC=C4)OC5=C1C=CC=C5P(C6=CC=CC=C6)C7=CC=CC=C7)C
ord-4399ad74c4a84693a726596b8c6dc9ab,metal and ligand,CATALYST,SMILES,CC(=O)O.CC(=O)O.[Pd]
ord-2545e16c54de49a781f0868d26d7cb44,Base,REAGENT,SMILES,C(=O)([O-])[O-].[Cs+].[Cs+]
ord-2545e16c54de49a781f0868d26d7cb44,Solvent,SOLVENT,SMILES,C1COCCO1
ord-2545e16c54de49a781f0868d26d7cb44,amine,REACTANT,SMILES,COC1=CC=CC(=C1C(=O)NOC)N
ord-2545e16c54de49a781f0868d26d7cb44,aryl halide,REACTANT,SMILES,CC1=NN(C=C1NC2=NC=C(C(=C2)I)C(F)(F)F)C
ord-2545e16c54de49a781f0868d26d7cb44,metal and ligand,CATALYST,SMILES,CC1(C2=C(C(=CC=C2)P(C3=CC=CC=C3)C4=CC=CC=C4)OC5=C1C=CC=C5P(C6=CC=CC=C6)C7=CC=CC=C7)C
ord-2545e16c54de49a781f0868d26d7cb44,metal and ligand,CATALYST,SMILES,CC(=O)O.CC(=O)O.[Pd]
ord-2545e16c54de49a781f0868d26d7cb44,metal and ligand,CATALYST,SMILES,CC1(C2=C(C(=CC=C2)P(C3=CC=CC=C3)C4=CC=CC=C4)OC5=C1C=CC=C5P(C6=CC=CC=C6)C7=CC=CC=C7)C
ord-2545e16c54de49a781f0868d26d7cb44,metal and ligand,CATALYST,SMILES,CC(=O)O.CC(=O)O.[Pd]
ord-0f54af454e1c49e3950d93f112c4112b,Base,REAGENT,SMILES,C(=O)([O-])[O-].[Cs+].[Cs+]
ord-0f54af454e1c49e3950d93f112c4112b,Solvent,SOLVENT,SMILES,C1COCCO1
ord-0f54af454e1c49e3950d93f112c4112b,amine,REACTANT,SMILES,CNC(=O)C1=C(C=CC=C1OC)N
ord-0f54af454e1c49e3950d93f112c4112b,aryl halide,REACTANT,SMILES,CC1=NN(C(=C1)NC2=NC=C(C(=C2)I)C(F)(F)F)C
ord-0f54af454e1c49e3950d93f112c4112b,metal and ligand,CATALYST,SMILES,CC1(C2=C(C(=CC=C2)P(C3=CC=CC=C3)C4=CC=CC=C4)OC5=C1C=CC=C5P(C6=CC=CC=C6)C7=CC=CC=C7)C
ord-0f54af454e1c49e3950d93f112c4112b,metal and ligand,CATALYST,SMILES,CC(=O)O.CC(=O)O.[Pd]
ord-0f54af454e1c49e3950d93f112c4112b,metal and ligand,CATALYST,SMILES,CC1(C2=C(C(=CC=C2)P(C3=CC=CC=C3)C4=CC=CC=C4)OC5=C1C=CC=C5P(C6=CC=CC=C6)C7=CC=CC=C7)C
ord-0f54af454e1c49e3950d93f112c4112b,metal and ligand,CATALYST,SMILES,CC(=O)O.CC(=O)O.[Pd]
ord-62ffd954c4be4ad5b0533c19b263b236,Base,REAGENT,SMILES,C(=O)([O-])[O-].[Cs+].[Cs+]
ord-62ffd954c4be4ad5b0533c19b263b236,Solvent,SOLVENT,SMILES,C1COCCO1
ord-62ffd954c4be4ad5b0533c19b263b236,amine,REACTANT,SMILES,CNC(=O)C1=C(C=CC=C1OC)N
ord-62ffd954c4be4ad5b0533c19b263b236,aryl halide,REACTANT,SMILES,CC1=NN(C(=C1)NC2=NC=C(C(=C2)I)C(F)(F)F)C
ord-62ffd954c4be4ad5b0533c19b263b236,metal and ligand,CATALYST,SMILES,CC1(C2=C(C(=CC=C2)P(C3=CC=CC=C3)C4=CC=CC=C4)OC5=C1C=CC=C5P(C6=CC=CC=C6)C7=CC=CC=C7)C
ord-62ffd954c4be4ad5b0533c19b263b236,metal and ligand,CATALYST,SMILES,CC(=O)O.CC(=O)O.[Pd]
ord-62ffd954c4be4ad5b0533c19b263b236,metal and ligand,CATALYST,SMILES,CC1(C2=C(C(=CC=C2)P(C3=CC=CC=C3)C4=CC=CC=C4)OC5=C1C=CC=C5P(C6=CC=CC=C6)C7=CC=CC=C7)C
ord-62ffd954c4be4ad5b0533c19b263b236,metal and ligand,CATALYST,SMILES,CC(=O)O.CC(=O)O.[Pd]
ord-3925d0a898bc49db9d7ff1cb2ec90b8d,Base,REAGENT,SMILES,CC(C)(C)[O-].[Na+]
ord-3925d0a898bc49db9d7ff1cb2ec90b8d,Solvent,SOLVENT,SMILES,CC1=CC=CC=C1
ord-3925d0a898bc49db9d7ff1cb2ec90b8d,amine,REACTANT,SMILES,CN1C=C(C=N1)C2=C(N=C(C=C2)N)OC
ord-3925d0a898bc49db9d7ff1cb2ec90b8d,aryl halide,REACTANT,SMILES,CC1C2=C(N=C(C=C2)Cl)OC(CN1C)C3CC3
ord-3925d0a898bc49db9d7ff1cb2ec90b8d,metal and ligand,CATALYST,SMILES,C1=CC=C(C=C1)P(C2=CC=CC=C2)C3=C(C4=CC=CC=C4C=C3)C5=C(C=CC6=CC=CC=C65)P(C7=CC=CC=C7)C8=CC=CC=C8
ord-3925d0a898bc49db9d7ff1cb2ec90b8d,metal and ligand,CATALYST,SMILES,C1=CC=C(C=C1)/C=C/C(=O)/C=C/C2=CC=CC=C2.C1=CC=C(C=C1)/C=C/C(=O)/C=C/C2=CC=CC=C2.C1=CC=C(C=C1)/C=C/C(=O)/C=C/C2=CC=CC=C2.[Pd].[Pd]
ord-3925d0a898bc49db9d7ff1cb2ec90b8d,metal and ligand,CATALYST,SMILES,C1=CC=C(C=C1)P(C2=CC=CC=C2)C3=C(C4=CC=CC=C4C=C3)C5=C(C=CC6=CC=CC=C65)P(C7=CC=CC=C7)C8=CC=CC=C8
ord-3925d0a898bc49db9d7ff1cb2ec90b8d,metal and ligand,CATALYST,SMILES,C1=CC=C(C=C1)/C=C/C(=O)/C=C/C2=CC=CC=C2.C1=CC=C(C=C1)/C=C/C(=O)/C=C/C2=CC=CC=C2.C1=CC=C(C=C1)/C=C/C(=O)/C=C/C2=CC=CC=C2.[Pd].[Pd]
ord-996b98cdf02a43a3b340c4e4f981f563,Base,REAGENT,SMILES,CC(C)(C)[O-].[Na+]
ord-996b98cdf02a43a3b340c4e4f981f563,Solvent,SOLVENT,SMILES,CC1=CC=CC=C1
ord-996b98cdf02a43a3b340c4e4f981f563,amine,REACTANT,SMILES,C1CNCCN1
ord-996b98cdf02a43a3b340c4e4f981f563,aryl halide,REACTANT,SMILES,C1=CC=C(C=C1)COC2=C(C=C(C=C2)Br)F
ord-996b98cdf02a43a3b340c4e4f981f563,metal and ligand,CATALYST,SMILES,C1=CC=C(C=C1)P(C2=CC=CC=C2)C3=C(C4=CC=CC=C4C=C3)C5=C(C=CC6=CC=CC=C65)P(C7=CC=CC=C7)C8=CC=CC=C8
ord-996b98cdf02a43a3b340c4e4f981f563,metal and ligand,CATALYST,SMILES,C1=CC=C(C=C1)/C=C/C(=O)/C=C/C2=CC=CC=C2.C1=CC=C(C=C1)/C=C/C(=O)/C=C/C2=CC=CC=C2.C1=CC=C(C=C1)/C=C/C(=O)/C=C/C2=CC=CC=C2.[Pd].[Pd]
ord-996b98cdf02a43a3b340c4e4f981f563,metal and ligand,CATALYST,SMILES,C1=CC=C(C=C1)P(C2=CC=CC=C2)C3=C(C4=CC=CC=C4C=C3)C5=C(C=CC6=CC=CC=C65)P(C7=CC=CC=C7)C8=CC=CC=C8
ord-996b98cdf02a43a3b340c4e4f981f563,metal and ligand,CATALYST,SMILES,C1=CC=C(C=C1)/C=C/C(=O)/C=C/C2=CC=CC=C2.C1=CC=C(C=C1)/C=C/C(=O)/C=C/C2=CC=CC=C2.C1=CC=C(C=C1)/C=C/C(=O)/C=C/C2=CC=CC=C2.[Pd].[Pd]
ord-26b0abcb83694e11aba5d8cb57edf605,Base,REAGENT,SMILES,C(=O)([O-])[O-].[Cs+].[Cs+]
ord-26b0abcb83694e11aba5d8cb57edf605,Solvent,SOLVENT,SMILES,C1COCCO1
ord-26b0abcb83694e11aba5d8cb57edf605,amine,REACTANT,SMILES,CNC(=O)CN1CCOCC1
ord-26b0abcb83694e11aba5d8cb57edf605,aryl halide,REACTANT,SMILES,C1COCCN1C2=CC(=O)N3C=CC=C(C3=N2)C4=CC=CC5=C4SC6=C5C=C(C=C6)OS(=O)(=O)C(F)(F)F
ord-26b0abcb83694e11aba5d8cb57edf605,metal and ligand,CATALYST,SMILES,CC1(C2=C(C(=CC=C2)P(C3=CC=CC=C3)C4=CC=CC=C4)OC5=C1C=CC=C5P(C6=CC=CC=C6)C7=CC=CC=C7)C
ord-26b0abcb83694e11aba5d8cb57edf605,metal and ligand,CATALYST,SMILES,C1=CC=C(C=C1)/C=C/C(=O)/C=C/C2=CC=CC=C2.C1=CC=C(C=C1)/C=C/C(=O)/C=C/C2=CC=CC=C2.C1=CC=C(C=C1)/C=C/C(=O)/C=C/C2=CC=CC=C2.[Pd].[Pd]
ord-26b0abcb83694e11aba5d8cb57edf605,metal and ligand,CATALYST,SMILES,CC1(C2=C(C(=CC=C2)P(C3=CC=CC=C3)C4=CC=CC=C4)OC5=C1C=CC=C5P(C6=CC=CC=C6)C7=CC=CC=C7)C
ord-26b0abcb83694e11aba5d8cb57edf605,metal and ligand,CATALYST,SMILES,C1=CC=C(C=C1)/C=C/C(=O)/C=C/C2=CC=CC=C2.C1=CC=C(C=C1)/C=C/C(=O)/C=C/C2=CC=CC=C2.C1=CC=C(C=C1)/C=C/C(=O)/C=C/C2=CC=CC=C2.[Pd].[Pd]
ord-cddf8b0bbaa34d7fad426cd90b95c72f,Base,REAGENT,SMILES,[O-]P(=O)([O-])[O-].[K+].[K+].[K+]
ord-cddf8b0bbaa34d7fad426cd90b95c72f,Solvent,SOLVENT,SMILES,CC1=CC=CC=C1
ord-cddf8b0bbaa34d7fad426cd90b95c72f,amine,REACTANT,SMILES,CNC(=O)CN1CCOCC1
ord-cddf8b0bbaa34d7fad426cd90b95c72f,aryl halide,REACTANT,SMILES,C1COCCN1C2=CC(=O)N3C=CC=C(C3=N2)C4=CC=CC5=C4SC6=C5C=C(C=C6)OS(=O)(=O)C(F)(F)F
ord-cddf8b0bbaa34d7fad426cd90b95c72f,metal and ligand,CATALYST,SMILES,C1=CC=C(C=C1)P(C2=CC=CC=C2)C3=C(C4=CC=CC=C4C=C3)C5=C(C=CC6=CC=CC=C65)P(C7=CC=CC=C7)C8=CC=CC=C8
ord-cddf8b0bbaa34d7fad426cd90b95c72f,metal and ligand,CATALYST,SMILES,CC(=O)O.CC(=O)O.[Pd]
ord-cddf8b0bbaa34d7fad426cd90b95c72f,metal and ligand,CATALYST,SMILES,C1=CC=C(C=C1)P(C2=CC=CC=C2)C3=C(C4=CC=CC=C4C=C3)C5=C(C=CC6=CC=CC=C65)P(C7=CC=CC=C7)C8=CC=CC=C8
ord-cddf8b0bbaa34d7fad426cd90b95c72f,metal and ligand,CATALYST,SMILES,CC(=O)O.CC(=O)O.[Pd]
ord-086118e3608c416e9d858ba54c5d1e17,Base,REAGENT,SMILES,CC(C)(C)[O-].[Na+]
ord-086118e3608c416e9d858ba54c5d1e17,Solvent,SOLVENT,SMILES,CC1=CC=CC=C1
ord-086118e3608c416e9d858ba54c5d1e17,amine,REACTANT,SMILES,CN1C=C(C=N1)C2=C(N=C(C=C2)N)OC
ord-086118e3608c416e9d858ba54c5d1e17,aryl halide,REACTANT,SMILES,CC1=CC(=NC2=C1CN(CC(O2)C3=NC(=CS3)C)C)Cl
ord-086118e3608c416e9d858ba54c5d1e17,metal and ligand,CATALYST,SMILES,C1=CC=C(C=C1)P(C2=CC=CC=C2)C3=C(C4=CC=CC=C4C=C3)C5=C(C=CC6=CC=CC=C65)P(C7=CC=CC=C7)C8=CC=CC=C8
ord-086118e3608c416e9d858ba54c5d1e17,metal and ligand,CATALYST,SMILES,C1=CC=C(C=C1)/C=C/C(=O)/C=C/C2=CC=CC=C2.C1=CC=C(C=C1)/C=C/C(=O)/C=C/C2=CC=CC=C2.C1=CC=C(C=C1)/C=C/C(=O)/C=C/C2=CC=CC=C2.[Pd].[Pd]
ord-086118e3608c416e9d858ba54c5d1e17,metal and ligand,CATALYST,SMILES,C1=CC=C(C=C1)P(C2=CC=CC=C2)C3=C(C4=CC=CC=C4C=C3)C5=C(C=CC6=CC=CC=C65)P(C7=CC=CC=C7)C8=CC=CC=C8
ord-086118e3608c416e9d858ba54c5d1e17,metal and ligand,CATALYST,SMILES,C1=CC=C(C=C1)/C=C/C(=O)/C=C/C2=CC=CC=C2.C1=CC=C(C=C1)/C=C/C(=O)/C=C/C2=CC=CC=C2.C1=CC=C(C=C1)/C=C/C(=O)/C=C/C2=CC=CC=C2.[Pd].[Pd]
ord-96727602adb24b28af9c737e24f7315c,Base,REAGENT,SMILES,CC(C)(C)[O-].[K+]
ord-96727602adb24b28af9c737e24f7315c,Solvent,SOLVENT,SMILES,CN(C)C=O
ord-96727602adb24b28af9c737e24f7315c,amine,REACTANT,SMILES,CN1CCNCC1
ord-96727602adb24b28af9c737e24f7315c,aryl halide,REACTANT,SMILES,CC(=O)NC1=CN=C(C=N1)Br
ord-96727602adb24b28af9c737e24f7315c,metal and ligand,CATALYST,SMILES,CC(C)(C)P(C(C)(C)C)C(C)(C)C
ord-96727602adb24b28af9c737e24f7315c,metal and ligand,CATALYST,SMILES,C1=CC=C(C=C1)/C=C/C(=O)/C=C/C2=CC=CC=C2.C1=CC=C(C=C1)/C=C/C(=O)/C=C/C2=CC=CC=C2.C1=CC=C(C=C1)/C=C/C(=O)/C=C/C2=CC=CC=C2.[Pd].[Pd]
ord-96727602adb24b28af9c737e24f7315c,metal and ligand,CATALYST,SMILES,CC(C)(C)P(C(C)(C)C)C(C)(C)C
ord-96727602adb24b28af9c737e24f7315c,metal and ligand,CATALYST,SMILES,C1=CC=C(C=C1)/C=C/C(=O)/C=C/C2=CC=CC=C2.C1=CC=C(C=C1)/C=C/C(=O)/C=C/C2=CC=CC=C2.C1=CC=C(C=C1)/C=C/C(=O)/C=C/C2=CC=CC=C2.[Pd].[Pd]
ord-3c36e457f5e64b5b9130db89ea6a541e,Base,REAGENT,SMILES,C(=O)([O-])[O-].[Cs+].[Cs+]
ord-3c36e457f5e64b5b9130db89ea6a541e,Solvent,SOLVENT,SMILES,C1COCCO1
ord-3c36e457f5e64b5b9130db89ea6a541e,amine,REACTANT,SMILES,C1=CC(=CN=C1)N
ord-3c36e457f5e64b5b9130db89ea6a541e,aryl halide,REACTANT,SMILES,C1=CN=C(C=C1Cl)Cl
ord-3c36e457f5e64b5b9130db89ea6a541e,metal and ligand,CATALYST,SMILES,CC1(C2=C(C(=CC=C2)P(C3=CC=CC=C3)C4=CC=CC=C4)OC5=C1C=CC=C5P(C6=CC=CC=C6)C7=CC=CC=C7)C
ord-3c36e457f5e64b5b9130db89ea6a541e,metal and ligand,CATALYST,SMILES,CC(=O)O.CC(=O)O.[Pd]
ord-3c36e457f5e64b5b9130db89ea6a541e,metal and ligand,CATALYST,SMILES,CC1(C2=C(C(=CC=C2)P(C3=CC=CC=C3)C4=CC=CC=C4)OC5=C1C=CC=C5P(C6=CC=CC=C6)C7=CC=CC=C7)C
ord-3c36e457f5e64b5b9130db89ea6a541e,metal and ligand,CATALYST,SMILES,CC(=O)O.CC(=O)O.[Pd]
ord-b9b3987212a34b6286e3f0f13f180d9b,Base,REAGENT,SMILES,CC(C)(C)[O-].[Na+]
ord-b9b3987212a34b6286e3f0f13f180d9b,Solvent,SOLVENT,SMILES,CC1=CC=CC=C1
ord-b9b3987212a34b6286e3f0f13f180d9b,amine,REACTANT,SMILES,CN1C=C(C=N1)C2=C(N=C(C=C2)N)OC
ord-b9b3987212a34b6286e3f0f13f180d9b,aryl halide,REACTANT,SMILES,CC1=CC(=NC2=C1CN(CC(O2)C3CCCO3)C)Cl
ord-b9b3987212a34b6286e3f0f13f180d9b,metal and ligand,CATALYST,SMILES,C1=CC=C(C=C1)P(C2=CC=CC=C2)C3=C(C4=CC=CC=C4C=C3)C5=C(C=CC6=CC=CC=C65)P(C7=CC=CC=C7)C8=CC=CC=C8
ord-b9b3987212a34b6286e3f0f13f180d9b,metal and ligand,CATALYST,SMILES,C1=CC=C(C=C1)/C=C/C(=O)/C=C/C2=CC=CC=C2.C1=CC=C(C=C1)/C=C/C(=O)/C=C/C2=CC=CC=C2.C1=CC=C(C=C1)/C=C/C(=O)/C=C/C2=CC=CC=C2.[Pd].[Pd]
ord-b9b3987212a34b6286e3f0f13f180d9b,metal and ligand,CATALYST,SMILES,C1=CC=C(C=C1)P(C2=CC=CC=C2)C3=C(C4=CC=CC=C4C=C3)C5=C(C=CC6=CC=CC=C65)P(C7=CC=CC=C7)C8=CC=CC=C8
ord-b9b3987212a34b6286e3f0f13f180d9b,metal and ligand,CATALYST,SMILES,C1=CC=C(C=C1)/C=C/C(=O)/C=C/C2=CC=CC=C2.C1=CC=C(C=C1)/C=C/C(=O)/C=C/C2=CC=CC=C2.C1=CC=C(C=C1)/C=C/C(=O)/C=C/C2=CC=CC=C2.[Pd].[Pd]
ord-a7f71cce88db46cba0388c01927b5a88,Base,REAGENT,SMILES,C(=O)([O-])[O-].[Cs+].[Cs+]
ord-a7f71cce88db46cba0388c01927b5a88,Solvent,SOLVENT,SMILES,CC1=CC=CC=C1
ord-a7f71cce88db46cba0388c01927b5a88,amine,REACTANT,SMILES,C1CN(CCN1)CC2=CC=CC=C2
ord-a7f71cce88db46cba0388c01927b5a88,aryl halide,REACTANT,SMILES,CCOC(=O)C1=CC(=O)C2=C(O1)C(=CC(=C2)OC)Br
ord-a7f71cce88db46cba0388c01927b5a88,metal and ligand,CATALYST,SMILES,C1=CC=C(C=C1)P(C2=CC=CC=C2)C3=C(C4=CC=CC=C4C=C3)C5=C(C=CC6=CC=CC=C65)P(C7=CC=CC=C7)C8=CC=CC=C8
ord-a7f71cce88db46cba0388c01927b5a88,metal and ligand,CATALYST,SMILES,C1=CC=C(C=C1)/C=C/C(=O)/C=C/C2=CC=CC=C2.C1=CC=C(C=C1)/C=C/C(=O)/C=C/C2=CC=CC=C2.C1=CC=C(C=C1)/C=C/C(=O)/C=C/C2=CC=CC=C2.[Pd].[Pd]
ord-a7f71cce88db46cba0388c01927b5a88,metal and ligand,CATALYST,SMILES,C1=CC=C(C=C1)P(C2=CC=CC=C2)C3=C(C4=CC=CC=C4C=C3)C5=C(C=CC6=CC=CC=C65)P(C7=CC=CC=C7)C8=CC=CC=C8
ord-a7f71cce88db46cba0388c01927b5a88,metal and ligand,CATALYST,SMILES,C1=CC=C(C=C1)/C=C/C(=O)/C=C/C2=CC=CC=C2.C1=CC=C(C=C1)/C=C/C(=O)/C=C/C2=CC=CC=C2.C1=CC=C(C=C1)/C=C/C(=O)/C=C/C2=CC=CC=C2.[Pd].[Pd]
ord-2683b0f554e64a9e9de3f6ed71e783e9,Base,REAGENT,SMILES,CC(C)(C)[O-].[K+]
ord-2683b0f554e64a9e9de3f6ed71e783e9,Solvent,SOLVENT,SMILES,CC1=CC=CC=C1
ord-2683b0f554e64a9e9de3f6ed71e783e9,amine,REACTANT,SMILES,C1COCCN1
ord-2683b0f554e64a9e9de3f6ed71e783e9,aryl halide,REACTANT,SMILES,CC1=CC(=CC(=C1NC(=O)CC(C)(C)C)C)Br
ord-2683b0f554e64a9e9de3f6ed71e783e9,metal and ligand,CATALYST,SMILES,CN(C)C1=CC=CC=C1C2=CC=CC=C2P(C3CCCCC3)C4CCCCC4
ord-2683b0f554e64a9e9de3f6ed71e783e9,metal and ligand,CATALYST,SMILES,C1=CC=C(C=C1)/C=C/C(=O)/C=C/C2=CC=CC=C2.C1=CC=C(C=C1)/C=C/C(=O)/C=C/C2=CC=CC=C2.C1=CC=C(C=C1)/C=C/C(=O)/C=C/C2=CC=CC=C2.[Pd].[Pd]
ord-2683b0f554e64a9e9de3f6ed71e783e9,metal and ligand,CATALYST,SMILES,CN(C)C1=CC=CC=C1C2=CC=CC=C2P(C3CCCCC3)C4CCCCC4
ord-2683b0f554e64a9e9de3f6ed71e783e9,metal and ligand,CATALYST,SMILES,C1=CC=C(C=C1)/C=C/C(=O)/C=C/C2=CC=CC=C2.C1=CC=C(C=C1)/C=C/C(=O)/C=C/C2=CC=CC=C2.C1=CC=C(C=C1)/C=C/C(=O)/C=C/C2=CC=CC=C2.[Pd].[Pd]
ord-25b2f8bfafe540368db659a4bd1935bf,Base,REAGENT,SMILES,CC(C)(C)[O-].[K+]
ord-25b2f8bfafe540368db659a4bd1935bf,Solvent,SOLVENT,SMILES,CC1=CC=CC=C1
ord-25b2f8bfafe540368db659a4bd1935bf,amine,REACTANT,SMILES,C1COCCN1
ord-25b2f8bfafe540368db659a4bd1935bf,aryl halide,REACTANT,SMILES,CC1=CC(=CC(=C1NC(=O)CC2CCCC2)C)Br
ord-25b2f8bfafe540368db659a4bd1935bf,metal and ligand,CATALYST,SMILES,CN(C)C1=CC=CC=C1C2=CC=CC=C2P(C3CCCCC3)C4CCCCC4
ord-25b2f8bfafe540368db659a4bd1935bf,metal and ligand,CATALYST,SMILES,C1=CC=C(C=C1)/C=C/C(=O)/C=C/C2=CC=CC=C2.C1=CC=C(C=C1)/C=C/C(=O)/C=C/C2=CC=CC=C2.C1=CC=C(C=C1)/C=C/C(=O)/C=C/C2=CC=CC=C2.[Pd].[Pd]
ord-25b2f8bfafe540368db659a4bd1935bf,metal and ligand,CATALYST,SMILES,CN(C)C1=CC=CC=C1C2=CC=CC=C2P(C3CCCCC3)C4CCCCC4
ord-25b2f8bfafe540368db659a4bd1935bf,metal and ligand,CATALYST,SMILES,C1=CC=C(C=C1)/C=C/C(=O)/C=C/C2=CC=CC=C2.C1=CC=C(C=C1)/C=C/C(=O)/C=C/C2=CC=CC=C2.C1=CC=C(C=C1)/C=C/C(=O)/C=C/C2=CC=CC=C2.[Pd].[Pd]
ord-80551a125bb34e24a0d215f47bcdf5d9,Base,REAGENT,SMILES,CC(C)(C)[O-].[Na+]
ord-80551a125bb34e24a0d215f47bcdf5d9,Solvent,SOLVENT,SMILES,CC1=CC=CC=C1
ord-80551a125bb34e24a0d215f47bcdf5d9,amine,REACTANT,SMILES,C[C@@H]1CNCCN1C(=O)OC(C)(C)C
ord-80551a125bb34e24a0d215f47bcdf5d9,aryl halide,REACTANT,SMILES,COC1=C(C=CC(=C1)Br)OCC2=CC=CC=C2
ord-80551a125bb34e24a0d215f47bcdf5d9,metal and ligand,CATALYST,SMILES,C1=CC=C(C=C1)P(C2=CC=CC=C2)C3=C(C4=CC=CC=C4C=C3)C5=C(C=CC6=CC=CC=C65)P(C7=CC=CC=C7)C8=CC=CC=C8
ord-80551a125bb34e24a0d215f47bcdf5d9,metal and ligand,CATALYST,SMILES,C1=CC=C(C=C1)/C=C/C(=O)/C=C/C2=CC=CC=C2.C1=CC=C(C=C1)/C=C/C(=O)/C=C/C2=CC=CC=C2.C1=CC=C(C=C1)/C=C/C(=O)/C=C/C2=CC=CC=C2.[Pd].[Pd]
ord-80551a125bb34e24a0d215f47bcdf5d9,metal and ligand,CATALYST,SMILES,C1=CC=C(C=C1)P(C2=CC=CC=C2)C3=C(C4=CC=CC=C4C=C3)C5=C(C=CC6=CC=CC=C65)P(C7=CC=CC=C7)C8=CC=CC=C8
ord-80551a125bb34e24a0d215f47bcdf5d9,metal and ligand,CATALYST,SMILES,C1=CC=C(C=C1)/C=C/C(=O)/C=C/C2=CC=CC=C2.C1=CC=C(C=C1)/C=C/C(=O)/C=C/C2=CC=CC=C2.C1=CC=C(C=C1)/C=C/C(=O)/C=C/C2=CC=CC=C2.[Pd].[Pd]
ord-9a60950bdd244f9f856c1f63589f5d48,Base,REAGENT,SMILES,C(=O)([O-])[O-].[Cs+].[Cs+]
ord-9a60950bdd244f9f856c1f63589f5d48,Solvent,SOLVENT,SMILES,C1COCCO1
ord-9a60950bdd244f9f856c1f63589f5d48,amine,REACTANT,SMILES,CCONC(=O)C1=CC=CC=C1N
ord-9a60950bdd244f9f856c1f63589f5d48,aryl halide,REACTANT,SMILES,CC1=NN(C(=C1)NC2=NC=C(C(=C2)I)C(F)(F)F)C
ord-9a60950bdd244f9f856c1f63589f5d48,metal and ligand,CATALYST,SMILES,CC1(C2=C(C(=CC=C2)P(C3=CC=CC=C3)C4=CC=CC=C4)OC5=C1C=CC=C5P(C6=CC=CC=C6)C7=CC=CC=C7)C
ord-9a60950bdd244f9f856c1f63589f5d48,metal and ligand,CATALYST,SMILES,CC(=O)O.CC(=O)O.[Pd]
ord-9a60950bdd244f9f856c1f63589f5d48,metal and ligand,CATALYST,SMILES,CC1(C2=C(C(=CC=C2)P(C3=CC=CC=C3)C4=CC=CC=C4)OC5=C1C=CC=C5P(C6=CC=CC=C6)C7=CC=CC=C7)C
ord-9a60950bdd244f9f856c1f63589f5d48,metal and ligand,CATALYST,SMILES,CC(=O)O.CC(=O)O.[Pd]
ord-84fa8d5c5cab44cab16622511b581f38,Base,REAGENT,SMILES,C(=O)([O-])[O-].[Cs+].[Cs+]
ord-84fa8d5c5cab44cab16622511b581f38,Solvent,SOLVENT,SMILES,C1COCCO1
ord-84fa8d5c5cab44cab16622511b581f38,amine,REACTANT,SMILES,C1=CC=C(C(=C1)C(=O)NOCCO)N
ord-84fa8d5c5cab44cab16622511b581f38,aryl halide,REACTANT,SMILES,CC1=NN(C(=C1)NC2=NC=C(C(=C2)I)C(F)(F)F)C
ord-84fa8d5c5cab44cab16622511b581f38,metal and ligand,CATALYST,SMILES,CC1(C2=C(C(=CC=C2)P(C3=CC=CC=C3)C4=CC=CC=C4)OC5=C1C=CC=C5P(C6=CC=CC=C6)C7=CC=CC=C7)C
ord-84fa8d5c5cab44cab16622511b581f38,metal and ligand,CATALYST,SMILES,CC(=O)O.CC(=O)O.[Pd]
ord-84fa8d5c5cab44cab16622511b581f38,metal and ligand,CATALYST,SMILES,CC1(C2=C(C(=CC=C2)P(C3=CC=CC=C3)C4=CC=CC=C4)OC5=C1C=CC=C5P(C6=CC=CC=C6)C7=CC=CC=C7)C
ord-84fa8d5c5cab44cab16622511b581f38,metal and ligand,CATALYST,SMILES,CC(=O)O.CC(=O)O.[Pd]
ord-7b17e577dfcd4694a98108d8e01246cd,Base,REAGENT,SMILES,C(=O)([O-])[O-].[Cs+].[Cs+]
ord-7b17e577dfcd4694a98108d8e01246cd,Solvent,SOLVENT,SMILES,COCCOC
ord-7b17e577dfcd4694a98108d8e01246cd,amine,REACTANT,SMILES,CC1=NN(C=N1)C2=CC=C(C=C2)N
ord-7b17e577dfcd4694a98108d8e01246cd,aryl halide,REACTANT,SMILES,CN1C[C@H](OC2=C(C1)C=CC(=N2)Cl)C3=CC=CC=C3
ord-7b17e577dfcd4694a98108d8e01246cd,metal and ligand,CATALYST,SMILES,C1CCC(CC1)P(C2CCCCC2)C3=CC=CC=C3C4=CC=CC=C4
ord-7b17e577dfcd4694a98108d8e01246cd,metal and ligand,CATALYST,SMILES,CC(=O)O.CC(=O)O.[Pd]
ord-7b17e577dfcd4694a98108d8e01246cd,metal and ligand,CATALYST,SMILES,C1CCC(CC1)P(C2CCCCC2)C3=CC=CC=C3C4=CC=CC=C4
ord-7b17e577dfcd4694a98108d8e01246cd,metal and ligand,CATALYST,SMILES,CC(=O)O.CC(=O)O.[Pd]
ord-b07c6adf9728420aa254eb2e3d6b36f4,Base,REAGENT,SMILES,C(=O)([O-])[O-].[Cs+].[Cs+]
ord-b07c6adf9728420aa254eb2e3d6b36f4,Solvent,SOLVENT,SMILES,COCCOC
ord-b07c6adf9728420aa254eb2e3d6b36f4,amine,REACTANT,SMILES,CC1=NN(C=N1)C2=CC=C(C=C2)N
ord-b07c6adf9728420aa254eb2e3d6b36f4,aryl halide,REACTANT,SMILES,CN1C[C@H](OC2=C(C1)C=CC(=N2)Cl)C3=CC=CC=C3
ord-b07c6adf9728420aa254eb2e3d6b36f4,metal and ligand,CATALYST,SMILES,C1CCC(CC1)P(C2CCCCC2)C3=CC=CC=C3C4=CC=CC=C4
ord-b07c6adf9728420aa254eb2e3d6b36f4,metal and ligand,CATALYST,SMILES,CC(=O)O.CC(=O)O.[Pd]
ord-b07c6adf9728420aa254eb2e3d6b36f4,metal and ligand,CATALYST,SMILES,C1CCC(CC1)P(C2CCCCC2)C3=CC=CC=C3C4=CC=CC=C4
ord-b07c6adf9728420aa254eb2e3d6b36f4,metal and ligand,CATALYST,SMILES,CC(=O)O.CC(=O)O.[Pd]
ord-22e3f80de08948fdaf8c37b04b642dc6,Base,REAGENT,SMILES,CC(C)(C)[O-].[K+]
ord-22e3f80de08948fdaf8c37b04b642dc6,Solvent,SOLVENT,SMILES,COCCOC
ord-22e3f80de08948fdaf8c37b04b642dc6,amine,REACTANT,SMILES,CC1=NN(C=N1)C2=CC=C(C=C2)N
ord-22e3f80de08948fdaf8c37b04b642dc6,aryl halide,REACTANT,SMILES,CN1C[C@H](OC2=C(C1)C=CC(=N2)Cl)C3=CC=CC=C3
ord-22e3f80de08948fdaf8c37b04b642dc6,metal and ligand,CATALYST,SMILES,C1CCC(CC1)P(C2CCCCC2)C3=CC=CC=C3C4=CC=CC=C4
ord-22e3f80de08948fdaf8c37b04b642dc6,metal and ligand,CATALYST,SMILES,CC(=O)O.CC(=O)O.[Pd]
ord-22e3f80de08948fdaf8c37b04b642dc6,metal and ligand,CATALYST,SMILES,C1CCC(CC1)P(C2CCCCC2)C3=CC=CC=C3C4=CC=CC=C4
ord-22e3f80de08948fdaf8c37b04b642dc6,metal and ligand,CATALYST,SMILES,CC(=O)O.CC(=O)O.[Pd]
ord-221a1c88a71944db90ec733265031251,Base,REAGENT,SMILES,C(=O)([O-])[O-].[Cs+].[Cs+]
ord-221a1c88a71944db90ec733265031251,Solvent,SOLVENT,SMILES,COCCOC
ord-221a1c88a71944db90ec733265031251,amine,REACTANT,SMILES,CC1=NN(C=N1)C2=CC=C(C=C2)N
ord-221a1c88a71944db90ec733265031251,aryl halide,REACTANT,SMILES,CN1C[C@H](OC2=C(C1)C=CC(=N2)Cl)C3=CC=CC=C3
ord-221a1c88a71944db90ec733265031251,metal and ligand,CATALYST,SMILES,CC1(C2=C(C(=CC=C2)P(C3=CC=CC=C3)C4=CC=CC=C4)OC5=C1C=CC=C5P(C6=CC=CC=C6)C7=CC=CC=C7)C
ord-221a1c88a71944db90ec733265031251,metal and ligand,CATALYST,SMILES,CC(=O)O.CC(=O)O.[Pd]
ord-221a1c88a71944db90ec733265031251,metal and ligand,CATALYST,SMILES,CC1(C2=C(C(=CC=C2)P(C3=CC=CC=C3)C4=CC=CC=C4)OC5=C1C=CC=C5P(C6=CC=CC=C6)C7=CC=CC=C7)C
ord-221a1c88a71944db90ec733265031251,metal and ligand,CATALYST,SMILES,CC(=O)O.CC(=O)O.[Pd]
ord-8f9b18030951427ab1e1a3e32247196d,Base,REAGENT,SMILES,C(=O)([O-])[O-].[Cs+].[Cs+]
ord-8f9b18030951427ab1e1a3e32247196d,Solvent,SOLVENT,SMILES,COCCOC
ord-8f9b18030951427ab1e1a3e32247196d,amine,REACTANT,SMILES,CC1=NN(C=N1)C2=CC=C(C=C2)N
ord-8f9b18030951427ab1e1a3e32247196d,aryl halide,REACTANT,SMILES,CN1C[C@H](OC2=C(C1)C=CC(=N2)Cl)C3=CC=CC=C3
ord-8f9b18030951427ab1e1a3e32247196d,metal and ligand,CATALYST,SMILES,C1CCC(CC1)P(C2CCCCC2)C3=CC=CC=C3C4=CC=CC=C4
ord-8f9b18030951427ab1e1a3e32247196d,metal and ligand,CATALYST,SMILES,C1=CC=C(C=C1)/C=C/C(=O)/C=C/C2=CC=CC=C2.C1=CC=C(C=C1)/C=C/C(=O)/C=C/C2=CC=CC=C2.C1=CC=C(C=C1)/C=C/C(=O)/C=C/C2=CC=CC=C2.[Pd].[Pd]
ord-8f9b18030951427ab1e1a3e32247196d,metal and ligand,CATALYST,SMILES,C1CCC(CC1)P(C2CCCCC2)C3=CC=CC=C3C4=CC=CC=C4
ord-8f9b18030951427ab1e1a3e32247196d,metal and ligand,CATALYST,SMILES,C1=CC=C(C=C1)/C=C/C(=O)/C=C/C2=CC=CC=C2.C1=CC=C(C=C1)/C=C/C(=O)/C=C/C2=CC=CC=C2.C1=CC=C(C=C1)/C=C/C(=O)/C=C/C2=CC=CC=C2.[Pd].[Pd]
ord-dc56e46e611f4db1889616d29baeeb5f,Base,REAGENT,SMILES,C(=O)([O-])[O-].[Cs+].[Cs+]
ord-dc56e46e611f4db1889616d29baeeb5f,Solvent,SOLVENT,SMILES,C1CCOC1
ord-dc56e46e611f4db1889616d29baeeb5f,amine,REACTANT,SMILES,C1CNCCN1
ord-dc56e46e611f4db1889616d29baeeb5f,aryl halide,REACTANT,SMILES,C1=CC2=C(C=C(O2)C(=O)N)C(=C1)Br
ord-dc56e46e611f4db1889616d29baeeb5f,metal and ligand,CATALYST,SMILES,C1=CC=C(C=C1)P(C2=CC=CC=C2)C3=C(C4=CC=CC=C4C=C3)C5=C(C=CC6=CC=CC=C65)P(C7=CC=CC=C7)C8=CC=CC=C8
ord-dc56e46e611f4db1889616d29baeeb5f,metal and ligand,CATALYST,SMILES,C1=CC=C(C=C1)/C=C/C(=O)/C=C/C2=CC=CC=C2.C1=CC=C(C=C1)/C=C/C(=O)/C=C/C2=CC=CC=C2.C1=CC=C(C=C1)/C=C/C(=O)/C=C/C2=CC=CC=C2.[Pd].[Pd]
ord-dc56e46e611f4db1889616d29baeeb5f,metal and ligand,CATALYST,SMILES,C1=CC=C(C=C1)P(C2=CC=CC=C2)C3=C(C4=CC=CC=C4C=C3)C5=C(C=CC6=CC=CC=C65)P(C7=CC=CC=C7)C8=CC=CC=C8
ord-dc56e46e611f4db1889616d29baeeb5f,metal and ligand,CATALYST,SMILES,C1=CC=C(C=C1)/C=C/C(=O)/C=C/C2=CC=CC=C2.C1=CC=C(C=C1)/C=C/C(=O)/C=C/C2=CC=CC=C2.C1=CC=C(C=C1)/C=C/C(=O)/C=C/C2=CC=CC=C2.[Pd].[Pd]
ord-100bcab4f1bd45d89d76662307487cf4,Base,REAGENT,SMILES,C(=O)([O-])[O-].[Cs+].[Cs+]
ord-100bcab4f1bd45d89d76662307487cf4,Solvent,SOLVENT,SMILES,C1COCCO1
ord-100bcab4f1bd45d89d76662307487cf4,amine,REACTANT,SMILES,CC(C)(C)OC(=O)N1CCNCC1
ord-100bcab4f1bd45d89d76662307487cf4,aryl halide,REACTANT,SMILES,CC1=C(C(=CC=C1)Br)[N+](=O)[O-]
ord-100bcab4f1bd45d89d76662307487cf4,metal and ligand,CATALYST,SMILES,CC1(C2=C(C(=CC=C2)P(C3=CC=CC=C3)C4=CC=CC=C4)OC5=C1C=CC=C5P(C6=CC=CC=C6)C7=CC=CC=C7)C
ord-100bcab4f1bd45d89d76662307487cf4,metal and ligand,CATALYST,SMILES,CC(=O)O.CC(=O)O.[Pd]
ord-100bcab4f1bd45d89d76662307487cf4,metal and ligand,CATALYST,SMILES,CC1(C2=C(C(=CC=C2)P(C3=CC=CC=C3)C4=CC=CC=C4)OC5=C1C=CC=C5P(C6=CC=CC=C6)C7=CC=CC=C7)C
ord-100bcab4f1bd45d89d76662307487cf4,metal and ligand,CATALYST,SMILES,CC(=O)O.CC(=O)O.[Pd]
ord-41642501237541609124229452d981cb,Base,REAGENT,SMILES,C(=O)([O-])[O-].[Cs+].[Cs+]
ord-41642501237541609124229452d981cb,Solvent,SOLVENT,SMILES,CC1=CC=CC=C1
ord-41642501237541609124229452d981cb,amine,REACTANT,SMILES,CC(C)(C)OC(=O)N
ord-41642501237541609124229452d981cb,aryl halide,REACTANT,SMILES,C1=CC(=C(C=C1Br)F)C=O
ord-41642501237541609124229452d981cb,metal and ligand,CATALYST,SMILES,C1=CC=C(C=C1)P(C2=CC=CC=C2)C3=C(C4=CC=CC=C4C=C3)C5=C(C=CC6=CC=CC=C65)P(C7=CC=CC=C7)C8=CC=CC=C8
ord-41642501237541609124229452d981cb,metal and ligand,CATALYST,SMILES,C1=CC=C(C=C1)/C=C/C(=O)/C=C/C2=CC=CC=C2.C1=CC=C(C=C1)/C=C/C(=O)/C=C/C2=CC=CC=C2.[Pd]
ord-41642501237541609124229452d981cb,metal and ligand,CATALYST,SMILES,C1=CC=C(C=C1)P(C2=CC=CC=C2)C3=C(C4=CC=CC=C4C=C3)C5=C(C=CC6=CC=CC=C65)P(C7=CC=CC=C7)C8=CC=CC=C8
ord-41642501237541609124229452d981cb,metal and ligand,CATALYST,SMILES,C1=CC=C(C=C1)/C=C/C(=O)/C=C/C2=CC=CC=C2.C1=CC=C(C=C1)/C=C/C(=O)/C=C/C2=CC=CC=C2.[Pd]
ord-122adeafa04f44969e42186d0dc6c6bd,Base,REAGENT,SMILES,C(=O)([O-])[O-].[Cs+].[Cs+]
ord-122adeafa04f44969e42186d0dc6c6bd,Solvent,SOLVENT,SMILES,CC1=CC=CC=C1
ord-122adeafa04f44969e42186d0dc6c6bd,amine,REACTANT,SMILES,CC(C)(C)OC(=O)N
ord-122adeafa04f44969e42186d0dc6c6bd,aryl halide,REACTANT,SMILES,C1=CC(=C(C=C1Br)F)C=O
ord-122adeafa04f44969e42186d0dc6c6bd,metal and ligand,CATALYST,SMILES,C1=CC=C(C=C1)P(C2=CC=CC=C2)C3=C(C4=CC=CC=C4C=C3)C5=C(C=CC6=CC=CC=C65)P(C7=CC=CC=C7)C8=CC=CC=C8
ord-122adeafa04f44969e42186d0dc6c6bd,metal and ligand,CATALYST,SMILES,C1=CC=C(C=C1)/C=C/C(=O)/C=C/C2=CC=CC=C2.C1=CC=C(C=C1)/C=C/C(=O)/C=C/C2=CC=CC=C2.[Pd]
ord-122adeafa04f44969e42186d0dc6c6bd,metal and ligand,CATALYST,SMILES,C1=CC=C(C=C1)P(C2=CC=CC=C2)C3=C(C4=CC=CC=C4C=C3)C5=C(C=CC6=CC=CC=C65)P(C7=CC=CC=C7)C8=CC=CC=C8
ord-122adeafa04f44969e42186d0dc6c6bd,metal and ligand,CATALYST,SMILES,C1=CC=C(C=C1)/C=C/C(=O)/C=C/C2=CC=CC=C2.C1=CC=C(C=C1)/C=C/C(=O)/C=C/C2=CC=CC=C2.[Pd]
ord-cc832050b1854993a53bbd02bde64312,Base,REAGENT,SMILES,[O-]P(=O)([O-])[O-].[K+].[K+].[K+]
ord-cc832050b1854993a53bbd02bde64312,Solvent,SOLVENT,SMILES,COCCOC
ord-cc832050b1854993a53bbd02bde64312,amine,REACTANT,SMILES,CC(C)(C)OC(=O)NCCC1CCNCC1
ord-cc832050b1854993a53bbd02bde64312,aryl halide,REACTANT,SMILES,C1=CC=C(C=C1)I
ord-cc832050b1854993a53bbd02bde64312,metal and ligand,CATALYST,SMILES,CC(C)(C)P(C(C)(C)C)C(C)(C)C
ord-cc832050b1854993a53bbd02bde64312,metal and ligand,CATALYST,SMILES,CC(C)(C)P(C(C)(C)C)C(C)(C)C.CC(C)(C)P(C(C)(C)C)C(C)(C)C.[Pd]
ord-cc832050b1854993a53bbd02bde64312,metal and ligand,CATALYST,SMILES,CC(C)(C)P(C(C)(C)C)C(C)(C)C
ord-cc832050b1854993a53bbd02bde64312,metal and ligand,CATALYST,SMILES,CC(C)(C)P(C(C)(C)C)C(C)(C)C.CC(C)(C)P(C(C)(C)C)C(C)(C)C.[Pd]
ord-f1c56ffe105843279dcf3ce82ed9a4b2,Base,REAGENT,SMILES,C(=O)([O-])[O-].[Cs+].[Cs+]
ord-f1c56ffe105843279dcf3ce82ed9a4b2,Solvent,SOLVENT,SMILES,C1COCCO1
ord-f1c56ffe105843279dcf3ce82ed9a4b2,amine,REACTANT,SMILES,C1CN(CCN1)CC2=CC=CC=C2
ord-f1c56ffe105843279dcf3ce82ed9a4b2,aryl halide,REACTANT,SMILES,CN(C)C(=O)C1=CC2=C(O1)C(=CC=C2)Br
ord-f1c56ffe105843279dcf3ce82ed9a4b2,metal and ligand,CATALYST,SMILES,CC(C)C1=CC(=C(C(=C1)C(C)C)C2=CC=CC=C2P(C3CCCCC3)C4CCCCC4)C(C)C
ord-f1c56ffe105843279dcf3ce82ed9a4b2,metal and ligand,CATALYST,SMILES,C1=CC=C(C=C1)/C=C/C(=O)/C=C/C2=CC=CC=C2.C1=CC=C(C=C1)/C=C/C(=O)/C=C/C2=CC=CC=C2.C1=CC=C(C=C1)/C=C/C(=O)/C=C/C2=CC=CC=C2.[Pd].[Pd]
ord-f1c56ffe105843279dcf3ce82ed9a4b2,metal and ligand,CATALYST,SMILES,CC(C)C1=CC(=C(C(=C1)C(C)C)C2=CC=CC=C2P(C3CCCCC3)C4CCCCC4)C(C)C
ord-f1c56ffe105843279dcf3ce82ed9a4b2,metal and ligand,CATALYST,SMILES,C1=CC=C(C=C1)/C=C/C(=O)/C=C/C2=CC=CC=C2.C1=CC=C(C=C1)/C=C/C(=O)/C=C/C2=CC=CC=C2.C1=CC=C(C=C1)/C=C/C(=O)/C=C/C2=CC=CC=C2.[Pd].[Pd]
ord-59ade4a657944ddaa87cf04392b14d28,Base,REAGENT,SMILES,CC(C)(C)[O-].[Na+]
ord-59ade4a657944ddaa87cf04392b14d28,Solvent,SOLVENT,SMILES,CC1=CC=CC=C1
ord-59ade4a657944ddaa87cf04392b14d28,amine,REACTANT,SMILES,CC(C)(C)OC(=O)NCCC1CCNCC1
ord-59ade4a657944ddaa87cf04392b14d28,aryl halide,REACTANT,SMILES,C1=CC=C(C=C1)Br
ord-59ade4a657944ddaa87cf04392b14d28,metal and ligand,CATALYST,SMILES,CC1(C2=C(C(=CC=C2)P(C3=CC=CC=C3)C4=CC=CC=C4)OC5=C1C=CC=C5P(C6=CC=CC=C6)C7=CC=CC=C7)C
ord-59ade4a657944ddaa87cf04392b14d28,metal and ligand,CATALYST,SMILES,CC(=O)O.CC(=O)O.[Pd]
ord-59ade4a657944ddaa87cf04392b14d28,metal and ligand,CATALYST,SMILES,CC1(C2=C(C(=CC=C2)P(C3=CC=CC=C3)C4=CC=CC=C4)OC5=C1C=CC=C5P(C6=CC=CC=C6)C7=CC=CC=C7)C
ord-59ade4a657944ddaa87cf04392b14d28,metal and ligand,CATALYST,SMILES,CC(=O)O.CC(=O)O.[Pd]
ord-8cfc6888cfb048a3bbd7a788345f4499,Base,REAGENT,SMILES,CC(C)(C)[O-].[Na+]
ord-8cfc6888cfb048a3bbd7a788345f4499,Solvent,SOLVENT,SMILES,CC1=CC=CC=C1
ord-8cfc6888cfb048a3bbd7a788345f4499,amine,REACTANT,SMILES,C1CN(CCN1)CCC2=CC=CC=C2
ord-8cfc6888cfb048a3bbd7a788345f4499,aryl halide,REACTANT,SMILES,C1=CC2=C(C(=C1)Br)OC=C2
ord-8cfc6888cfb048a3bbd7a788345f4499,metal and ligand,CATALYST,SMILES,C1=CC=C(C=C1)P(C2=CC=CC=C2)C3=C(C4=CC=CC=C4C=C3)C5=C(C=CC6=CC=CC=C65)P(C7=CC=CC=C7)C8=CC=CC=C8
ord-8cfc6888cfb048a3bbd7a788345f4499,metal and ligand,CATALYST,SMILES,C1=CC=C(C=C1)/C=C/C(=O)/C=C/C2=CC=CC=C2.C1=CC=C(C=C1)/C=C/C(=O)/C=C/C2=CC=CC=C2.C1=CC=C(C=C1)/C=C/C(=O)/C=C/C2=CC=CC=C2.[Pd].[Pd]
ord-8cfc6888cfb048a3bbd7a788345f4499,metal and ligand,CATALYST,SMILES,C1=CC=C(C=C1)P(C2=CC=CC=C2)C3=C(C4=CC=CC=C4C=C3)C5=C(C=CC6=CC=CC=C65)P(C7=CC=CC=C7)C8=CC=CC=C8
ord-8cfc6888cfb048a3bbd7a788345f4499,metal and ligand,CATALYST,SMILES,C1=CC=C(C=C1)/C=C/C(=O)/C=C/C2=CC=CC=C2.C1=CC=C(C=C1)/C=C/C(=O)/C=C/C2=CC=CC=C2.C1=CC=C(C=C1)/C=C/C(=O)/C=C/C2=CC=CC=C2.[Pd].[Pd]
ord-fb5c3a40f09e4b5fab2cf5db4493aed4,Base,REAGENT,SMILES,C(=O)([O-])[O-].[Cs+].[Cs+]
ord-fb5c3a40f09e4b5fab2cf5db4493aed4,Solvent,SOLVENT,SMILES,C1COCCO1
ord-fb5c3a40f09e4b5fab2cf5db4493aed4,amine,REACTANT,SMILES,C[C@@H]1CNC[C@@H](N1)C
ord-fb5c3a40f09e4b5fab2cf5db4493aed4,aryl halide,REACTANT,SMILES,COC1=C(C=C(C=C1)Br)[N+](=O)[O-]
ord-fb5c3a40f09e4b5fab2cf5db4493aed4,metal and ligand,CATALYST,SMILES,C1=CC=C(C=C1)P(C2=CC=CC=C2)C3=C(C4=CC=CC=C4C=C3)C5=C(C=CC6=CC=CC=C65)P(C7=CC=CC=C7)C8=CC=CC=C8
ord-fb5c3a40f09e4b5fab2cf5db4493aed4,metal and ligand,CATALYST,SMILES,CC(=O)O.CC(=O)O.[Pd]
ord-fb5c3a40f09e4b5fab2cf5db4493aed4,metal and ligand,CATALYST,SMILES,C1=CC=C(C=C1)P(C2=CC=CC=C2)C3=C(C4=CC=CC=C4C=C3)C5=C(C=CC6=CC=CC=C65)P(C7=CC=CC=C7)C8=CC=CC=C8
ord-fb5c3a40f09e4b5fab2cf5db4493aed4,metal and ligand,CATALYST,SMILES,CC(=O)O.CC(=O)O.[Pd]
ord-5dbc6ee86ad94d33b87d1fb77112c522,Base,REAGENT,SMILES,C(=O)([O-])[O-].[Cs+].[Cs+]
ord-5dbc6ee86ad94d33b87d1fb77112c522,Solvent,SOLVENT,SMILES,C1COCCO1
ord-5dbc6ee86ad94d33b87d1fb77112c522,amine,REACTANT,SMILES,C[C@@H]1CNC[C@@H](N1)C
ord-5dbc6ee86ad94d33b87d1fb77112c522,aryl halide,REACTANT,SMILES,COC1=C(C=C(C=C1)Br)[N+](=O)[O-]
ord-5dbc6ee86ad94d33b87d1fb77112c522,metal and ligand,CATALYST,SMILES,C1=CC=C(C=C1)P(C2=CC=CC=C2)C3=C(C4=CC=CC=C4C=C3)C5=C(C=CC6=CC=CC=C65)P(C7=CC=CC=C7)C8=CC=CC=C8
ord-5dbc6ee86ad94d33b87d1fb77112c522,metal and ligand,CATALYST,SMILES,CC(=O)O.CC(=O)O.[Pd]
ord-5dbc6ee86ad94d33b87d1fb77112c522,metal and ligand,CATALYST,SMILES,C1=CC=C(C=C1)P(C2=CC=CC=C2)C3=C(C4=CC=CC=C4C=C3)C5=C(C=CC6=CC=CC=C65)P(C7=CC=CC=C7)C8=CC=CC=C8
ord-5dbc6ee86ad94d33b87d1fb77112c522,metal and ligand,CATALYST,SMILES,CC(=O)O.CC(=O)O.[Pd]
ord-ffcc436f225c440ca5c8c1a40df255a3,Base,REAGENT,SMILES,C(=O)([O-])[O-].[Cs+].[Cs+]
ord-ffcc436f225c440ca5c8c1a40df255a3,Solvent,SOLVENT,SMILES,C1COCCO1
ord-ffcc436f225c440ca5c8c1a40df255a3,amine,REACTANT,SMILES,CC1=NN(C(=C1)N)C
ord-ffcc436f225c440ca5c8c1a40df255a3,aryl halide,REACTANT,SMILES,CNC(=O)C1=C(C=CC=C1OC)NC2=CC(=NC=C2C(F)(F)F)Cl
ord-ffcc436f225c440ca5c8c1a40df255a3,metal and ligand,CATALYST,SMILES,CC1(C2=C(C(=CC=C2)P(C3=CC=CC=C3)C4=CC=CC=C4)OC5=C1C=CC=C5P(C6=CC=CC=C6)C7=CC=CC=C7)C
ord-ffcc436f225c440ca5c8c1a40df255a3,metal and ligand,CATALYST,SMILES,CC(=O)O.CC(=O)O.[Pd]
ord-ffcc436f225c440ca5c8c1a40df255a3,metal and ligand,CATALYST,SMILES,CC1(C2=C(C(=CC=C2)P(C3=CC=CC=C3)C4=CC=CC=C4)OC5=C1C=CC=C5P(C6=CC=CC=C6)C7=CC=CC=C7)C
ord-ffcc436f225c440ca5c8c1a40df255a3,metal and ligand,CATALYST,SMILES,CC(=O)O.CC(=O)O.[Pd]
ord-b387923b7ccc41128cba74368ffb7dd0,Base,REAGENT,SMILES,C(=O)([O-])[O-].[Cs+].[Cs+]
ord-b387923b7ccc41128cba74368ffb7dd0,Solvent,SOLVENT,SMILES,COCCOC
ord-b387923b7ccc41128cba74368ffb7dd0,amine,REACTANT,SMILES,CC1=CN(C=N1)C2=C(C=C(C=C2)N)OC
ord-b387923b7ccc41128cba74368ffb7dd0,aryl halide,REACTANT,SMILES,CC(C)OCC1CN(CC2=C(O1)N=C(C=C2)Cl)C
ord-b387923b7ccc41128cba74368ffb7dd0,metal and ligand,CATALYST,SMILES,C1CCC(CC1)P(C2CCCCC2)C3=CC=CC=C3C4=CC=CC=C4
ord-b387923b7ccc41128cba74368ffb7dd0,metal and ligand,CATALYST,SMILES,CC(=O)O.CC(=O)O.[Pd]
ord-b387923b7ccc41128cba74368ffb7dd0,metal and ligand,CATALYST,SMILES,C1CCC(CC1)P(C2CCCCC2)C3=CC=CC=C3C4=CC=CC=C4
ord-b387923b7ccc41128cba74368ffb7dd0,metal and ligand,CATALYST,SMILES,CC(=O)O.CC(=O)O.[Pd]
ord-f1632d43480c447bab6a25aa93c74396,Base,REAGENT,SMILES,C(=O)([O-])[O-].[Cs+].[Cs+]
ord-f1632d43480c447bab6a25aa93c74396,Solvent,SOLVENT,SMILES,CCO
ord-f1632d43480c447bab6a25aa93c74396,amine,REACTANT,SMILES,CC1=NN(C=N1)C2=C(C=C(C=C2)N)OC
ord-f1632d43480c447bab6a25aa93c74396,aryl halide,REACTANT,SMILES,CN1C[C@H](OC2=C(C1)C=CC(=N2)Cl)C3=CC=CC=C3
ord-f1632d43480c447bab6a25aa93c74396,metal and ligand,CATALYST,SMILES,C1CCC(CC1)P(C2CCCCC2)C3=CC=CC=C3C4=CC=CC=C4
ord-f1632d43480c447bab6a25aa93c74396,metal and ligand,CATALYST,SMILES,CC(=O)O.CC(=O)O.[Pd]
ord-f1632d43480c447bab6a25aa93c74396,metal and ligand,CATALYST,SMILES,C1CCC(CC1)P(C2CCCCC2)C3=CC=CC=C3C4=CC=CC=C4
ord-f1632d43480c447bab6a25aa93c74396,metal and ligand,CATALYST,SMILES,CC(=O)O.CC(=O)O.[Pd]
ord-3db391e974974fdaa88ec87b15c89118,Base,REAGENT,SMILES,C(=O)([O-])[O-].[Cs+].[Cs+]
ord-3db391e974974fdaa88ec87b15c89118,Solvent,SOLVENT,SMILES,C1COCCO1
ord-3db391e974974fdaa88ec87b15c89118,amine,REACTANT,SMILES,CONC(=O)C1=CC=CC=C1N
ord-3db391e974974fdaa88ec87b15c89118,aryl halide,REACTANT,SMILES,CC1=C(C(=NN1C)C)NC2=NC=C(C(=C2)I)C(F)(F)F
ord-3db391e974974fdaa88ec87b15c89118,metal and ligand,CATALYST,SMILES,CC1(C2=C(C(=CC=C2)P(C3=CC=CC=C3)C4=CC=CC=C4)OC5=C1C=CC=C5P(C6=CC=CC=C6)C7=CC=CC=C7)C
ord-3db391e974974fdaa88ec87b15c89118,metal and ligand,CATALYST,SMILES,CC(=O)O.CC(=O)O.[Pd]
ord-3db391e974974fdaa88ec87b15c89118,metal and ligand,CATALYST,SMILES,CC1(C2=C(C(=CC=C2)P(C3=CC=CC=C3)C4=CC=CC=C4)OC5=C1C=CC=C5P(C6=CC=CC=C6)C7=CC=CC=C7)C
ord-3db391e974974fdaa88ec87b15c89118,metal and ligand,CATALYST,SMILES,CC(=O)O.CC(=O)O.[Pd]
ord-971fd86c0ca2434fb005b5350f485988,Base,REAGENT,SMILES,C(=O)([O-])[O-].[Cs+].[Cs+]
ord-971fd86c0ca2434fb005b5350f485988,Solvent,SOLVENT,SMILES,C1COCCO1
ord-971fd86c0ca2434fb005b5350f485988,amine,REACTANT,SMILES,C1CN(CCN1)CC2=CC=CC=C2
ord-971fd86c0ca2434fb005b5350f485988,aryl halide,REACTANT,SMILES,CCOC(=O)C1=CC2=C(O1)C=CC=C2Br
ord-971fd86c0ca2434fb005b5350f485988,metal and ligand,CATALYST,SMILES,CC(C)C1=CC(=C(C(=C1)C(C)C)C2=CC=CC=C2P(C3CCCCC3)C4CCCCC4)C(C)C
ord-971fd86c0ca2434fb005b5350f485988,metal and ligand,CATALYST,SMILES,C1=CC=C(C=C1)/C=C/C(=O)/C=C/C2=CC=CC=C2.C1=CC=C(C=C1)/C=C/C(=O)/C=C/C2=CC=CC=C2.C1=CC=C(C=C1)/C=C/C(=O)/C=C/C2=CC=CC=C2.[Pd].[Pd]
ord-971fd86c0ca2434fb005b5350f485988,metal and ligand,CATALYST,SMILES,CC(C)C1=CC(=C(C(=C1)C(C)C)C2=CC=CC=C2P(C3CCCCC3)C4CCCCC4)C(C)C
ord-971fd86c0ca2434fb005b5350f485988,metal and ligand,CATALYST,SMILES,C1=CC=C(C=C1)/C=C/C(=O)/C=C/C2=CC=CC=C2.C1=CC=C(C=C1)/C=C/C(=O)/C=C/C2=CC=CC=C2.C1=CC=C(C=C1)/C=C/C(=O)/C=C/C2=CC=CC=C2.[Pd].[Pd]
ord-3a55abb970674d2a9a710b323cb93eee,Base,REAGENT,SMILES,C(=O)([O-])[O-].[Cs+].[Cs+]
ord-3a55abb970674d2a9a710b323cb93eee,Solvent,SOLVENT,SMILES,CC1=CC=CC=C1
ord-3a55abb970674d2a9a710b323cb93eee,amine,REACTANT,SMILES,C1CN(CCN1)CC2=CC=CC=C2
ord-3a55abb970674d2a9a710b323cb93eee,aryl halide,REACTANT,SMILES,CCOC(=O)C1=CC2=C(O1)C=CC=C2Br
ord-3a55abb970674d2a9a710b323cb93eee,metal and ligand,CATALYST,SMILES,CC(C)(C)P(C1=CC=CC=C1C2=CC=CC=C2)C(C)(C)C
ord-3a55abb970674d2a9a710b323cb93eee,metal and ligand,CATALYST,SMILES,C1=CC=C(C=C1)/C=C/C(=O)/C=C/C2=CC=CC=C2.C1=CC=C(C=C1)/C=C/C(=O)/C=C/C2=CC=CC=C2.C1=CC=C(C=C1)/C=C/C(=O)/C=C/C2=CC=CC=C2.[Pd].[Pd]
ord-3a55abb970674d2a9a710b323cb93eee,metal and ligand,CATALYST,SMILES,CC(C)(C)P(C1=CC=CC=C1C2=CC=CC=C2)C(C)(C)C
ord-3a55abb970674d2a9a710b323cb93eee,metal and ligand,CATALYST,SMILES,C1=CC=C(C=C1)/C=C/C(=O)/C=C/C2=CC=CC=C2.C1=CC=C(C=C1)/C=C/C(=O)/C=C/C2=CC=CC=C2.C1=CC=C(C=C1)/C=C/C(=O)/C=C/C2=CC=CC=C2.[Pd].[Pd]
ord-c63ae2b686b74eaaae695094af43fe92,Base,REAGENT,SMILES,C(=O)([O-])[O-].[Cs+].[Cs+]
ord-c63ae2b686b74eaaae695094af43fe92,Solvent,SOLVENT,SMILES,C1COCCO1
ord-c63ae2b686b74eaaae695094af43fe92,amine,REACTANT,SMILES,C1CN(CCN1)CC2=CC=CC=C2
ord-c63ae2b686b74eaaae695094af43fe92,aryl halide,REACTANT,SMILES,CCOC(=O)C1=CC2=C(O1)C=CC=C2Br
ord-c63ae2b686b74eaaae695094af43fe92,metal and ligand,CATALYST,SMILES,CC(C)C1=CC(=C(C(=C1)C(C)C)C2=CC=CC=C2P(C3CCCCC3)C4CCCCC4)C(C)C
ord-c63ae2b686b74eaaae695094af43fe92,metal and ligand,CATALYST,SMILES,C1=CC=C(C=C1)/C=C/C(=O)/C=C/C2=CC=CC=C2.C1=CC=C(C=C1)/C=C/C(=O)/C=C/C2=CC=CC=C2.C1=CC=C(C=C1)/C=C/C(=O)/C=C/C2=CC=CC=C2.[Pd].[Pd]
ord-c63ae2b686b74eaaae695094af43fe92,metal and ligand,CATALYST,SMILES,CC(C)C1=CC(=C(C(=C1)C(C)C)C2=CC=CC=C2P(C3CCCCC3)C4CCCCC4)C(C)C
ord-c63ae2b686b74eaaae695094af43fe92,metal and ligand,CATALYST,SMILES,C1=CC=C(C=C1)/C=C/C(=O)/C=C/C2=CC=CC=C2.C1=CC=C(C=C1)/C=C/C(=O)/C=C/C2=CC=CC=C2.C1=CC=C(C=C1)/C=C/C(=O)/C=C/C2=CC=CC=C2.[Pd].[Pd]
ord-724091f002d04d2ea6bfe923f45ebf01,Base,REAGENT,SMILES,CC(C)(C)[O-].[K+]
ord-724091f002d04d2ea6bfe923f45ebf01,Solvent,SOLVENT,SMILES,CC1=CC=CC=C1
ord-724091f002d04d2ea6bfe923f45ebf01,amine,REACTANT,SMILES,C1CN(CCN1)CC2=CC=CC=C2
ord-724091f002d04d2ea6bfe923f45ebf01,aryl halide,REACTANT,SMILES,CCOC(=O)C1=CC2=C(O1)C=CC=C2Br
ord-724091f002d04d2ea6bfe923f45ebf01,metal and ligand,CATALYST,SMILES,C1=CC=C(C=C1)P(C2=CC=CC=C2)C3=C(C4=CC=CC=C4C=C3)C5=C(C=CC6=CC=CC=C65)P(C7=CC=CC=C7)C8=CC=CC=C8
ord-724091f002d04d2ea6bfe923f45ebf01,metal and ligand,CATALYST,SMILES,C1=CC=C(C=C1)/C=C/C(=O)/C=C/C2=CC=CC=C2.C1=CC=C(C=C1)/C=C/C(=O)/C=C/C2=CC=CC=C2.C1=CC=C(C=C1)/C=C/C(=O)/C=C/C2=CC=CC=C2.[Pd].[Pd]
ord-724091f002d04d2ea6bfe923f45ebf01,metal and ligand,CATALYST,SMILES,C1=CC=C(C=C1)P(C2=CC=CC=C2)C3=C(C4=CC=CC=C4C=C3)C5=C(C=CC6=CC=CC=C65)P(C7=CC=CC=C7)C8=CC=CC=C8
ord-724091f002d04d2ea6bfe923f45ebf01,metal and ligand,CATALYST,SMILES,C1=CC=C(C=C1)/C=C/C(=O)/C=C/C2=CC=CC=C2.C1=CC=C(C=C1)/C=C/C(=O)/C=C/C2=CC=CC=C2.C1=CC=C(C=C1)/C=C/C(=O)/C=C/C2=CC=CC=C2.[Pd].[Pd]
ord-c0ea6369f2d042108e16225bf99070cf,Base,REAGENT,SMILES,C(=O)([O-])[O-].[Cs+].[Cs+]
ord-c0ea6369f2d042108e16225bf99070cf,Solvent,SOLVENT,SMILES,C1COCCO1
ord-c0ea6369f2d042108e16225bf99070cf,amine,REACTANT,SMILES,C1CN(CCN1)CC2=CC=CC=C2
ord-c0ea6369f2d042108e16225bf99070cf,aryl halide,REACTANT,SMILES,CCOC(=O)C1=CC2=C(O1)C=CC=C2Br
ord-c0ea6369f2d042108e16225bf99070cf,metal and ligand,CATALYST,SMILES,CC(C)C1=CC(=C(C(=C1)C(C)C)C2=CC=CC=C2P(C3CCCCC3)C4CCCCC4)C(C)C
ord-c0ea6369f2d042108e16225bf99070cf,metal and ligand,CATALYST,SMILES,C1=CC=C(C=C1)/C=C/C(=O)/C=C/C2=CC=CC=C2.C1=CC=C(C=C1)/C=C/C(=O)/C=C/C2=CC=CC=C2.C1=CC=C(C=C1)/C=C/C(=O)/C=C/C2=CC=CC=C2.[Pd].[Pd]
ord-c0ea6369f2d042108e16225bf99070cf,metal and ligand,CATALYST,SMILES,CC(C)C1=CC(=C(C(=C1)C(C)C)C2=CC=CC=C2P(C3CCCCC3)C4CCCCC4)C(C)C
ord-c0ea6369f2d042108e16225bf99070cf,metal and ligand,CATALYST,SMILES,C1=CC=C(C=C1)/C=C/C(=O)/C=C/C2=CC=CC=C2.C1=CC=C(C=C1)/C=C/C(=O)/C=C/C2=CC=CC=C2.C1=CC=C(C=C1)/C=C/C(=O)/C=C/C2=CC=CC=C2.[Pd].[Pd]
ord-00b95f6f20354bb6923efd18c2b3c116,Base,REAGENT,SMILES,CC(C)(C)[O-].[Na+]
ord-00b95f6f20354bb6923efd18c2b3c116,amine,REACTANT,SMILES,C1CNCCC12OCCO2
ord-00b95f6f20354bb6923efd18c2b3c116,aryl halide,REACTANT,SMILES,C1=CC=NC(=C1)Br
ord-00b95f6f20354bb6923efd18c2b3c116,metal and ligand,CATALYST,SMILES,CC(C)C1=CC(=C(C(=C1)C(C)C)C2=CC=CC=C2P(C3CCCCC3)C4CCCCC4)C(C)C
ord-00b95f6f20354bb6923efd18c2b3c116,metal and ligand,CATALYST,SMILES,CC(=O)O.CC(=O)O.[Pd]
ord-00b95f6f20354bb6923efd18c2b3c116,metal and ligand,CATALYST,SMILES,CC(C)C1=CC(=C(C(=C1)C(C)C)C2=CC=CC=C2P(C3CCCCC3)C4CCCCC4)C(C)C
ord-00b95f6f20354bb6923efd18c2b3c116,metal and ligand,CATALYST,SMILES,CC(=O)O.CC(=O)O.[Pd]
ord-07751cbdbcad4c89bdfeeea3a04ddb39,Base,REAGENT,SMILES,C(=O)([O-])[O-].[Cs+].[Cs+]
ord-07751cbdbcad4c89bdfeeea3a04ddb39,Solvent,SOLVENT,SMILES,C1COCCO1
ord-07751cbdbcad4c89bdfeeea3a04ddb39,amine,REACTANT,SMILES,C1=CC(=CC(=C1)S(=O)(=O)N)N
ord-07751cbdbcad4c89bdfeeea3a04ddb39,aryl halide,REACTANT,SMILES,C1=CN=C(N=C1Cl)Cl
ord-07751cbdbcad4c89bdfeeea3a04ddb39,metal and ligand,CATALYST,SMILES,CC1(C2=C(C(=CC=C2)P(C3=CC=CC=C3)C4=CC=CC=C4)OC5=C1C=CC=C5P(C6=CC=CC=C6)C7=CC=CC=C7)C
ord-07751cbdbcad4c89bdfeeea3a04ddb39,metal and ligand,CATALYST,SMILES,CC(=O)O.CC(=O)O.[Pd]
ord-07751cbdbcad4c89bdfeeea3a04ddb39,metal and ligand,CATALYST,SMILES,CC1(C2=C(C(=CC=C2)P(C3=CC=CC=C3)C4=CC=CC=C4)OC5=C1C=CC=C5P(C6=CC=CC=C6)C7=CC=CC=C7)C
ord-07751cbdbcad4c89bdfeeea3a04ddb39,metal and ligand,CATALYST,SMILES,CC(=O)O.CC(=O)O.[Pd]
ord-2f71fc02b38b41c2a59bfdd4b865c8b3,Base,REAGENT,SMILES,CC(C)(C)[O-].[Na+]
ord-2f71fc02b38b41c2a59bfdd4b865c8b3,Solvent,SOLVENT,SMILES,C1COCCO1
ord-2f71fc02b38b41c2a59bfdd4b865c8b3,amine,REACTANT,SMILES,C1COCCN1
ord-2f71fc02b38b41c2a59bfdd4b865c8b3,aryl halide,REACTANT,SMILES,CCOC(=O)C1=CC(=CN=C1)Br
ord-2f71fc02b38b41c2a59bfdd4b865c8b3,metal and ligand,CATALYST,SMILES,CN(C)C1=CC=CC=C1C2=CC=CC=C2P(C3CCCCC3)C4CCCCC4
ord-2f71fc02b38b41c2a59bfdd4b865c8b3,metal and ligand,CATALYST,SMILES,C1=CC=C(C=C1)/C=C/C(=O)/C=C/C2=CC=CC=C2.C1=CC=C(C=C1)/C=C/C(=O)/C=C/C2=CC=CC=C2.C1=CC=C(C=C1)/C=C/C(=O)/C=C/C2=CC=CC=C2.[Pd].[Pd]
ord-2f71fc02b38b41c2a59bfdd4b865c8b3,metal and ligand,CATALYST,SMILES,CN(C)C1=CC=CC=C1C2=CC=CC=C2P(C3CCCCC3)C4CCCCC4
ord-2f71fc02b38b41c2a59bfdd4b865c8b3,metal and ligand,CATALYST,SMILES,C1=CC=C(C=C1)/C=C/C(=O)/C=C/C2=CC=CC=C2.C1=CC=C(C=C1)/C=C/C(=O)/C=C/C2=CC=CC=C2.C1=CC=C(C=C1)/C=C/C(=O)/C=C/C2=CC=CC=C2.[Pd].[Pd]
ord-bddc6734b7ce4143a8ed8f8385933b6e,Base,REAGENT,SMILES,CC(C)(C)[O-].[Na+]
ord-bddc6734b7ce4143a8ed8f8385933b6e,Solvent,SOLVENT,SMILES,C1COCCO1
ord-bddc6734b7ce4143a8ed8f8385933b6e,amine,REACTANT,SMILES,C1COCCN1
ord-bddc6734b7ce4143a8ed8f8385933b6e,aryl halide,REACTANT,SMILES,CCOC(=O)C1=CC(=CN=C1)Br
ord-bddc6734b7ce4143a8ed8f8385933b6e,metal and ligand,CATALYST,SMILES,CN(C)C1=CC=CC=C1C2=CC=CC=C2P(C3CCCCC3)C4CCCCC4
ord-bddc6734b7ce4143a8ed8f8385933b6e,metal and ligand,CATALYST,SMILES,C1=CC=C(C=C1)/C=C/C(=O)/C=C/C2=CC=CC=C2.C1=CC=C(C=C1)/C=C/C(=O)/C=C/C2=CC=CC=C2.C1=CC=C(C=C1)/C=C/C(=O)/C=C/C2=CC=CC=C2.[Pd].[Pd]
ord-bddc6734b7ce4143a8ed8f8385933b6e,metal and ligand,CATALYST,SMILES,CN(C)C1=CC=CC=C1C2=CC=CC=C2P(C3CCCCC3)C4CCCCC4
ord-bddc6734b7ce4143a8ed8f8385933b6e,metal and ligand,CATALYST,SMILES,C1=CC=C(C=C1)/C=C/C(=O)/C=C/C2=CC=CC=C2.C1=CC=C(C=C1)/C=C/C(=O)/C=C/C2=CC=CC=C2.C1=CC=C(C=C1)/C=C/C(=O)/C=C/C2=CC=CC=C2.[Pd].[Pd]
ord-89890e81ad5d4e12a61d2ee591f39e46,Base,REAGENT,SMILES,C(=O)([O-])[O-].[Cs+].[Cs+]
ord-89890e81ad5d4e12a61d2ee591f39e46,Solvent,SOLVENT,SMILES,CC1=CC=CC=C1
ord-89890e81ad5d4e12a61d2ee591f39e46,amine,REACTANT,SMILES,C1COCCN1
ord-89890e81ad5d4e12a61d2ee591f39e46,aryl halide,REACTANT,SMILES,CC(C)(C)OC(=O)C1=CC(=CN=C1)Br
ord-89890e81ad5d4e12a61d2ee591f39e46,metal and ligand,CATALYST,SMILES,C1=CC=C(C=C1)P(C2=CC=CC=C2)C3=C(C4=CC=CC=C4C=C3)C5=C(C=CC6=CC=CC=C65)P(C7=CC=CC=C7)C8=CC=CC=C8
ord-89890e81ad5d4e12a61d2ee591f39e46,metal and ligand,CATALYST,SMILES,CC(=O)O.CC(=O)O.[Pd]
ord-89890e81ad5d4e12a61d2ee591f39e46,metal and ligand,CATALYST,SMILES,C1=CC=C(C=C1)P(C2=CC=CC=C2)C3=C(C4=CC=CC=C4C=C3)C5=C(C=CC6=CC=CC=C65)P(C7=CC=CC=C7)C8=CC=CC=C8
ord-89890e81ad5d4e12a61d2ee591f39e46,metal and ligand,CATALYST,SMILES,CC(=O)O.CC(=O)O.[Pd]
ord-870573203c2744a5906bd6a9d998822e,Base,REAGENT,SMILES,C(=O)([O-])[O-].[Cs+].[Cs+]
ord-870573203c2744a5906bd6a9d998822e,Solvent,SOLVENT,SMILES,CC1=CC=CC=C1
ord-870573203c2744a5906bd6a9d998822e,amine,REACTANT,SMILES,C1=CC=C(C(=C1)N)Cl
ord-870573203c2744a5906bd6a9d998822e,aryl halide,REACTANT,SMILES,C1=CC2=C(C=C1Br)NN=C2
ord-870573203c2744a5906bd6a9d998822e,metal and ligand,CATALYST,SMILES,C1=CC=C(C=C1)P(C2=CC=CC=C2)C3=C(C4=CC=CC=C4C=C3)C5=C(C=CC6=CC=CC=C65)P(C7=CC=CC=C7)C8=CC=CC=C8
ord-870573203c2744a5906bd6a9d998822e,metal and ligand,CATALYST,SMILES,CC(=O)O.CC(=O)O.[Pd]
ord-870573203c2744a5906bd6a9d998822e,metal and ligand,CATALYST,SMILES,C1=CC=C(C=C1)P(C2=CC=CC=C2)C3=C(C4=CC=CC=C4C=C3)C5=C(C=CC6=CC=CC=C65)P(C7=CC=CC=C7)C8=CC=CC=C8
ord-870573203c2744a5906bd6a9d998822e,metal and ligand,CATALYST,SMILES,CC(=O)O.CC(=O)O.[Pd]
ord-e759108cf109420c9b96a1936ea5e56d,Base,REAGENT,SMILES,C(=O)([O-])[O-].[Cs+].[Cs+]
ord-e759108cf109420c9b96a1936ea5e56d,Solvent,SOLVENT,SMILES,COCCOC
ord-e759108cf109420c9b96a1936ea5e56d,amine,REACTANT,SMILES,CC1=CN(C=N1)C2=C(C=C(C=C2)N)OC
ord-e759108cf109420c9b96a1936ea5e56d,aryl halide,REACTANT,SMILES,CN1CC(OC2=C(C1)C=CC(=N2)Cl)C3=CC=CC=C3
ord-e759108cf109420c9b96a1936ea5e56d,metal and ligand,CATALYST,SMILES,C1CCC(CC1)P(C2CCCCC2)C3=CC=CC=C3C4=CC=CC=C4
ord-e759108cf109420c9b96a1936ea5e56d,metal and ligand,CATALYST,SMILES,CC(=O)O.CC(=O)O.[Pd]
ord-e759108cf109420c9b96a1936ea5e56d,metal and ligand,CATALYST,SMILES,C1CCC(CC1)P(C2CCCCC2)C3=CC=CC=C3C4=CC=CC=C4
ord-e759108cf109420c9b96a1936ea5e56d,metal and ligand,CATALYST,SMILES,CC(=O)O.CC(=O)O.[Pd]
ord-8e16338c39aa405d9e6607bfaa8d820e,Base,REAGENT,SMILES,[Li+].C[Si](C)(C)[N-][Si](C)(C)C
ord-8e16338c39aa405d9e6607bfaa8d820e,Solvent,SOLVENT,SMILES,CC1=CC=CC=C1
ord-8e16338c39aa405d9e6607bfaa8d820e,amine,REACTANT,SMILES,CN1CCNCC1
ord-8e16338c39aa405d9e6607bfaa8d820e,aryl halide,REACTANT,SMILES,C1=CC(=CC=C1O)Br
ord-8e16338c39aa405d9e6607bfaa8d820e,metal and ligand,CATALYST,SMILES,CC(C)CN1CCN2CCN(P1N(CC2)CC(C)C)CC(C)C
ord-8e16338c39aa405d9e6607bfaa8d820e,metal and ligand,CATALYST,SMILES,CC(=O)O.CC(=O)O.[Pd]
ord-8e16338c39aa405d9e6607bfaa8d820e,metal and ligand,CATALYST,SMILES,CC(C)CN1CCN2CCN(P1N(CC2)CC(C)C)CC(C)C
ord-8e16338c39aa405d9e6607bfaa8d820e,metal and ligand,CATALYST,SMILES,CC(=O)O.CC(=O)O.[Pd]
ord-e129276e5a184223a5b0f70438a49a49,Base,REAGENT,SMILES,C(=O)([O-])[O-].[Cs+].[Cs+]
ord-e129276e5a184223a5b0f70438a49a49,Solvent,SOLVENT,SMILES,C1COCCO1
ord-e129276e5a184223a5b0f70438a49a49,amine,REACTANT,SMILES,C1CC1C(=O)NC2=NC=CC(=C2)Cl
ord-e129276e5a184223a5b0f70438a49a49,aryl halide,REACTANT,SMILES,C1OC2=C(C(=CN=C2O1)Cl)N
ord-e129276e5a184223a5b0f70438a49a49,metal and ligand,CATALYST,SMILES,CC1(C2=C(C(=CC=C2)P(C3=CC=CC=C3)C4=CC=CC=C4)OC5=C1C=CC=C5P(C6=CC=CC=C6)C7=CC=CC=C7)C
ord-e129276e5a184223a5b0f70438a49a49,metal and ligand,CATALYST,SMILES,CC(=O)O.CC(=O)O.[Pd]
ord-e129276e5a184223a5b0f70438a49a49,metal and ligand,CATALYST,SMILES,CC1(C2=C(C(=CC=C2)P(C3=CC=CC=C3)C4=CC=CC=C4)OC5=C1C=CC=C5P(C6=CC=CC=C6)C7=CC=CC=C7)C
ord-e129276e5a184223a5b0f70438a49a49,metal and ligand,CATALYST,SMILES,CC(=O)O.CC(=O)O.[Pd]
ord-59e34daf62ce45d3ab308432983c78e6,Base,REAGENT,SMILES,CC(C)(C)[O-].[K+]
ord-59e34daf62ce45d3ab308432983c78e6,Solvent,SOLVENT,SMILES,CN(C)C=O
ord-59e34daf62ce45d3ab308432983c78e6,amine,REACTANT,SMILES,C1=CC=C(C=C1)CN
ord-59e34daf62ce45d3ab308432983c78e6,aryl halide,REACTANT,SMILES,C1CNC(=O)C2=C1C=C(C=C2)Br
ord-59e34daf62ce45d3ab308432983c78e6,metal and ligand,CATALYST,SMILES,C1=CC=C(C=C1)P(C2=CC=CC=C2)C3=C(C4=CC=CC=C4C=C3)C5=C(C=CC6=CC=CC=C65)P(C7=CC=CC=C7)C8=CC=CC=C8
ord-59e34daf62ce45d3ab308432983c78e6,metal and ligand,CATALYST,SMILES,CC(=O)O.CC(=O)O.[Pd]
ord-59e34daf62ce45d3ab308432983c78e6,metal and ligand,CATALYST,SMILES,C1=CC=C(C=C1)P(C2=CC=CC=C2)C3=C(C4=CC=CC=C4C=C3)C5=C(C=CC6=CC=CC=C65)P(C7=CC=CC=C7)C8=CC=CC=C8
ord-59e34daf62ce45d3ab308432983c78e6,metal and ligand,CATALYST,SMILES,CC(=O)O.CC(=O)O.[Pd]
ord-08bf18171af14ad9bb3d94faf7cd7b73,Base,REAGENT,SMILES,C[O-].[Na+]
ord-08bf18171af14ad9bb3d94faf7cd7b73,Solvent,SOLVENT,SMILES,CC1=CC=CC=C1
ord-08bf18171af14ad9bb3d94faf7cd7b73,amine,REACTANT,SMILES,C1=CC=C(C=C1)CN
ord-08bf18171af14ad9bb3d94faf7cd7b73,aryl halide,REACTANT,SMILES,C1CNC(=O)C2=C1C=C(C=C2)Br
ord-08bf18171af14ad9bb3d94faf7cd7b73,metal and ligand,CATALYST,SMILES,C1=CC=C(C=C1)P(CCP(C2=CC=CC=C2)C3=CC=CC=C3)C4=CC=CC=C4
ord-08bf18171af14ad9bb3d94faf7cd7b73,metal and ligand,CATALYST,SMILES,CC(=O)O.CC(=O)O.[Pd]
ord-08bf18171af14ad9bb3d94faf7cd7b73,metal and ligand,CATALYST,SMILES,C1=CC=C(C=C1)P(CCP(C2=CC=CC=C2)C3=CC=CC=C3)C4=CC=CC=C4
ord-08bf18171af14ad9bb3d94faf7cd7b73,metal and ligand,CATALYST,SMILES,CC(=O)O.CC(=O)O.[Pd]
ord-77ff9a88bff94b57b6f8498de8922bdf,Base,REAGENT,SMILES,CC(C)(C)[O-].[K+]
ord-77ff9a88bff94b57b6f8498de8922bdf,Solvent,SOLVENT,SMILES,CN(C)C=O
ord-77ff9a88bff94b57b6f8498de8922bdf,amine,REACTANT,SMILES,C1=CC=C(C=C1)CN
ord-77ff9a88bff94b57b6f8498de8922bdf,aryl halide,REACTANT,SMILES,C1CNC(=O)C2=C1C=C(C=C2)Br
ord-77ff9a88bff94b57b6f8498de8922bdf,metal and ligand,CATALYST,SMILES,C1=CC=C(C=C1)P(C2=CC=CC=C2)C3=C(C4=CC=CC=C4C=C3)C5=C(C=CC6=CC=CC=C65)P(C7=CC=CC=C7)C8=CC=CC=C8
ord-77ff9a88bff94b57b6f8498de8922bdf,metal and ligand,CATALYST,SMILES,CC(=O)O.CC(=O)O.[Pd]
ord-77ff9a88bff94b57b6f8498de8922bdf,metal and ligand,CATALYST,SMILES,C1=CC=C(C=C1)P(C2=CC=CC=C2)C3=C(C4=CC=CC=C4C=C3)C5=C(C=CC6=CC=CC=C65)P(C7=CC=CC=C7)C8=CC=CC=C8
ord-77ff9a88bff94b57b6f8498de8922bdf,metal and ligand,CATALYST,SMILES,CC(=O)O.CC(=O)O.[Pd]
ord-4a6bd61cd0ff477baa0ad5e567d741e9,Base,REAGENT,SMILES,CC(C)(C)[O-].[K+]
ord-4a6bd61cd0ff477baa0ad5e567d741e9,amine,REACTANT,SMILES,C1=CC=C(C=C1)CN
ord-4a6bd61cd0ff477baa0ad5e567d741e9,aryl halide,REACTANT,SMILES,C1CNC(=O)C2=C1C=C(C=C2)Br
ord-4a6bd61cd0ff477baa0ad5e567d741e9,metal and ligand,CATALYST,SMILES,C1=CC=C(C=C1)P(C2=CC=CC=C2)C3=C(C4=CC=CC=C4C=C3)C5=C(C=CC6=CC=CC=C65)P(C7=CC=CC=C7)C8=CC=CC=C8
ord-4a6bd61cd0ff477baa0ad5e567d741e9,metal and ligand,CATALYST,SMILES,CC(=O)O.CC(=O)O.[Pd]
ord-4a6bd61cd0ff477baa0ad5e567d741e9,metal and ligand,CATALYST,SMILES,C1=CC=C(C=C1)P(C2=CC=CC=C2)C3=C(C4=CC=CC=C4C=C3)C5=C(C=CC6=CC=CC=C65)P(C7=CC=CC=C7)C8=CC=CC=C8
ord-4a6bd61cd0ff477baa0ad5e567d741e9,metal and ligand,CATALYST,SMILES,CC(=O)O.CC(=O)O.[Pd]
ord-1de120ae65d949b5bd42bbdc8c6567d2,Base,REAGENT,SMILES,C(=O)([O-])[O-].[Cs+].[Cs+]
ord-1de120ae65d949b5bd42bbdc8c6567d2,Solvent,SOLVENT,SMILES,COCCOC
ord-1de120ae65d949b5bd42bbdc8c6567d2,amine,REACTANT,SMILES,CC1=CN(C=N1)C2=C(C=C(C=C2)N)OC
ord-1de120ae65d949b5bd42bbdc8c6567d2,aryl halide,REACTANT,SMILES,CC(C)OCC1CN(CC2=C(O1)N=C(C=C2)Cl)C(=O)C
ord-1de120ae65d949b5bd42bbdc8c6567d2,metal and ligand,CATALYST,SMILES,C1CCC(CC1)P(C2CCCCC2)C3=CC=CC=C3C4=CC=CC=C4
ord-1de120ae65d949b5bd42bbdc8c6567d2,metal and ligand,CATALYST,SMILES,CC(=O)O.CC(=O)O.[Pd]
ord-1de120ae65d949b5bd42bbdc8c6567d2,metal and ligand,CATALYST,SMILES,C1CCC(CC1)P(C2CCCCC2)C3=CC=CC=C3C4=CC=CC=C4
ord-1de120ae65d949b5bd42bbdc8c6567d2,metal and ligand,CATALYST,SMILES,CC(=O)O.CC(=O)O.[Pd]
ord-31c66ec343f04bfcb7e9caaf0de27de4,Base,REAGENT,SMILES,C(=O)([O-])[O-].[Cs+].[Cs+]
ord-31c66ec343f04bfcb7e9caaf0de27de4,Solvent,SOLVENT,SMILES,CC1=CC=CC=C1
ord-31c66ec343f04bfcb7e9caaf0de27de4,amine,REACTANT,SMILES,C1=CC=C(C(=C1)N)Cl
ord-31c66ec343f04bfcb7e9caaf0de27de4,aryl halide,REACTANT,SMILES,C1=CC(=C(C=C1Br)F)C#N
ord-31c66ec343f04bfcb7e9caaf0de27de4,metal and ligand,CATALYST,SMILES,C1=CC=C(C=C1)P(C2=CC=CC=C2)C3=C(C4=CC=CC=C4C=C3)C5=C(C=CC6=CC=CC=C65)P(C7=CC=CC=C7)C8=CC=CC=C8
ord-31c66ec343f04bfcb7e9caaf0de27de4,metal and ligand,CATALYST,SMILES,CC(=O)O.CC(=O)O.[Pd]
ord-31c66ec343f04bfcb7e9caaf0de27de4,metal and ligand,CATALYST,SMILES,C1=CC=C(C=C1)P(C2=CC=CC=C2)C3=C(C4=CC=CC=C4C=C3)C5=C(C=CC6=CC=CC=C65)P(C7=CC=CC=C7)C8=CC=CC=C8
ord-31c66ec343f04bfcb7e9caaf0de27de4,metal and ligand,CATALYST,SMILES,CC(=O)O.CC(=O)O.[Pd]
ord-019ad9f92b5c40ecbf5416e8a6461063,Base,REAGENT,SMILES,C(=O)([O-])[O-].[Cs+].[Cs+]
ord-019ad9f92b5c40ecbf5416e8a6461063,Solvent,SOLVENT,SMILES,C1COCCO1
ord-019ad9f92b5c40ecbf5416e8a6461063,amine,REACTANT,SMILES,CC(=O)N1CCC2=CC(=C(C=C21)N)OC
ord-019ad9f92b5c40ecbf5416e8a6461063,aryl halide,REACTANT,SMILES,CC1=CN=C(N=C1C2=C3C=CC=CN3N=C2)Cl
ord-019ad9f92b5c40ecbf5416e8a6461063,metal and ligand,CATALYST,SMILES,C1=CC=C(C=C1)P(C2=CC=CC=C2)C3=C(C4=CC=CC=C4C=C3)C5=C(C=CC6=CC=CC=C65)P(C7=CC=CC=C7)C8=CC=CC=C8
ord-019ad9f92b5c40ecbf5416e8a6461063,metal and ligand,CATALYST,SMILES,CC(=O)O.CC(=O)O.[Pd]
ord-019ad9f92b5c40ecbf5416e8a6461063,metal and ligand,CATALYST,SMILES,C1=CC=C(C=C1)P(C2=CC=CC=C2)C3=C(C4=CC=CC=C4C=C3)C5=C(C=CC6=CC=CC=C65)P(C7=CC=CC=C7)C8=CC=CC=C8
ord-019ad9f92b5c40ecbf5416e8a6461063,metal and ligand,CATALYST,SMILES,CC(=O)O.CC(=O)O.[Pd]
ord-0ff30e2abe284325a98db1564fc934f7,Base,REAGENT,SMILES,C(=O)([O-])[O-].[Cs+].[Cs+]
ord-0ff30e2abe284325a98db1564fc934f7,Solvent,SOLVENT,SMILES,COCCOC
ord-0ff30e2abe284325a98db1564fc934f7,amine,REACTANT,SMILES,CC1=CN(C=N1)C2=C(C=C(C=C2)N)OC
ord-0ff30e2abe284325a98db1564fc934f7,aryl halide,REACTANT,SMILES,CC1=NN(C(=C1)C2CN(CC3=C(O2)N=C(C=C3)Cl)CC#N)C
ord-0ff30e2abe284325a98db1564fc934f7,metal and ligand,CATALYST,SMILES,C1CCC(CC1)P(C2CCCCC2)C3=CC=CC=C3C4=CC=CC=C4
ord-0ff30e2abe284325a98db1564fc934f7,metal and ligand,CATALYST,SMILES,CC(=O)O.CC(=O)O.[Pd]
ord-0ff30e2abe284325a98db1564fc934f7,metal and ligand,CATALYST,SMILES,C1CCC(CC1)P(C2CCCCC2)C3=CC=CC=C3C4=CC=CC=C4
ord-0ff30e2abe284325a98db1564fc934f7,metal and ligand,CATALYST,SMILES,CC(=O)O.CC(=O)O.[Pd]
ord-879180a104c8430c87fe873fe28d1e66,Base,REAGENT,SMILES,C(=O)([O-])[O-].[Cs+].[Cs+]
ord-879180a104c8430c87fe873fe28d1e66,Solvent,SOLVENT,SMILES,C1COCCO1
ord-879180a104c8430c87fe873fe28d1e66,amine,REACTANT,SMILES,CONC(=O)C1=C(C=CC(=C1)F)N
ord-879180a104c8430c87fe873fe28d1e66,aryl halide,REACTANT,SMILES,C1=C(C(=CN=C1Cl)C(F)(F)F)I
ord-879180a104c8430c87fe873fe28d1e66,metal and ligand,CATALYST,SMILES,CC1(C2=C(C(=CC=C2)P(C3=CC=CC=C3)C4=CC=CC=C4)OC5=C1C=CC=C5P(C6=CC=CC=C6)C7=CC=CC=C7)C
ord-879180a104c8430c87fe873fe28d1e66,metal and ligand,CATALYST,SMILES,CC(=O)O.CC(=O)O.[Pd]
ord-879180a104c8430c87fe873fe28d1e66,metal and ligand,CATALYST,SMILES,CC1(C2=C(C(=CC=C2)P(C3=CC=CC=C3)C4=CC=CC=C4)OC5=C1C=CC=C5P(C6=CC=CC=C6)C7=CC=CC=C7)C
ord-879180a104c8430c87fe873fe28d1e66,metal and ligand,CATALYST,SMILES,CC(=O)O.CC(=O)O.[Pd]
ord-314790a0639b418890793562fb7875b5,Base,REAGENT,SMILES,C(=O)([O-])[O-].[Cs+].[Cs+]
ord-314790a0639b418890793562fb7875b5,Solvent,SOLVENT,SMILES,C1COCCO1
ord-314790a0639b418890793562fb7875b5,amine,REACTANT,SMILES,CONC(=O)C1=C(C=C(C=C1)F)N
ord-314790a0639b418890793562fb7875b5,aryl halide,REACTANT,SMILES,CC1=NN(C=C1NC2=NC=C(C(=C2)I)C(F)(F)F)C
ord-314790a0639b418890793562fb7875b5,metal and ligand,CATALYST,SMILES,CC1(C2=C(C(=CC=C2)P(C3=CC=CC=C3)C4=CC=CC=C4)OC5=C1C=CC=C5P(C6=CC=CC=C6)C7=CC=CC=C7)C
ord-314790a0639b418890793562fb7875b5,metal and ligand,CATALYST,SMILES,CC(=O)O.CC(=O)O.[Pd]
ord-314790a0639b418890793562fb7875b5,metal and ligand,CATALYST,SMILES,CC1(C2=C(C(=CC=C2)P(C3=CC=CC=C3)C4=CC=CC=C4)OC5=C1C=CC=C5P(C6=CC=CC=C6)C7=CC=CC=C7)C
ord-314790a0639b418890793562fb7875b5,metal and ligand,CATALYST,SMILES,CC(=O)O.CC(=O)O.[Pd]
ord-64de42ce56244836b512746d4c6a3fee,Base,REAGENT,SMILES,C(=O)([O-])[O-].[Cs+].[Cs+]
ord-64de42ce56244836b512746d4c6a3fee,Solvent,SOLVENT,SMILES,COCCOC
ord-64de42ce56244836b512746d4c6a3fee,amine,REACTANT,SMILES,CC1=CN(C=N1)C2=C(C=C(C=C2)N)OC
ord-64de42ce56244836b512746d4c6a3fee,aryl halide,REACTANT,SMILES,C1[C@H](OC2=C(CN1CC#N)C=CC(=N2)Cl)C3=CC=CC=C3
ord-64de42ce56244836b512746d4c6a3fee,metal and ligand,CATALYST,SMILES,C1CCC(CC1)P(C2CCCCC2)C3=CC=CC=C3C4=CC=CC=C4
ord-64de42ce56244836b512746d4c6a3fee,metal and ligand,CATALYST,SMILES,CC(=O)O.CC(=O)O.[Pd]
ord-64de42ce56244836b512746d4c6a3fee,metal and ligand,CATALYST,SMILES,C1CCC(CC1)P(C2CCCCC2)C3=CC=CC=C3C4=CC=CC=C4
ord-64de42ce56244836b512746d4c6a3fee,metal and ligand,CATALYST,SMILES,CC(=O)O.CC(=O)O.[Pd]
ord-d3bf2a42ca064635a16f6a54a057bf59,Base,REAGENT,SMILES,C(=O)([O-])[O-].[Cs+].[Cs+]
ord-d3bf2a42ca064635a16f6a54a057bf59,Solvent,SOLVENT,SMILES,COCCOC
ord-d3bf2a42ca064635a16f6a54a057bf59,amine,REACTANT,SMILES,CC1=NN(C=N1)C2=C(C=C(C=C2)N)OC
ord-d3bf2a42ca064635a16f6a54a057bf59,aryl halide,REACTANT,SMILES,C1[C@H](OC2=C(CN1CCO)C=CC(=N2)Cl)C3=CC=CC=C3
ord-d3bf2a42ca064635a16f6a54a057bf59,metal and ligand,CATALYST,SMILES,C1CCC(CC1)P(C2CCCCC2)C3=CC=CC=C3C4=CC=CC=C4
ord-d3bf2a42ca064635a16f6a54a057bf59,metal and ligand,CATALYST,SMILES,CC(=O)O.CC(=O)O.[Pd]
ord-d3bf2a42ca064635a16f6a54a057bf59,metal and ligand,CATALYST,SMILES,C1CCC(CC1)P(C2CCCCC2)C3=CC=CC=C3C4=CC=CC=C4
ord-d3bf2a42ca064635a16f6a54a057bf59,metal and ligand,CATALYST,SMILES,CC(=O)O.CC(=O)O.[Pd]
ord-20ba80f324544fc48cbce515702585f3,Base,REAGENT,SMILES,C(=O)([O-])[O-].[Cs+].[Cs+]
ord-20ba80f324544fc48cbce515702585f3,Solvent,SOLVENT,SMILES,COCCOC
ord-20ba80f324544fc48cbce515702585f3,amine,REACTANT,SMILES,CC1=CN(C=N1)C2=C(C=C(C=C2)N)OC
ord-20ba80f324544fc48cbce515702585f3,aryl halide,REACTANT,SMILES,C1=CN=C(N=C1)Cl
ord-20ba80f324544fc48cbce515702585f3,metal and ligand,CATALYST,SMILES,C1CCC(CC1)P(C2CCCCC2)C3=CC=CC=C3C4=CC=CC=C4
ord-20ba80f324544fc48cbce515702585f3,metal and ligand,CATALYST,SMILES,CC(=O)O.CC(=O)O.[Pd]
ord-20ba80f324544fc48cbce515702585f3,metal and ligand,CATALYST,SMILES,C1CCC(CC1)P(C2CCCCC2)C3=CC=CC=C3C4=CC=CC=C4
ord-20ba80f324544fc48cbce515702585f3,metal and ligand,CATALYST,SMILES,CC(=O)O.CC(=O)O.[Pd]
ord-eb19acfe7f704eb2aa769ff5f1767708,Base,REAGENT,SMILES,CC(C)(C)[O-].[K+]
ord-eb19acfe7f704eb2aa769ff5f1767708,Solvent,SOLVENT,SMILES,CC1=CC=CC=C1
ord-eb19acfe7f704eb2aa769ff5f1767708,amine,REACTANT,SMILES,CNC1=CC=C(C=C1)F
ord-eb19acfe7f704eb2aa769ff5f1767708,aryl halide,REACTANT,SMILES,C1=CN=C(C=C1CO)Cl
ord-eb19acfe7f704eb2aa769ff5f1767708,metal and ligand,CATALYST,SMILES,C1CCC(CC1)P(C2CCCCC2)C3=CC=CC=C3C4=CC=CC=C4
ord-eb19acfe7f704eb2aa769ff5f1767708,metal and ligand,CATALYST,SMILES,C1=CC=C(C=C1)/C=C/C(=O)/C=C/C2=CC=CC=C2.C1=CC=C(C=C1)/C=C/C(=O)/C=C/C2=CC=CC=C2.C1=CC=C(C=C1)/C=C/C(=O)/C=C/C2=CC=CC=C2.[Pd].[Pd]
ord-eb19acfe7f704eb2aa769ff5f1767708,metal and ligand,CATALYST,SMILES,C1CCC(CC1)P(C2CCCCC2)C3=CC=CC=C3C4=CC=CC=C4
ord-eb19acfe7f704eb2aa769ff5f1767708,metal and ligand,CATALYST,SMILES,C1=CC=C(C=C1)/C=C/C(=O)/C=C/C2=CC=CC=C2.C1=CC=C(C=C1)/C=C/C(=O)/C=C/C2=CC=CC=C2.C1=CC=C(C=C1)/C=C/C(=O)/C=C/C2=CC=CC=C2.[Pd].[Pd]
ord-d1bfb220e27441fcb5908d58a9e8690c,Base,REAGENT,SMILES,C(=O)([O-])[O-].[Cs+].[Cs+]
ord-d1bfb220e27441fcb5908d58a9e8690c,Solvent,SOLVENT,SMILES,CC1=CC=CC=C1
ord-d1bfb220e27441fcb5908d58a9e8690c,amine,REACTANT,SMILES,CNC1=CC=C(C=C1)F
ord-d1bfb220e27441fcb5908d58a9e8690c,aryl halide,REACTANT,SMILES,C1=C(C=NC=C1Br)Br
ord-d1bfb220e27441fcb5908d58a9e8690c,metal and ligand,CATALYST,SMILES,C1CCC(CC1)P(C2CCCCC2)C3=CC=CC=C3C4=CC=CC=C4
ord-d1bfb220e27441fcb5908d58a9e8690c,metal and ligand,CATALYST,SMILES,C1=CC=C(C=C1)/C=C/C(=O)/C=C/C2=CC=CC=C2.C1=CC=C(C=C1)/C=C/C(=O)/C=C/C2=CC=CC=C2.C1=CC=C(C=C1)/C=C/C(=O)/C=C/C2=CC=CC=C2.[Pd].[Pd]
ord-d1bfb220e27441fcb5908d58a9e8690c,metal and ligand,CATALYST,SMILES,C1CCC(CC1)P(C2CCCCC2)C3=CC=CC=C3C4=CC=CC=C4
ord-d1bfb220e27441fcb5908d58a9e8690c,metal and ligand,CATALYST,SMILES,C1=CC=C(C=C1)/C=C/C(=O)/C=C/C2=CC=CC=C2.C1=CC=C(C=C1)/C=C/C(=O)/C=C/C2=CC=CC=C2.C1=CC=C(C=C1)/C=C/C(=O)/C=C/C2=CC=CC=C2.[Pd].[Pd]
ord-49953a76cfae45059ad30fb1a9e6e7be,Base,REAGENT,SMILES,CC(C)(C)[O-].[K+]
ord-49953a76cfae45059ad30fb1a9e6e7be,Solvent,SOLVENT,SMILES,CC1=CC=CC=C1
ord-49953a76cfae45059ad30fb1a9e6e7be,amine,REACTANT,SMILES,CNC1=CC=C(C=C1)F
ord-49953a76cfae45059ad30fb1a9e6e7be,aryl halide,REACTANT,SMILES,C1=C(C=NC=C1Br)Br
ord-49953a76cfae45059ad30fb1a9e6e7be,metal and ligand,CATALYST,SMILES,C1CCC(CC1)P(C2CCCCC2)C3=CC=CC=C3C4=CC=CC=C4
ord-49953a76cfae45059ad30fb1a9e6e7be,metal and ligand,CATALYST,SMILES,C1=CC=C(C=C1)/C=C/C(=O)/C=C/C2=CC=CC=C2.C1=CC=C(C=C1)/C=C/C(=O)/C=C/C2=CC=CC=C2.C1=CC=C(C=C1)/C=C/C(=O)/C=C/C2=CC=CC=C2.[Pd].[Pd]
ord-49953a76cfae45059ad30fb1a9e6e7be,metal and ligand,CATALYST,SMILES,C1CCC(CC1)P(C2CCCCC2)C3=CC=CC=C3C4=CC=CC=C4
ord-49953a76cfae45059ad30fb1a9e6e7be,metal and ligand,CATALYST,SMILES,C1=CC=C(C=C1)/C=C/C(=O)/C=C/C2=CC=CC=C2.C1=CC=C(C=C1)/C=C/C(=O)/C=C/C2=CC=CC=C2.C1=CC=C(C=C1)/C=C/C(=O)/C=C/C2=CC=CC=C2.[Pd].[Pd]
ord-a109f4c2b76742478a5e890f91f99d62,Base,REAGENT,SMILES,C(=O)([O-])[O-].[Cs+].[Cs+]
ord-a109f4c2b76742478a5e890f91f99d62,Solvent,SOLVENT,SMILES,C1COCCO1
ord-a109f4c2b76742478a5e890f91f99d62,amine,REACTANT,SMILES,C1=C(N=C(C=N1)Cl)N
ord-a109f4c2b76742478a5e890f91f99d62,aryl halide,REACTANT,SMILES,CS(=O)(=O)C1=CC=C(C=C1)Br
ord-a109f4c2b76742478a5e890f91f99d62,metal and ligand,CATALYST,SMILES,CC1(C2=C(C(=CC=C2)P(C3=CC=CC=C3)C4=CC=CC=C4)OC5=C1C=CC=C5P(C6=CC=CC=C6)C7=CC=CC=C7)C
ord-a109f4c2b76742478a5e890f91f99d62,metal and ligand,CATALYST,SMILES,CC(=O)O.CC(=O)O.[Pd]
ord-a109f4c2b76742478a5e890f91f99d62,metal and ligand,CATALYST,SMILES,CC1(C2=C(C(=CC=C2)P(C3=CC=CC=C3)C4=CC=CC=C4)OC5=C1C=CC=C5P(C6=CC=CC=C6)C7=CC=CC=C7)C
ord-a109f4c2b76742478a5e890f91f99d62,metal and ligand,CATALYST,SMILES,CC(=O)O.CC(=O)O.[Pd]
ord-fb9234fb5e36477680c49d193f20e84f,Base,REAGENT,SMILES,C(=O)([O-])[O-].[Cs+].[Cs+]
ord-fb9234fb5e36477680c49d193f20e84f,Solvent,SOLVENT,SMILES,C1COCCO1
ord-fb9234fb5e36477680c49d193f20e84f,amine,REACTANT,SMILES,C1=C(N=C(C=N1)Cl)N
ord-fb9234fb5e36477680c49d193f20e84f,aryl halide,REACTANT,SMILES,CS(=O)(=O)C1=CC=C(C=C1)Br
ord-fb9234fb5e36477680c49d193f20e84f,metal and ligand,CATALYST,SMILES,CC1(C2=C(C(=CC=C2)P(C3=CC=CC=C3)C4=CC=CC=C4)OC5=C1C=CC=C5P(C6=CC=CC=C6)C7=CC=CC=C7)C
ord-fb9234fb5e36477680c49d193f20e84f,metal and ligand,CATALYST,SMILES,CC(=O)O.CC(=O)O.[Pd]
ord-fb9234fb5e36477680c49d193f20e84f,metal and ligand,CATALYST,SMILES,CC1(C2=C(C(=CC=C2)P(C3=CC=CC=C3)C4=CC=CC=C4)OC5=C1C=CC=C5P(C6=CC=CC=C6)C7=CC=CC=C7)C
ord-fb9234fb5e36477680c49d193f20e84f,metal and ligand,CATALYST,SMILES,CC(=O)O.CC(=O)O.[Pd]
ord-ea53d8feb8094f94b89810756f770f19,Base,REAGENT,SMILES,CC(C)(C)[O-].[K+]
ord-ea53d8feb8094f94b89810756f770f19,Solvent,SOLVENT,SMILES,CN(C)C=O
ord-ea53d8feb8094f94b89810756f770f19,amine,REACTANT,SMILES,C1COCCN1
ord-ea53d8feb8094f94b89810756f770f19,aryl halide,REACTANT,SMILES,CC1=C(C(=CC=C1)C)C(=O)NC(C2=CC=C(C=C2)Br)C34CCC(N3C)CC4
ord-ea53d8feb8094f94b89810756f770f19,metal and ligand,CATALYST,SMILES,C1=CC=C(C=C1)P(C2=CC=CC=C2)C3=C(C4=CC=CC=C4C=C3)C5=C(C=CC6=CC=CC=C65)P(C7=CC=CC=C7)C8=CC=CC=C8
ord-ea53d8feb8094f94b89810756f770f19,metal and ligand,CATALYST,SMILES,CC(=O)O.CC(=O)O.[Pd]
ord-ea53d8feb8094f94b89810756f770f19,metal and ligand,CATALYST,SMILES,C1=CC=C(C=C1)P(C2=CC=CC=C2)C3=C(C4=CC=CC=C4C=C3)C5=C(C=CC6=CC=CC=C65)P(C7=CC=CC=C7)C8=CC=CC=C8
ord-ea53d8feb8094f94b89810756f770f19,metal and ligand,CATALYST,SMILES,CC(=O)O.CC(=O)O.[Pd]
ord-9ef98b7f45644360a694676cf7d7ef09,Base,REAGENT,SMILES,C(=O)([O-])[O-].[Cs+].[Cs+]
ord-9ef98b7f45644360a694676cf7d7ef09,Solvent,SOLVENT,SMILES,COCCOC
ord-9ef98b7f45644360a694676cf7d7ef09,amine,REACTANT,SMILES,CC1=CN(C=N1)C2=C(C=C(C=C2)N)OC
ord-9ef98b7f45644360a694676cf7d7ef09,aryl halide,REACTANT,SMILES,CN1CC(OC2=C(C1)C=CC(=N2)Cl)C3CC3
ord-9ef98b7f45644360a694676cf7d7ef09,metal and ligand,CATALYST,SMILES,C1CCC(CC1)P(C2CCCCC2)C3=CC=CC=C3C4=CC=CC=C4
ord-9ef98b7f45644360a694676cf7d7ef09,metal and ligand,CATALYST,SMILES,CC(=O)O.CC(=O)O.[Pd]
ord-9ef98b7f45644360a694676cf7d7ef09,metal and ligand,CATALYST,SMILES,C1CCC(CC1)P(C2CCCCC2)C3=CC=CC=C3C4=CC=CC=C4
ord-9ef98b7f45644360a694676cf7d7ef09,metal and ligand,CATALYST,SMILES,CC(=O)O.CC(=O)O.[Pd]
ord-8b7a42439bc84286a389b0a321434e15,Base,REAGENT,SMILES,C(=O)([O-])[O-].[Cs+].[Cs+]
ord-8b7a42439bc84286a389b0a321434e15,Solvent,SOLVENT,SMILES,COCCOC
ord-8b7a42439bc84286a389b0a321434e15,amine,REACTANT,SMILES,CC1=CN(C=N1)C2=C(C=C(C=C2)N)OC
ord-8b7a42439bc84286a389b0a321434e15,aryl halide,REACTANT,SMILES,CN1CC(OC2=C(C1)C=CC(=N2)Cl)C3CC3
ord-8b7a42439bc84286a389b0a321434e15,metal and ligand,CATALYST,SMILES,C1CCC(CC1)P(C2CCCCC2)C3=CC=CC=C3C4=CC=CC=C4
ord-8b7a42439bc84286a389b0a321434e15,metal and ligand,CATALYST,SMILES,CC(=O)O.CC(=O)O.[Pd]
ord-8b7a42439bc84286a389b0a321434e15,metal and ligand,CATALYST,SMILES,C1CCC(CC1)P(C2CCCCC2)C3=CC=CC=C3C4=CC=CC=C4
ord-8b7a42439bc84286a389b0a321434e15,metal and ligand,CATALYST,SMILES,CC(=O)O.CC(=O)O.[Pd]
ord-9e945d87965540af8be94a72eefc3798,Base,REAGENT,SMILES,C(=O)([O-])[O-].[Cs+].[Cs+]
ord-9e945d87965540af8be94a72eefc3798,Solvent,SOLVENT,SMILES,COCCOC
ord-9e945d87965540af8be94a72eefc3798,amine,REACTANT,SMILES,CC1=CN(C=N1)C2=C(C=C(C=C2)N)OC
ord-9e945d87965540af8be94a72eefc3798,aryl halide,REACTANT,SMILES,CN1CC(OC2=C(C1)C=CC(=N2)Cl)C3CC3
ord-9e945d87965540af8be94a72eefc3798,metal and ligand,CATALYST,SMILES,C1CCC(CC1)P(C2CCCCC2)C3=CC=CC=C3C4=CC=CC=C4
ord-9e945d87965540af8be94a72eefc3798,metal and ligand,CATALYST,SMILES,CC(=O)O.CC(=O)O.[Pd]
ord-9e945d87965540af8be94a72eefc3798,metal and ligand,CATALYST,SMILES,C1CCC(CC1)P(C2CCCCC2)C3=CC=CC=C3C4=CC=CC=C4
ord-9e945d87965540af8be94a72eefc3798,metal and ligand,CATALYST,SMILES,CC(=O)O.CC(=O)O.[Pd]
ord-7d01f29fd6fc44f08392db2774553827,Base,REAGENT,SMILES,C(=O)([O-])[O-].[Cs+].[Cs+]
ord-7d01f29fd6fc44f08392db2774553827,Solvent,SOLVENT,SMILES,COCCOC
ord-7d01f29fd6fc44f08392db2774553827,amine,REACTANT,SMILES,COC1=C(C=CC(=C1)N)C#N
ord-7d01f29fd6fc44f08392db2774553827,aryl halide,REACTANT,SMILES,C1[C@H](OC2=C(CN1CCO)C=CC(=N2)Cl)C3=CC=CC=C3
ord-7d01f29fd6fc44f08392db2774553827,metal and ligand,CATALYST,SMILES,C1CCC(CC1)P(C2CCCCC2)C3=CC=CC=C3C4=CC=CC=C4
ord-7d01f29fd6fc44f08392db2774553827,metal and ligand,CATALYST,SMILES,CC(=O)O.CC(=O)O.[Pd]
ord-7d01f29fd6fc44f08392db2774553827,metal and ligand,CATALYST,SMILES,C1CCC(CC1)P(C2CCCCC2)C3=CC=CC=C3C4=CC=CC=C4
ord-7d01f29fd6fc44f08392db2774553827,metal and ligand,CATALYST,SMILES,CC(=O)O.CC(=O)O.[Pd]
ord-b814b75406f3451f844066ae5ac468ab,Base,REAGENT,SMILES,C(=O)([O-])[O-].[K+].[K+]
ord-b814b75406f3451f844066ae5ac468ab,Solvent,SOLVENT,SMILES,CC1=CC=CC=C1
ord-b814b75406f3451f844066ae5ac468ab,amine,REACTANT,SMILES,CC1=CN(C=N1)C2=C(C=C(C=C2)N)OC
ord-b814b75406f3451f844066ae5ac468ab,aryl halide,REACTANT,SMILES,CN1C[C@H](OC2=NC(=NC=C2C1)Cl)C3=CC=CC=C3
ord-b814b75406f3451f844066ae5ac468ab,metal and ligand,CATALYST,SMILES,C1=CC=C(C=C1)P(C2=CC=CC=C2)C3=C(C4=CC=CC=C4C=C3)C5=C(C=CC6=CC=CC=C65)P(C7=CC=CC=C7)C8=CC=CC=C8
ord-b814b75406f3451f844066ae5ac468ab,metal and ligand,CATALYST,SMILES,CC(=O)O.CC(=O)O.[Pd]
ord-b814b75406f3451f844066ae5ac468ab,metal and ligand,CATALYST,SMILES,C1=CC=C(C=C1)P(C2=CC=CC=C2)C3=C(C4=CC=CC=C4C=C3)C5=C(C=CC6=CC=CC=C65)P(C7=CC=CC=C7)C8=CC=CC=C8
ord-b814b75406f3451f844066ae5ac468ab,metal and ligand,CATALYST,SMILES,CC(=O)O.CC(=O)O.[Pd]
ord-3d675e76027a44c193655dafbce49365,Base,REAGENT,SMILES,C(=O)([O-])[O-].[Cs+].[Cs+]
ord-3d675e76027a44c193655dafbce49365,Solvent,SOLVENT,SMILES,C1COCCO1
ord-3d675e76027a44c193655dafbce49365,amine,REACTANT,SMILES,CC1=CN(C=N1)C2=C(C=C(C=C2)N)OC
ord-3d675e76027a44c193655dafbce49365,aryl halide,REACTANT,SMILES,CN1C[C@H](OC2=NC(=NC=C2C1)Cl)C3=CC=CC=C3
ord-3d675e76027a44c193655dafbce49365,metal and ligand,CATALYST,SMILES,CC(C)(C)P(C(C)(C)C)C(C)(C)C
ord-3d675e76027a44c193655dafbce49365,metal and ligand,CATALYST,SMILES,CC(=O)O.CC(=O)O.[Pd]
ord-3d675e76027a44c193655dafbce49365,metal and ligand,CATALYST,SMILES,CC(C)(C)P(C(C)(C)C)C(C)(C)C
ord-3d675e76027a44c193655dafbce49365,metal and ligand,CATALYST,SMILES,CC(=O)O.CC(=O)O.[Pd]
ord-3a2eb97137e148aba58c08979aa7d29e,Base,REAGENT,SMILES,CCC(C)(C)[O-].[Na+]
ord-3a2eb97137e148aba58c08979aa7d29e,Solvent,SOLVENT,SMILES,C1COCCO1
ord-3a2eb97137e148aba58c08979aa7d29e,amine,REACTANT,SMILES,CC1=CN(C=N1)C2=C(C=C(C=C2)N)OC
ord-3a2eb97137e148aba58c08979aa7d29e,aryl halide,REACTANT,SMILES,CN1C[C@H](OC2=NC(=NC=C2C1)Cl)C3=CC=CC=C3
ord-3a2eb97137e148aba58c08979aa7d29e,metal and ligand,CATALYST,SMILES,CC(C)(C)P(C(C)(C)C)C(C)(C)C
ord-3a2eb97137e148aba58c08979aa7d29e,metal and ligand,CATALYST,SMILES,CC(=O)O.CC(=O)O.[Pd]
ord-3a2eb97137e148aba58c08979aa7d29e,metal and ligand,CATALYST,SMILES,CC(C)(C)P(C(C)(C)C)C(C)(C)C
ord-3a2eb97137e148aba58c08979aa7d29e,metal and ligand,CATALYST,SMILES,CC(=O)O.CC(=O)O.[Pd]
ord-8ae4472e49574adcac504920ccdd2d20,Base,REAGENT,SMILES,C(=O)([O-])[O-].[Cs+].[Cs+]
ord-8ae4472e49574adcac504920ccdd2d20,Solvent,SOLVENT,SMILES,C1COCCO1
ord-8ae4472e49574adcac504920ccdd2d20,amine,REACTANT,SMILES,CC1=CN(C=N1)C2=C(C=C(C=C2)N)OC
ord-8ae4472e49574adcac504920ccdd2d20,aryl halide,REACTANT,SMILES,CN1C[C@H](OC2=NC(=NC=C2C1)Cl)C3=CC=CC=C3
ord-8ae4472e49574adcac504920ccdd2d20,metal and ligand,CATALYST,SMILES,CC1(C2=C(C(=CC=C2)P(C3=CC=CC=C3)C4=CC=CC=C4)OC5=C1C=CC=C5P(C6=CC=CC=C6)C7=CC=CC=C7)C
ord-8ae4472e49574adcac504920ccdd2d20,metal and ligand,CATALYST,SMILES,CC(=O)O.CC(=O)O.[Pd]
ord-8ae4472e49574adcac504920ccdd2d20,metal and ligand,CATALYST,SMILES,CC1(C2=C(C(=CC=C2)P(C3=CC=CC=C3)C4=CC=CC=C4)OC5=C1C=CC=C5P(C6=CC=CC=C6)C7=CC=CC=C7)C
ord-8ae4472e49574adcac504920ccdd2d20,metal and ligand,CATALYST,SMILES,CC(=O)O.CC(=O)O.[Pd]
ord-53ad2bbc851349aeae5fd4d95fae57a4,Base,REAGENT,SMILES,CC(C)(C)[O-].[Na+]
ord-53ad2bbc851349aeae5fd4d95fae57a4,Solvent,SOLVENT,SMILES,CC1=CC=CC=C1
ord-53ad2bbc851349aeae5fd4d95fae57a4,amine,REACTANT,SMILES,CC1=CN(C=N1)C2=C(C=C(C=C2)N)OC
ord-53ad2bbc851349aeae5fd4d95fae57a4,aryl halide,REACTANT,SMILES,CN1C[C@H](OC2=NC(=NC=C2C1)Cl)C3=CC=CC=C3
ord-53ad2bbc851349aeae5fd4d95fae57a4,metal and ligand,CATALYST,SMILES,C1=CC=C(C=C1)P(C2=CC=CC=C2)C3=C(C4=CC=CC=C4C=C3)C5=C(C=CC6=CC=CC=C65)P(C7=CC=CC=C7)C8=CC=CC=C8
ord-53ad2bbc851349aeae5fd4d95fae57a4,metal and ligand,CATALYST,SMILES,C1=CC=C(C=C1)/C=C/C(=O)/C=C/C2=CC=CC=C2.C1=CC=C(C=C1)/C=C/C(=O)/C=C/C2=CC=CC=C2.C1=CC=C(C=C1)/C=C/C(=O)/C=C/C2=CC=CC=C2.[Pd].[Pd]
ord-53ad2bbc851349aeae5fd4d95fae57a4,metal and ligand,CATALYST,SMILES,C1=CC=C(C=C1)P(C2=CC=CC=C2)C3=C(C4=CC=CC=C4C=C3)C5=C(C=CC6=CC=CC=C65)P(C7=CC=CC=C7)C8=CC=CC=C8
ord-53ad2bbc851349aeae5fd4d95fae57a4,metal and ligand,CATALYST,SMILES,C1=CC=C(C=C1)/C=C/C(=O)/C=C/C2=CC=CC=C2.C1=CC=C(C=C1)/C=C/C(=O)/C=C/C2=CC=CC=C2.C1=CC=C(C=C1)/C=C/C(=O)/C=C/C2=CC=CC=C2.[Pd].[Pd]
ord-5df7b290b65549a1949a950ac953d2d5,Base,REAGENT,SMILES,C(=O)([O-])[O-].[Cs+].[Cs+]
ord-5df7b290b65549a1949a950ac953d2d5,Solvent,SOLVENT,SMILES,COCCOC
ord-5df7b290b65549a1949a950ac953d2d5,amine,REACTANT,SMILES,CC1=CN(C=N1)C2=C(C=C(C=C2)N)OC
ord-5df7b290b65549a1949a950ac953d2d5,aryl halide,REACTANT,SMILES,CN1C[C@H](OC2=NC(=NC=C2C1)Cl)C3=CC=CC=C3
ord-5df7b290b65549a1949a950ac953d2d5,metal and ligand,CATALYST,SMILES,C1CCC(CC1)P(C2CCCCC2)C3=CC=CC=C3C4=CC=CC=C4
ord-5df7b290b65549a1949a950ac953d2d5,metal and ligand,CATALYST,SMILES,CC(=O)O.CC(=O)O.[Pd]
ord-5df7b290b65549a1949a950ac953d2d5,metal and ligand,CATALYST,SMILES,C1CCC(CC1)P(C2CCCCC2)C3=CC=CC=C3C4=CC=CC=C4
ord-5df7b290b65549a1949a950ac953d2d5,metal and ligand,CATALYST,SMILES,CC(=O)O.CC(=O)O.[Pd]
ord-71ed8e3015a64fa5b6ac3b0bc984c3fc,Base,REAGENT,SMILES,C(=O)([O-])[O-].[Cs+].[Cs+]
ord-71ed8e3015a64fa5b6ac3b0bc984c3fc,Solvent,SOLVENT,SMILES,C1COCCO1
ord-71ed8e3015a64fa5b6ac3b0bc984c3fc,amine,REACTANT,SMILES,CC1=CN(C=N1)C2=C(C=C(C=C2)N)OC
ord-71ed8e3015a64fa5b6ac3b0bc984c3fc,aryl halide,REACTANT,SMILES,CN1C[C@H](OC2=NC(=NC=C2C1)Cl)C3=CC=CC=C3
ord-71ed8e3015a64fa5b6ac3b0bc984c3fc,metal and ligand,CATALYST,SMILES,CC1(C2=C(C(=CC=C2)P(C3=CC=CC=C3)C4=CC=CC=C4)OC5=C1C=CC=C5P(C6=CC=CC=C6)C7=CC=CC=C7)C
ord-71ed8e3015a64fa5b6ac3b0bc984c3fc,metal and ligand,CATALYST,SMILES,C1=CC=C(C=C1)/C=C/C(=O)/C=C/C2=CC=CC=C2.C1=CC=C(C=C1)/C=C/C(=O)/C=C/C2=CC=CC=C2.C1=CC=C(C=C1)/C=C/C(=O)/C=C/C2=CC=CC=C2.[Pd].[Pd]
ord-71ed8e3015a64fa5b6ac3b0bc984c3fc,metal and ligand,CATALYST,SMILES,CC1(C2=C(C(=CC=C2)P(C3=CC=CC=C3)C4=CC=CC=C4)OC5=C1C=CC=C5P(C6=CC=CC=C6)C7=CC=CC=C7)C
ord-71ed8e3015a64fa5b6ac3b0bc984c3fc,metal and ligand,CATALYST,SMILES,C1=CC=C(C=C1)/C=C/C(=O)/C=C/C2=CC=CC=C2.C1=CC=C(C=C1)/C=C/C(=O)/C=C/C2=CC=CC=C2.C1=CC=C(C=C1)/C=C/C(=O)/C=C/C2=CC=CC=C2.[Pd].[Pd]
ord-5b8b8e8b9f444b0ba792e38397226bc2,Base,REAGENT,SMILES,C(=O)([O-])[O-].[Cs+].[Cs+]
ord-5b8b8e8b9f444b0ba792e38397226bc2,Solvent,SOLVENT,SMILES,COCCOC
ord-5b8b8e8b9f444b0ba792e38397226bc2,amine,REACTANT,SMILES,CC1=CN(C=N1)C2=C(C=C(C=C2)N)OC
ord-5b8b8e8b9f444b0ba792e38397226bc2,aryl halide,REACTANT,SMILES,C1[C@H](OC2=NC(=NC=C2CN1CCF)Cl)C3=CC=CC=C3
ord-5b8b8e8b9f444b0ba792e38397226bc2,metal and ligand,CATALYST,SMILES,C1CCC(CC1)P(C2CCCCC2)C3=CC=CC=C3C4=CC=CC=C4
ord-5b8b8e8b9f444b0ba792e38397226bc2,metal and ligand,CATALYST,SMILES,CC(=O)O.CC(=O)O.[Pd]
ord-5b8b8e8b9f444b0ba792e38397226bc2,metal and ligand,CATALYST,SMILES,C1CCC(CC1)P(C2CCCCC2)C3=CC=CC=C3C4=CC=CC=C4
ord-5b8b8e8b9f444b0ba792e38397226bc2,metal and ligand,CATALYST,SMILES,CC(=O)O.CC(=O)O.[Pd]
ord-fe46b53c9b194686811f12ba6b3f2abb,Base,REAGENT,SMILES,C(=O)([O-])[O-].[Cs+].[Cs+]
ord-fe46b53c9b194686811f12ba6b3f2abb,Solvent,SOLVENT,SMILES,COCCOC
ord-fe46b53c9b194686811f12ba6b3f2abb,amine,REACTANT,SMILES,CC1=NC=CN1C2=CC=C(C=C2)N
ord-fe46b53c9b194686811f12ba6b3f2abb,aryl halide,REACTANT,SMILES,CC1=NN(C(=C1)C2CN(CC3=C(O2)N=C(C=C3)Cl)CC#N)C
ord-fe46b53c9b194686811f12ba6b3f2abb,metal and ligand,CATALYST,SMILES,C1CCC(CC1)P(C2CCCCC2)C3=CC=CC=C3C4=CC=CC=C4
ord-fe46b53c9b194686811f12ba6b3f2abb,metal and ligand,CATALYST,SMILES,CC(=O)O.CC(=O)O.[Pd]
ord-fe46b53c9b194686811f12ba6b3f2abb,metal and ligand,CATALYST,SMILES,C1CCC(CC1)P(C2CCCCC2)C3=CC=CC=C3C4=CC=CC=C4
ord-fe46b53c9b194686811f12ba6b3f2abb,metal and ligand,CATALYST,SMILES,CC(=O)O.CC(=O)O.[Pd]
ord-432ccffac1cc473eadf2f2e10de5f379,Base,REAGENT,SMILES,C(=O)([O-])[O-].[Cs+].[Cs+]
ord-432ccffac1cc473eadf2f2e10de5f379,Solvent,SOLVENT,SMILES,COCCOC
ord-432ccffac1cc473eadf2f2e10de5f379,amine,REACTANT,SMILES,C1=CC(=C(C=C1N)Cl)N2C=NC=N2
ord-432ccffac1cc473eadf2f2e10de5f379,aryl halide,REACTANT,SMILES,C1[C@H](OC2=C(CN1CCO)C=CC(=N2)Cl)C3=CC=CC=C3
ord-432ccffac1cc473eadf2f2e10de5f379,metal and ligand,CATALYST,SMILES,C1CCC(CC1)P(C2CCCCC2)C3=CC=CC=C3C4=CC=CC=C4
ord-432ccffac1cc473eadf2f2e10de5f379,metal and ligand,CATALYST,SMILES,CC(=O)O.CC(=O)O.[Pd]
ord-432ccffac1cc473eadf2f2e10de5f379,metal and ligand,CATALYST,SMILES,C1CCC(CC1)P(C2CCCCC2)C3=CC=CC=C3C4=CC=CC=C4
ord-432ccffac1cc473eadf2f2e10de5f379,metal and ligand,CATALYST,SMILES,CC(=O)O.CC(=O)O.[Pd]
ord-0cc10dc98bd741d3bb43f77d99dd2224,Base,REAGENT,SMILES,C(=O)([O-])[O-].[Cs+].[Cs+]
ord-0cc10dc98bd741d3bb43f77d99dd2224,Solvent,SOLVENT,SMILES,C1COCCO1
ord-0cc10dc98bd741d3bb43f77d99dd2224,amine,REACTANT,SMILES,C1=CN=C(N=C1N)Cl
ord-0cc10dc98bd741d3bb43f77d99dd2224,aryl halide,REACTANT,SMILES,C1=CN=CC=C1I
ord-0cc10dc98bd741d3bb43f77d99dd2224,metal and ligand,CATALYST,SMILES,CC(C1CCCC1P(C2CCCCC2)C3CCCCC3)P(C(C)(C)C)C(C)(C)C.C1CCCC1.[Fe]
ord-0cc10dc98bd741d3bb43f77d99dd2224,metal and ligand,CATALYST,SMILES,CC(=O)O.CC(=O)O.[Pd]
ord-0cc10dc98bd741d3bb43f77d99dd2224,metal and ligand,CATALYST,SMILES,CC(C1CCCC1P(C2CCCCC2)C3CCCCC3)P(C(C)(C)C)C(C)(C)C.C1CCCC1.[Fe]
ord-0cc10dc98bd741d3bb43f77d99dd2224,metal and ligand,CATALYST,SMILES,CC(=O)O.CC(=O)O.[Pd]
ord-c3c3446fa521406ab3b5349b3ab1378a,Base,REAGENT,SMILES,CC(C)(C)[O-].[Na+]
ord-c3c3446fa521406ab3b5349b3ab1378a,Solvent,SOLVENT,SMILES,CC1=CC=CC=C1
ord-c3c3446fa521406ab3b5349b3ab1378a,amine,REACTANT,SMILES,C1COCCN1
ord-c3c3446fa521406ab3b5349b3ab1378a,aryl halide,REACTANT,SMILES,C1=CC(=CC=C1O)Br
ord-c3c3446fa521406ab3b5349b3ab1378a,metal and ligand,CATALYST,SMILES,CC(C)C1=CC(=C(C(=C1)C(C)C)C2=CC=CC=C2P(C3CCCCC3)C4CCCCC4)C(C)C
ord-c3c3446fa521406ab3b5349b3ab1378a,metal and ligand,CATALYST,SMILES,C1=CC=C(C=C1)/C=C/C(=O)/C=C/C2=CC=CC=C2.C1=CC=C(C=C1)/C=C/C(=O)/C=C/C2=CC=CC=C2.C1=CC=C(C=C1)/C=C/C(=O)/C=C/C2=CC=CC=C2.[Pd].[Pd]
ord-c3c3446fa521406ab3b5349b3ab1378a,metal and ligand,CATALYST,SMILES,CC(C)C1=CC(=C(C(=C1)C(C)C)C2=CC=CC=C2P(C3CCCCC3)C4CCCCC4)C(C)C
ord-c3c3446fa521406ab3b5349b3ab1378a,metal and ligand,CATALYST,SMILES,C1=CC=C(C=C1)/C=C/C(=O)/C=C/C2=CC=CC=C2.C1=CC=C(C=C1)/C=C/C(=O)/C=C/C2=CC=CC=C2.C1=CC=C(C=C1)/C=C/C(=O)/C=C/C2=CC=CC=C2.[Pd].[Pd]
ord-decd3260950345c1bc7b269e3329c8ac,Base,REAGENT,SMILES,CC(C)(C)[O-].[Na+]
ord-decd3260950345c1bc7b269e3329c8ac,Solvent,SOLVENT,SMILES,CC1=CC=CC=C1
ord-decd3260950345c1bc7b269e3329c8ac,amine,REACTANT,SMILES,CC(C)(C)OC(=O)N1CCNCC1
ord-decd3260950345c1bc7b269e3329c8ac,aryl halide,REACTANT,SMILES,C1=CC2=C(C(=C1)Br)OC=C2
ord-decd3260950345c1bc7b269e3329c8ac,metal and ligand,CATALYST,SMILES,CC(C)C1=CC(=C(C(=C1)C(C)C)C2=CC=CC=C2P(C3CCCCC3)C4CCCCC4)C(C)C
ord-decd3260950345c1bc7b269e3329c8ac,metal and ligand,CATALYST,SMILES,C1=CC=C(C=C1)/C=C/C(=O)/C=C/C2=CC=CC=C2.C1=CC=C(C=C1)/C=C/C(=O)/C=C/C2=CC=CC=C2.C1=CC=C(C=C1)/C=C/C(=O)/C=C/C2=CC=CC=C2.[Pd].[Pd]
ord-decd3260950345c1bc7b269e3329c8ac,metal and ligand,CATALYST,SMILES,CC(C)C1=CC(=C(C(=C1)C(C)C)C2=CC=CC=C2P(C3CCCCC3)C4CCCCC4)C(C)C
ord-decd3260950345c1bc7b269e3329c8ac,metal and ligand,CATALYST,SMILES,C1=CC=C(C=C1)/C=C/C(=O)/C=C/C2=CC=CC=C2.C1=CC=C(C=C1)/C=C/C(=O)/C=C/C2=CC=CC=C2.C1=CC=C(C=C1)/C=C/C(=O)/C=C/C2=CC=CC=C2.[Pd].[Pd]
ord-bfb17eeff42440ec958bdd65e83b7c45,Base,REAGENT,SMILES,CC(C)(C)[O-].[Na+]
ord-bfb17eeff42440ec958bdd65e83b7c45,Solvent,SOLVENT,SMILES,CC1=CC=CC=C1
ord-bfb17eeff42440ec958bdd65e83b7c45,amine,REACTANT,SMILES,CC(C)(C)OC(=O)N1CCNCC1
ord-bfb17eeff42440ec958bdd65e83b7c45,aryl halide,REACTANT,SMILES,C1=CC2=C(C(=C1)Br)OC=C2
ord-bfb17eeff42440ec958bdd65e83b7c45,metal and ligand,CATALYST,SMILES,CC(C)C1=CC(=C(C(=C1)C(C)C)C2=CC=CC=C2P(C3CCCCC3)C4CCCCC4)C(C)C
ord-bfb17eeff42440ec958bdd65e83b7c45,metal and ligand,CATALYST,SMILES,C1=CC=C(C=C1)/C=C/C(=O)/C=C/C2=CC=CC=C2.C1=CC=C(C=C1)/C=C/C(=O)/C=C/C2=CC=CC=C2.C1=CC=C(C=C1)/C=C/C(=O)/C=C/C2=CC=CC=C2.[Pd].[Pd]
ord-bfb17eeff42440ec958bdd65e83b7c45,metal and ligand,CATALYST,SMILES,CC(C)C1=CC(=C(C(=C1)C(C)C)C2=CC=CC=C2P(C3CCCCC3)C4CCCCC4)C(C)C
ord-bfb17eeff42440ec958bdd65e83b7c45,metal and ligand,CATALYST,SMILES,C1=CC=C(C=C1)/C=C/C(=O)/C=C/C2=CC=CC=C2.C1=CC=C(C=C1)/C=C/C(=O)/C=C/C2=CC=CC=C2.C1=CC=C(C=C1)/C=C/C(=O)/C=C/C2=CC=CC=C2.[Pd].[Pd]
ord-69231428717b458492fb802f1da5509b,Base,REAGENT,SMILES,C(=O)([O-])[O-].[Cs+].[Cs+]
ord-69231428717b458492fb802f1da5509b,Solvent,SOLVENT,SMILES,COCCOC
ord-69231428717b458492fb802f1da5509b,amine,REACTANT,SMILES,C1CC2=NN=C(N2C1)C3=CC=C(C=C3)N
ord-69231428717b458492fb802f1da5509b,aryl halide,REACTANT,SMILES,C1[C@H](OC2=C(CN1CCO)C=CC(=N2)Cl)C3=CC=CC=C3
ord-69231428717b458492fb802f1da5509b,metal and ligand,CATALYST,SMILES,C1CCC(CC1)P(C2CCCCC2)C3=CC=CC=C3C4=CC=CC=C4
ord-69231428717b458492fb802f1da5509b,metal and ligand,CATALYST,SMILES,CC(=O)O.CC(=O)O.[Pd]
ord-69231428717b458492fb802f1da5509b,metal and ligand,CATALYST,SMILES,C1CCC(CC1)P(C2CCCCC2)C3=CC=CC=C3C4=CC=CC=C4
ord-69231428717b458492fb802f1da5509b,metal and ligand,CATALYST,SMILES,CC(=O)O.CC(=O)O.[Pd]
ord-50654e3db36e4cb59399fcb1f475b246,Base,REAGENT,SMILES,C(=O)([O-])[O-].[Cs+].[Cs+]
ord-50654e3db36e4cb59399fcb1f475b246,Solvent,SOLVENT,SMILES,COCCOC
ord-50654e3db36e4cb59399fcb1f475b246,amine,REACTANT,SMILES,CC(C)(C)OC(=O)N1CCNCC1
ord-50654e3db36e4cb59399fcb1f475b246,aryl halide,REACTANT,SMILES,COC(=O)C1=C(C=C(C=C1)I)O
ord-50654e3db36e4cb59399fcb1f475b246,metal and ligand,CATALYST,SMILES,C1=CC=C(C=C1)P(C2=CC=CC=C2)C3=C(C4=CC=CC=C4C=C3)C5=C(C=CC6=CC=CC=C65)P(C7=CC=CC=C7)C8=CC=CC=C8
ord-50654e3db36e4cb59399fcb1f475b246,metal and ligand,CATALYST,SMILES,C1=CC=C(C=C1)/C=C/C(=O)/C=C/C2=CC=CC=C2.C1=CC=C(C=C1)/C=C/C(=O)/C=C/C2=CC=CC=C2.C1=CC=C(C=C1)/C=C/C(=O)/C=C/C2=CC=CC=C2.[Pd].[Pd]
ord-50654e3db36e4cb59399fcb1f475b246,metal and ligand,CATALYST,SMILES,C1=CC=C(C=C1)P(C2=CC=CC=C2)C3=C(C4=CC=CC=C4C=C3)C5=C(C=CC6=CC=CC=C65)P(C7=CC=CC=C7)C8=CC=CC=C8
ord-50654e3db36e4cb59399fcb1f475b246,metal and ligand,CATALYST,SMILES,C1=CC=C(C=C1)/C=C/C(=O)/C=C/C2=CC=CC=C2.C1=CC=C(C=C1)/C=C/C(=O)/C=C/C2=CC=CC=C2.C1=CC=C(C=C1)/C=C/C(=O)/C=C/C2=CC=CC=C2.[Pd].[Pd]
ord-b57d9ea5b2ca4d5c93ac4813f00278f3,Base,REAGENT,SMILES,C(=O)([O-])[O-].[Cs+].[Cs+]
ord-b57d9ea5b2ca4d5c93ac4813f00278f3,Solvent,SOLVENT,SMILES,C1COCCO1
ord-b57d9ea5b2ca4d5c93ac4813f00278f3,amine,REACTANT,SMILES,CONC(=O)C1=C(C=CC(=C1)F)N
ord-b57d9ea5b2ca4d5c93ac4813f00278f3,aryl halide,REACTANT,SMILES,CC1=NN(C=C1NC2=NC=C(C(=C2)I)C(F)(F)F)C
ord-b57d9ea5b2ca4d5c93ac4813f00278f3,metal and ligand,CATALYST,SMILES,CC1(C2=C(C(=CC=C2)P(C3=CC=CC=C3)C4=CC=CC=C4)OC5=C1C=CC=C5P(C6=CC=CC=C6)C7=CC=CC=C7)C
ord-b57d9ea5b2ca4d5c93ac4813f00278f3,metal and ligand,CATALYST,SMILES,CC(=O)O.CC(=O)O.[Pd]
ord-b57d9ea5b2ca4d5c93ac4813f00278f3,metal and ligand,CATALYST,SMILES,CC1(C2=C(C(=CC=C2)P(C3=CC=CC=C3)C4=CC=CC=C4)OC5=C1C=CC=C5P(C6=CC=CC=C6)C7=CC=CC=C7)C
ord-b57d9ea5b2ca4d5c93ac4813f00278f3,metal and ligand,CATALYST,SMILES,CC(=O)O.CC(=O)O.[Pd]
ord-f57bbfadfec74fbbad7d399cf7b15368,Base,REAGENT,SMILES,C(=O)([O-])[O-].[Cs+].[Cs+]
ord-f57bbfadfec74fbbad7d399cf7b15368,Solvent,SOLVENT,SMILES,C1COCCO1
ord-f57bbfadfec74fbbad7d399cf7b15368,amine,REACTANT,SMILES,CONC(=O)C1=C(C=CC(=C1)F)N
ord-f57bbfadfec74fbbad7d399cf7b15368,aryl halide,REACTANT,SMILES,CC1=NN(C=C1NC2=NC=C(C(=C2)I)C(F)(F)F)C
ord-f57bbfadfec74fbbad7d399cf7b15368,metal and ligand,CATALYST,SMILES,CC1(C2=C(C(=CC=C2)P(C3=CC=CC=C3)C4=CC=CC=C4)OC5=C1C=CC=C5P(C6=CC=CC=C6)C7=CC=CC=C7)C
ord-f57bbfadfec74fbbad7d399cf7b15368,metal and ligand,CATALYST,SMILES,CC(=O)O.CC(=O)O.[Pd]
ord-f57bbfadfec74fbbad7d399cf7b15368,metal and ligand,CATALYST,SMILES,CC1(C2=C(C(=CC=C2)P(C3=CC=CC=C3)C4=CC=CC=C4)OC5=C1C=CC=C5P(C6=CC=CC=C6)C7=CC=CC=C7)C
ord-f57bbfadfec74fbbad7d399cf7b15368,metal and ligand,CATALYST,SMILES,CC(=O)O.CC(=O)O.[Pd]
ord-79d988a2695b450ba5f0891b3987351f,Base,REAGENT,SMILES,C(=O)([O-])[O-].[Cs+].[Cs+]
ord-79d988a2695b450ba5f0891b3987351f,Solvent,SOLVENT,SMILES,C1COCCO1
ord-79d988a2695b450ba5f0891b3987351f,amine,REACTANT,SMILES,CONC(=O)C1=C(C=CC(=C1)F)N
ord-79d988a2695b450ba5f0891b3987351f,aryl halide,REACTANT,SMILES,CC1=NN(C=C1NC2=NC=C(C(=C2)I)C(F)(F)F)C
ord-79d988a2695b450ba5f0891b3987351f,metal and ligand,CATALYST,SMILES,CC1(C2=C(C(=CC=C2)P(C3=CC=CC=C3)C4=CC=CC=C4)OC5=C1C=CC=C5P(C6=CC=CC=C6)C7=CC=CC=C7)C
ord-79d988a2695b450ba5f0891b3987351f,metal and ligand,CATALYST,SMILES,CC(=O)O.CC(=O)O.[Pd]
ord-79d988a2695b450ba5f0891b3987351f,metal and ligand,CATALYST,SMILES,CC1(C2=C(C(=CC=C2)P(C3=CC=CC=C3)C4=CC=CC=C4)OC5=C1C=CC=C5P(C6=CC=CC=C6)C7=CC=CC=C7)C
ord-79d988a2695b450ba5f0891b3987351f,metal and ligand,CATALYST,SMILES,CC(=O)O.CC(=O)O.[Pd]
ord-7696589313724974b3ed4cfa26a52287,Base,REAGENT,SMILES,C(=O)([O-])[O-].[Cs+].[Cs+]
ord-7696589313724974b3ed4cfa26a52287,Solvent,SOLVENT,SMILES,C1COCCO1
ord-7696589313724974b3ed4cfa26a52287,amine,REACTANT,SMILES,CNC(=O)C1=C(C=C(C=C1)F)N
ord-7696589313724974b3ed4cfa26a52287,aryl halide,REACTANT,SMILES,CC1=NN(C(=C1)NC2=NC=C(C(=C2)I)C(F)(F)F)C
ord-7696589313724974b3ed4cfa26a52287,metal and ligand,CATALYST,SMILES,CC1(C2=C(C(=CC=C2)P(C3=CC=CC=C3)C4=CC=CC=C4)OC5=C1C=CC=C5P(C6=CC=CC=C6)C7=CC=CC=C7)C
ord-7696589313724974b3ed4cfa26a52287,metal and ligand,CATALYST,SMILES,CC(=O)O.CC(=O)O.[Pd]
ord-7696589313724974b3ed4cfa26a52287,metal and ligand,CATALYST,SMILES,CC1(C2=C(C(=CC=C2)P(C3=CC=CC=C3)C4=CC=CC=C4)OC5=C1C=CC=C5P(C6=CC=CC=C6)C7=CC=CC=C7)C
ord-7696589313724974b3ed4cfa26a52287,metal and ligand,CATALYST,SMILES,CC(=O)O.CC(=O)O.[Pd]
ord-172edbc585f4482992d8b345126c6340,Base,REAGENT,SMILES,C(=O)([O-])[O-].[Cs+].[Cs+]
ord-172edbc585f4482992d8b345126c6340,Solvent,SOLVENT,SMILES,C1COCCO1
ord-172edbc585f4482992d8b345126c6340,amine,REACTANT,SMILES,COC1=CC=CC(=C1C(=O)NOC)N
ord-172edbc585f4482992d8b345126c6340,aryl halide,REACTANT,SMILES,CC1=NN(C(=C1)NC2=NC=C(C(=C2)I)C(F)(F)F)C
ord-172edbc585f4482992d8b345126c6340,metal and ligand,CATALYST,SMILES,C1=CC=C(C=C1)P(C2=CC=CC=C2)C3=C(C4=CC=CC=C4C=C3)C5=C(C=CC6=CC=CC=C65)P(C7=CC=CC=C7)C8=CC=CC=C8
ord-172edbc585f4482992d8b345126c6340,metal and ligand,CATALYST,SMILES,CC(=O)O.CC(=O)O.[Pd]
ord-172edbc585f4482992d8b345126c6340,metal and ligand,CATALYST,SMILES,C1=CC=C(C=C1)P(C2=CC=CC=C2)C3=C(C4=CC=CC=C4C=C3)C5=C(C=CC6=CC=CC=C65)P(C7=CC=CC=C7)C8=CC=CC=C8
ord-172edbc585f4482992d8b345126c6340,metal and ligand,CATALYST,SMILES,CC(=O)O.CC(=O)O.[Pd]
ord-067f9706b99f4ac98e07f49d63946447,Base,REAGENT,SMILES,C(=O)([O-])[O-].[K+].[K+]
ord-067f9706b99f4ac98e07f49d63946447,Solvent,SOLVENT,SMILES,C1COCCO1
ord-067f9706b99f4ac98e07f49d63946447,amine,REACTANT,SMILES,COC1=CC=CC(=C1C(=O)NOC)N
ord-067f9706b99f4ac98e07f49d63946447,aryl halide,REACTANT,SMILES,CC1=NN(C(=C1)NC2=NC=C(C(=C2)I)C(F)(F)F)C
ord-067f9706b99f4ac98e07f49d63946447,metal and ligand,CATALYST,SMILES,CC1(C2=C(C(=CC=C2)P(C3=CC=CC=C3)C4=CC=CC=C4)OC5=C1C=CC=C5P(C6=CC=CC=C6)C7=CC=CC=C7)C
ord-067f9706b99f4ac98e07f49d63946447,metal and ligand,CATALYST,SMILES,CC(=O)O.CC(=O)O.[Pd]
ord-067f9706b99f4ac98e07f49d63946447,metal and ligand,CATALYST,SMILES,CC1(C2=C(C(=CC=C2)P(C3=CC=CC=C3)C4=CC=CC=C4)OC5=C1C=CC=C5P(C6=CC=CC=C6)C7=CC=CC=C7)C
ord-067f9706b99f4ac98e07f49d63946447,metal and ligand,CATALYST,SMILES,CC(=O)O.CC(=O)O.[Pd]
ord-a7be07888e18485384d8c572f896eab3,Base,REAGENT,SMILES,C(=O)([O-])[O-].[Cs+].[Cs+]
ord-a7be07888e18485384d8c572f896eab3,Solvent,SOLVENT,SMILES,C1COCCO1
ord-a7be07888e18485384d8c572f896eab3,amine,REACTANT,SMILES,COC1=CC=CC(=C1C(=O)NOC)N
ord-a7be07888e18485384d8c572f896eab3,aryl halide,REACTANT,SMILES,CC1=NN(C(=C1)NC2=NC=C(C(=C2)I)C(F)(F)F)C
ord-a7be07888e18485384d8c572f896eab3,metal and ligand,CATALYST,SMILES,CC1(C2=C(C(=CC=C2)P(C3=CC=CC=C3)C4=CC=CC=C4)OC5=C1C=CC=C5P(C6=CC=CC=C6)C7=CC=CC=C7)C
ord-a7be07888e18485384d8c572f896eab3,metal and ligand,CATALYST,SMILES,CC(=O)O.CC(=O)O.[Pd]
ord-a7be07888e18485384d8c572f896eab3,metal and ligand,CATALYST,SMILES,CC1(C2=C(C(=CC=C2)P(C3=CC=CC=C3)C4=CC=CC=C4)OC5=C1C=CC=C5P(C6=CC=CC=C6)C7=CC=CC=C7)C
ord-a7be07888e18485384d8c572f896eab3,metal and ligand,CATALYST,SMILES,CC(=O)O.CC(=O)O.[Pd]
ord-0c382ee82f944b7aad82248930edf86a,Base,REAGENT,SMILES,C(=O)([O-])[O-].[Cs+].[Cs+]
ord-0c382ee82f944b7aad82248930edf86a,Solvent,SOLVENT,SMILES,C1COCCO1
ord-0c382ee82f944b7aad82248930edf86a,amine,REACTANT,SMILES,COC1=CC=CC(=C1C(=O)NOC)N
ord-0c382ee82f944b7aad82248930edf86a,aryl halide,REACTANT,SMILES,CC1=NN(C(=C1)NC2=NC=C(C(=C2)I)C(F)(F)F)C
ord-0c382ee82f944b7aad82248930edf86a,metal and ligand,CATALYST,SMILES,CC1(C2=C(C(=CC=C2)P(C3=CC=CC=C3)C4=CC=CC=C4)OC5=C1C=CC=C5P(C6=CC=CC=C6)C7=CC=CC=C7)C
ord-0c382ee82f944b7aad82248930edf86a,metal and ligand,CATALYST,SMILES,CC(=O)O.CC(=O)O.[Pd]
ord-0c382ee82f944b7aad82248930edf86a,metal and ligand,CATALYST,SMILES,CC1(C2=C(C(=CC=C2)P(C3=CC=CC=C3)C4=CC=CC=C4)OC5=C1C=CC=C5P(C6=CC=CC=C6)C7=CC=CC=C7)C
ord-0c382ee82f944b7aad82248930edf86a,metal and ligand,CATALYST,SMILES,CC(=O)O.CC(=O)O.[Pd]
ord-a11b668f474546c6bffcfc85e307c94b,Base,REAGENT,SMILES,C(=O)([O-])[O-].[Cs+].[Cs+]
ord-a11b668f474546c6bffcfc85e307c94b,Solvent,SOLVENT,SMILES,C1COCCO1
ord-a11b668f474546c6bffcfc85e307c94b,amine,REACTANT,SMILES,CC1=NN(C(=C1)N)C
ord-a11b668f474546c6bffcfc85e307c94b,aryl halide,REACTANT,SMILES,CNC(=O)C1=C(C=C(C=C1)F)NC2=CC(=NC=C2C(F)(F)F)Cl
ord-a11b668f474546c6bffcfc85e307c94b,metal and ligand,CATALYST,SMILES,CC1(C2=C(C(=CC=C2)P(C3=CC=CC=C3)C4=CC=CC=C4)OC5=C1C=CC=C5P(C6=CC=CC=C6)C7=CC=CC=C7)C
ord-a11b668f474546c6bffcfc85e307c94b,metal and ligand,CATALYST,SMILES,CC(=O)O.CC(=O)O.[Pd]
ord-a11b668f474546c6bffcfc85e307c94b,metal and ligand,CATALYST,SMILES,CC1(C2=C(C(=CC=C2)P(C3=CC=CC=C3)C4=CC=CC=C4)OC5=C1C=CC=C5P(C6=CC=CC=C6)C7=CC=CC=C7)C
ord-a11b668f474546c6bffcfc85e307c94b,metal and ligand,CATALYST,SMILES,CC(=O)O.CC(=O)O.[Pd]
ord-c8bd9a8a68d6433daf2fe8e0bf9a22b5,Base,REAGENT,SMILES,C(=O)([O-])[O-].[Cs+].[Cs+]
ord-c8bd9a8a68d6433daf2fe8e0bf9a22b5,Solvent,SOLVENT,SMILES,C1COCCO1
ord-c8bd9a8a68d6433daf2fe8e0bf9a22b5,amine,REACTANT,SMILES,CC1=NN(C(=C1)N)C
ord-c8bd9a8a68d6433daf2fe8e0bf9a22b5,aryl halide,REACTANT,SMILES,CNC(=O)C1=C(C=C(C=C1)F)NC2=CC(=NC=C2C(F)(F)F)Cl
ord-c8bd9a8a68d6433daf2fe8e0bf9a22b5,metal and ligand,CATALYST,SMILES,CC1(C2=C(C(=CC=C2)P(C3=CC=CC=C3)C4=CC=CC=C4)OC5=C1C=CC=C5P(C6=CC=CC=C6)C7=CC=CC=C7)C
ord-c8bd9a8a68d6433daf2fe8e0bf9a22b5,metal and ligand,CATALYST,SMILES,CC(=O)O.CC(=O)O.[Pd]
ord-c8bd9a8a68d6433daf2fe8e0bf9a22b5,metal and ligand,CATALYST,SMILES,CC1(C2=C(C(=CC=C2)P(C3=CC=CC=C3)C4=CC=CC=C4)OC5=C1C=CC=C5P(C6=CC=CC=C6)C7=CC=CC=C7)C
ord-c8bd9a8a68d6433daf2fe8e0bf9a22b5,metal and ligand,CATALYST,SMILES,CC(=O)O.CC(=O)O.[Pd]
ord-5a3f171e783f417796d44475a35d5d8d,Base,REAGENT,SMILES,C(=O)([O-])[O-].[Cs+].[Cs+]
ord-5a3f171e783f417796d44475a35d5d8d,Solvent,SOLVENT,SMILES,C1COCCO1
ord-5a3f171e783f417796d44475a35d5d8d,amine,REACTANT,SMILES,CS(=O)(=O)C1=CC=C(C=C1)N
ord-5a3f171e783f417796d44475a35d5d8d,aryl halide,REACTANT,SMILES,C1=C(N=C(C=N1)Cl)Cl
ord-5a3f171e783f417796d44475a35d5d8d,metal and ligand,CATALYST,SMILES,C1=CC=C(C=C1)P(C2=CC=CC=C2)C3=C(C4=CC=CC=C4C=C3)C5=C(C=CC6=CC=CC=C65)P(C7=CC=CC=C7)C8=CC=CC=C8
ord-5a3f171e783f417796d44475a35d5d8d,metal and ligand,CATALYST,SMILES,CC(=O)O.CC(=O)O.[Pd]
ord-5a3f171e783f417796d44475a35d5d8d,metal and ligand,CATALYST,SMILES,C1=CC=C(C=C1)P(C2=CC=CC=C2)C3=C(C4=CC=CC=C4C=C3)C5=C(C=CC6=CC=CC=C65)P(C7=CC=CC=C7)C8=CC=CC=C8
ord-5a3f171e783f417796d44475a35d5d8d,metal and ligand,CATALYST,SMILES,CC(=O)O.CC(=O)O.[Pd]
ord-11b483655b194597ac2e93597b6914d4,Base,REAGENT,SMILES,[Li+].C[Si](C)(C)[N-][Si](C)(C)C
ord-11b483655b194597ac2e93597b6914d4,Solvent,SOLVENT,SMILES,CC1=CC=CC=C1
ord-11b483655b194597ac2e93597b6914d4,amine,REACTANT,SMILES,C1CNCCC1C#N
ord-11b483655b194597ac2e93597b6914d4,aryl halide,REACTANT,SMILES,COC1=CC(=CC=C1)Br
ord-11b483655b194597ac2e93597b6914d4,metal and ligand,CATALYST,SMILES,CC(C)CN1CCN2CCN(P1N(CC2)CC(C)C)CC(C)C
ord-11b483655b194597ac2e93597b6914d4,metal and ligand,CATALYST,SMILES,CC(=O)O.CC(=O)O.[Pd]
ord-11b483655b194597ac2e93597b6914d4,metal and ligand,CATALYST,SMILES,CC(C)CN1CCN2CCN(P1N(CC2)CC(C)C)CC(C)C
ord-11b483655b194597ac2e93597b6914d4,metal and ligand,CATALYST,SMILES,CC(=O)O.CC(=O)O.[Pd]
ord-fa6037d0d8a544539857cac2da5223a4,Base,REAGENT,SMILES,[Li+].C[Si](C)(C)[N-][Si](C)(C)C
ord-fa6037d0d8a544539857cac2da5223a4,Solvent,SOLVENT,SMILES,CC1=CC=CC=C1
ord-fa6037d0d8a544539857cac2da5223a4,amine,REACTANT,SMILES,C1CNCCC1C#N
ord-fa6037d0d8a544539857cac2da5223a4,aryl halide,REACTANT,SMILES,COC1=CC(=CC=C1)Br
ord-fa6037d0d8a544539857cac2da5223a4,metal and ligand,CATALYST,SMILES,CC(C)CN1CCN2CCN(P1N(CC2)CC(C)C)CC(C)C
ord-fa6037d0d8a544539857cac2da5223a4,metal and ligand,CATALYST,SMILES,CC(=O)O.CC(=O)O.[Pd]
ord-fa6037d0d8a544539857cac2da5223a4,metal and ligand,CATALYST,SMILES,CC(C)CN1CCN2CCN(P1N(CC2)CC(C)C)CC(C)C
ord-fa6037d0d8a544539857cac2da5223a4,metal and ligand,CATALYST,SMILES,CC(=O)O.CC(=O)O.[Pd]
ord-c91f5415f0604adda8f4b73dd97ab0f8,Base,REAGENT,SMILES,[Li+].C[Si](C)(C)[N-][Si](C)(C)C
ord-c91f5415f0604adda8f4b73dd97ab0f8,Solvent,SOLVENT,SMILES,CC1=CC=CC=C1
ord-c91f5415f0604adda8f4b73dd97ab0f8,amine,REACTANT,SMILES,C1CNCCC1C(=O)N
ord-c91f5415f0604adda8f4b73dd97ab0f8,aryl halide,REACTANT,SMILES,COC1=CC(=CC=C1)Br
ord-c91f5415f0604adda8f4b73dd97ab0f8,metal and ligand,CATALYST,SMILES,CC(C)CN1CCN2CCN(P1N(CC2)CC(C)C)CC(C)C
ord-c91f5415f0604adda8f4b73dd97ab0f8,metal and ligand,CATALYST,SMILES,CC(=O)O.CC(=O)O.[Pd]
ord-c91f5415f0604adda8f4b73dd97ab0f8,metal and ligand,CATALYST,SMILES,CC(C)CN1CCN2CCN(P1N(CC2)CC(C)C)CC(C)C
ord-c91f5415f0604adda8f4b73dd97ab0f8,metal and ligand,CATALYST,SMILES,CC(=O)O.CC(=O)O.[Pd]
ord-ced8329d85d843b9adb25a3a7cf2fe09,Base,REAGENT,SMILES,C(=O)([O-])[O-].[Cs+].[Cs+]
ord-ced8329d85d843b9adb25a3a7cf2fe09,Solvent,SOLVENT,SMILES,C1COCCO1
ord-ced8329d85d843b9adb25a3a7cf2fe09,amine,REACTANT,SMILES,CN
ord-ced8329d85d843b9adb25a3a7cf2fe09,aryl halide,REACTANT,SMILES,C1=CC2=C(C=C1[N+](=O)[O-])SC(=N2)Br
ord-ced8329d85d843b9adb25a3a7cf2fe09,metal and ligand,CATALYST,SMILES,CC1(C2=C(C(=CC=C2)P(C3=CC=CC=C3)C4=CC=CC=C4)OC5=C1C=CC=C5P(C6=CC=CC=C6)C7=CC=CC=C7)C
ord-ced8329d85d843b9adb25a3a7cf2fe09,metal and ligand,CATALYST,SMILES,CC(=O)O.CC(=O)O.[Pd]
ord-ced8329d85d843b9adb25a3a7cf2fe09,metal and ligand,CATALYST,SMILES,CC1(C2=C(C(=CC=C2)P(C3=CC=CC=C3)C4=CC=CC=C4)OC5=C1C=CC=C5P(C6=CC=CC=C6)C7=CC=CC=C7)C
ord-ced8329d85d843b9adb25a3a7cf2fe09,metal and ligand,CATALYST,SMILES,CC(=O)O.CC(=O)O.[Pd]
ord-95b63e9e9ac540bc8fc7f0ffbc5bc6a7,Base,REAGENT,SMILES,C(=O)([O-])[O-].[Cs+].[Cs+]
ord-95b63e9e9ac540bc8fc7f0ffbc5bc6a7,Solvent,SOLVENT,SMILES,C1COCCO1
ord-95b63e9e9ac540bc8fc7f0ffbc5bc6a7,amine,REACTANT,SMILES,COC1=C(C=C(C=C1)[N+](=O)[O-])N
ord-95b63e9e9ac540bc8fc7f0ffbc5bc6a7,aryl halide,REACTANT,SMILES,C1=CC=C2C(=C1)C(=CN2)C3=NC(=NC=C3Cl)Cl
ord-95b63e9e9ac540bc8fc7f0ffbc5bc6a7,metal and ligand,CATALYST,SMILES,CC1(C2=C(C(=CC=C2)P(C3=CC=CC=C3)C4=CC=CC=C4)OC5=C1C=CC=C5P(C6=CC=CC=C6)C7=CC=CC=C7)C
ord-95b63e9e9ac540bc8fc7f0ffbc5bc6a7,metal and ligand,CATALYST,SMILES,CC(=O)O.CC(=O)O.[Pd]
ord-95b63e9e9ac540bc8fc7f0ffbc5bc6a7,metal and ligand,CATALYST,SMILES,CC1(C2=C(C(=CC=C2)P(C3=CC=CC=C3)C4=CC=CC=C4)OC5=C1C=CC=C5P(C6=CC=CC=C6)C7=CC=CC=C7)C
ord-95b63e9e9ac540bc8fc7f0ffbc5bc6a7,metal and ligand,CATALYST,SMILES,CC(=O)O.CC(=O)O.[Pd]
ord-916b542fdcc44d6284100092f1e92c3f,Base,REAGENT,SMILES,CC(C)(C)[O-].[Na+]
ord-916b542fdcc44d6284100092f1e92c3f,Solvent,SOLVENT,SMILES,CC1=CC=CC=C1
ord-916b542fdcc44d6284100092f1e92c3f,amine,REACTANT,SMILES,CN1C=C(C=N1)C2=C(N=C(C=C2)N)OC
ord-916b542fdcc44d6284100092f1e92c3f,aryl halide,REACTANT,SMILES,CC1=CC(=NC2=C1CN(CC(O2)CC(F)(F)F)C)Cl
ord-916b542fdcc44d6284100092f1e92c3f,metal and ligand,CATALYST,SMILES,C1=CC=C(C=C1)P(C2=CC=CC=C2)C3=C(C4=CC=CC=C4C=C3)C5=C(C=CC6=CC=CC=C65)P(C7=CC=CC=C7)C8=CC=CC=C8
ord-916b542fdcc44d6284100092f1e92c3f,metal and ligand,CATALYST,SMILES,C1=CC=C(C=C1)/C=C/C(=O)/C=C/C2=CC=CC=C2.C1=CC=C(C=C1)/C=C/C(=O)/C=C/C2=CC=CC=C2.C1=CC=C(C=C1)/C=C/C(=O)/C=C/C2=CC=CC=C2.[Pd].[Pd]
ord-916b542fdcc44d6284100092f1e92c3f,metal and ligand,CATALYST,SMILES,C1=CC=C(C=C1)P(C2=CC=CC=C2)C3=C(C4=CC=CC=C4C=C3)C5=C(C=CC6=CC=CC=C65)P(C7=CC=CC=C7)C8=CC=CC=C8
ord-916b542fdcc44d6284100092f1e92c3f,metal and ligand,CATALYST,SMILES,C1=CC=C(C=C1)/C=C/C(=O)/C=C/C2=CC=CC=C2.C1=CC=C(C=C1)/C=C/C(=O)/C=C/C2=CC=CC=C2.C1=CC=C(C=C1)/C=C/C(=O)/C=C/C2=CC=CC=C2.[Pd].[Pd]
ord-1cf3f1a64d944eabb1ba184483ae76fd,Base,REAGENT,SMILES,CC(C)(C)[O-].[Na+]
ord-1cf3f1a64d944eabb1ba184483ae76fd,Solvent,SOLVENT,SMILES,CC1=CC=CC=C1
ord-1cf3f1a64d944eabb1ba184483ae76fd,amine,REACTANT,SMILES,CN1CCNCC1
ord-1cf3f1a64d944eabb1ba184483ae76fd,aryl halide,REACTANT,SMILES,C1=C(C=NC=C1Br)Br
ord-1cf3f1a64d944eabb1ba184483ae76fd,metal and ligand,CATALYST,SMILES,CC1(C2=C(C(=CC=C2)P(C3=CC=CC=C3)C4=CC=CC=C4)OC5=C1C=CC=C5P(C6=CC=CC=C6)C7=CC=CC=C7)C
ord-1cf3f1a64d944eabb1ba184483ae76fd,metal and ligand,CATALYST,SMILES,C1=CC=C(C=C1)/C=C/C(=O)/C=C/C2=CC=CC=C2.C1=CC=C(C=C1)/C=C/C(=O)/C=C/C2=CC=CC=C2.C1=CC=C(C=C1)/C=C/C(=O)/C=C/C2=CC=CC=C2.[Pd].[Pd]
ord-1cf3f1a64d944eabb1ba184483ae76fd,metal and ligand,CATALYST,SMILES,CC1(C2=C(C(=CC=C2)P(C3=CC=CC=C3)C4=CC=CC=C4)OC5=C1C=CC=C5P(C6=CC=CC=C6)C7=CC=CC=C7)C
ord-1cf3f1a64d944eabb1ba184483ae76fd,metal and ligand,CATALYST,SMILES,C1=CC=C(C=C1)/C=C/C(=O)/C=C/C2=CC=CC=C2.C1=CC=C(C=C1)/C=C/C(=O)/C=C/C2=CC=CC=C2.C1=CC=C(C=C1)/C=C/C(=O)/C=C/C2=CC=CC=C2.[Pd].[Pd]
ord-37aa4a46f5494844887cf9e7ccaf1b0d,Base,REAGENT,SMILES,CCN(CC)CC
ord-37aa4a46f5494844887cf9e7ccaf1b0d,Solvent,SOLVENT,SMILES,CN(C)C=O
ord-37aa4a46f5494844887cf9e7ccaf1b0d,amine,REACTANT,SMILES,CC(C)(C)OC(=O)N1CCNCC1
ord-37aa4a46f5494844887cf9e7ccaf1b0d,aryl halide,REACTANT,SMILES,C1=CSC(=C1)Cl
ord-37aa4a46f5494844887cf9e7ccaf1b0d,metal and ligand,CATALYST,SMILES,C1=CC=C(C=C1)P(C2=CC=CC=C2)C3=CC=CC=C3
ord-37aa4a46f5494844887cf9e7ccaf1b0d,metal and ligand,CATALYST,SMILES,C1=CC=C(C=C1)P(C2=CC=CC=C2)C3=CC=CC=C3.C1=CC=C(C=C1)P(C2=CC=CC=C2)C3=CC=CC=C3.C1=CC=C(C=C1)P(C2=CC=CC=C2)C3=CC=CC=C3.C1=CC=C(C=C1)P(C2=CC=CC=C2)C3=CC=CC=C3.[Pd]
ord-37aa4a46f5494844887cf9e7ccaf1b0d,metal and ligand,CATALYST,SMILES,C1=CC=C(C=C1)P(C2=CC=CC=C2)C3=CC=CC=C3
ord-37aa4a46f5494844887cf9e7ccaf1b0d,metal and ligand,CATALYST,SMILES,C1=CC=C(C=C1)P(C2=CC=CC=C2)C3=CC=CC=C3.C1=CC=C(C=C1)P(C2=CC=CC=C2)C3=CC=CC=C3.C1=CC=C(C=C1)P(C2=CC=CC=C2)C3=CC=CC=C3.C1=CC=C(C=C1)P(C2=CC=CC=C2)C3=CC=CC=C3.[Pd]
ord-c7ac817750064edba47d3c6c786a7b69,Base,REAGENT,SMILES,CC(C)(C)[O-].[Na+]
ord-c7ac817750064edba47d3c6c786a7b69,Solvent,SOLVENT,SMILES,COCCOC
ord-c7ac817750064edba47d3c6c786a7b69,amine,REACTANT,SMILES,C1=CC=C(C(=C1)CN)C(F)(F)F
ord-c7ac817750064edba47d3c6c786a7b69,aryl halide,REACTANT,SMILES,C1=CC(=NC=C1C(=O)N)Cl
ord-c7ac817750064edba47d3c6c786a7b69,metal and ligand,CATALYST,SMILES,C1=CC=C(C=C1)P(C2=CC=CC=C2)C3=C(C4=CC=CC=C4C=C3)C5=C(C=CC6=CC=CC=C65)P(C7=CC=CC=C7)C8=CC=CC=C8
ord-c7ac817750064edba47d3c6c786a7b69,metal and ligand,CATALYST,SMILES,CC(=O)O.CC(=O)O.[Pd]
ord-c7ac817750064edba47d3c6c786a7b69,metal and ligand,CATALYST,SMILES,C1=CC=C(C=C1)P(C2=CC=CC=C2)C3=C(C4=CC=CC=C4C=C3)C5=C(C=CC6=CC=CC=C65)P(C7=CC=CC=C7)C8=CC=CC=C8
ord-c7ac817750064edba47d3c6c786a7b69,metal and ligand,CATALYST,SMILES,CC(=O)O.CC(=O)O.[Pd]
ord-058876800e774f05bf1b52bd00238231,Base,REAGENT,SMILES,CC(C)(C)[O-].[Na+]
ord-058876800e774f05bf1b52bd00238231,Solvent,SOLVENT,SMILES,COCCOC
ord-058876800e774f05bf1b52bd00238231,amine,REACTANT,SMILES,C1=CC(=CC(=C1)C(F)(F)F)CN
ord-058876800e774f05bf1b52bd00238231,aryl halide,REACTANT,SMILES,C1=CC(=NC=C1C(=O)N)Cl
ord-058876800e774f05bf1b52bd00238231,metal and ligand,CATALYST,SMILES,CC1(C2=C(C(=CC=C2)P(C3=CC=CC=C3)C4=CC=CC=C4)OC5=C1C=CC=C5P(C6=CC=CC=C6)C7=CC=CC=C7)C
ord-058876800e774f05bf1b52bd00238231,metal and ligand,CATALYST,SMILES,CC(=O)O.CC(=O)O.[Pd]
ord-058876800e774f05bf1b52bd00238231,metal and ligand,CATALYST,SMILES,CC1(C2=C(C(=CC=C2)P(C3=CC=CC=C3)C4=CC=CC=C4)OC5=C1C=CC=C5P(C6=CC=CC=C6)C7=CC=CC=C7)C
ord-058876800e774f05bf1b52bd00238231,metal and ligand,CATALYST,SMILES,CC(=O)O.CC(=O)O.[Pd]
ord-92bacb0740454b4398d7f3969518ce26,Base,REAGENT,SMILES,CC(C)(C)[O-].[Na+]
ord-92bacb0740454b4398d7f3969518ce26,Solvent,SOLVENT,SMILES,COCCOC
ord-92bacb0740454b4398d7f3969518ce26,amine,REACTANT,SMILES,C1=CC(=CC=C1CN)C(F)(F)F
ord-92bacb0740454b4398d7f3969518ce26,aryl halide,REACTANT,SMILES,C1=CC(=NC=C1C(=O)N)Cl
ord-92bacb0740454b4398d7f3969518ce26,metal and ligand,CATALYST,SMILES,C1=CC=C(C=C1)P(C2=CC=CC=C2)C3=C(C4=CC=CC=C4C=C3)C5=C(C=CC6=CC=CC=C65)P(C7=CC=CC=C7)C8=CC=CC=C8
ord-92bacb0740454b4398d7f3969518ce26,metal and ligand,CATALYST,SMILES,CC(=O)O.CC(=O)O.[Pd]
ord-92bacb0740454b4398d7f3969518ce26,metal and ligand,CATALYST,SMILES,C1=CC=C(C=C1)P(C2=CC=CC=C2)C3=C(C4=CC=CC=C4C=C3)C5=C(C=CC6=CC=CC=C65)P(C7=CC=CC=C7)C8=CC=CC=C8
ord-92bacb0740454b4398d7f3969518ce26,metal and ligand,CATALYST,SMILES,CC(=O)O.CC(=O)O.[Pd]
ord-3a15989581314d86a106f9d713384402,Base,REAGENT,SMILES,C(=O)([O-])[O-].[Cs+].[Cs+]
ord-3a15989581314d86a106f9d713384402,Solvent,SOLVENT,SMILES,CC1=CC=CC=C1
ord-3a15989581314d86a106f9d713384402,amine,REACTANT,SMILES,C[C@H](CN)O[Si](C)(C)C(C)(C)C
ord-3a15989581314d86a106f9d713384402,aryl halide,REACTANT,SMILES,COC1=C(C=C(C=C1)Br)C#N
ord-3a15989581314d86a106f9d713384402,metal and ligand,CATALYST,SMILES,CC(C)C1=CC(=C(C(=C1)C(C)C)C2=CC=CC=C2P(C3CCCCC3)C4CCCCC4)C(C)C
ord-3a15989581314d86a106f9d713384402,metal and ligand,CATALYST,SMILES,CC(=O)O.CC(=O)O.[Pd]
ord-3a15989581314d86a106f9d713384402,metal and ligand,CATALYST,SMILES,CC(C)C1=CC(=C(C(=C1)C(C)C)C2=CC=CC=C2P(C3CCCCC3)C4CCCCC4)C(C)C
ord-3a15989581314d86a106f9d713384402,metal and ligand,CATALYST,SMILES,CC(=O)O.CC(=O)O.[Pd]
ord-9030d498cd864647879671340ebf8182,Base,REAGENT,SMILES,C(=O)([O-])[O-].[Cs+].[Cs+]
ord-9030d498cd864647879671340ebf8182,Solvent,SOLVENT,SMILES,CC1=CC=CC=C1
ord-9030d498cd864647879671340ebf8182,amine,REACTANT,SMILES,C[C@H](CN)O[Si](C)(C)C(C)(C)C
ord-9030d498cd864647879671340ebf8182,aryl halide,REACTANT,SMILES,COC1=C(C=C(C=C1)Br)C#N
ord-9030d498cd864647879671340ebf8182,metal and ligand,CATALYST,SMILES,CC(C)C1=CC(=C(C(=C1)C(C)C)C2=CC=CC=C2P(C3CCCCC3)C4CCCCC4)C(C)C
ord-9030d498cd864647879671340ebf8182,metal and ligand,CATALYST,SMILES,CC(=O)O.CC(=O)O.[Pd]
ord-9030d498cd864647879671340ebf8182,metal and ligand,CATALYST,SMILES,CC(C)C1=CC(=C(C(=C1)C(C)C)C2=CC=CC=C2P(C3CCCCC3)C4CCCCC4)C(C)C
ord-9030d498cd864647879671340ebf8182,metal and ligand,CATALYST,SMILES,CC(=O)O.CC(=O)O.[Pd]
ord-5c2ff1c91b594cd2a9a708b467e463cc,Base,REAGENT,SMILES,C(=O)([O-])[O-].[Cs+].[Cs+]
ord-5c2ff1c91b594cd2a9a708b467e463cc,Solvent,SOLVENT,SMILES,CC1=CC=CC=C1
ord-5c2ff1c91b594cd2a9a708b467e463cc,amine,REACTANT,SMILES,C[C@H](CN)O[Si](C)(C)C(C)(C)C
ord-5c2ff1c91b594cd2a9a708b467e463cc,aryl halide,REACTANT,SMILES,COC1=C(C=C(C=C1)Br)C#N
ord-5c2ff1c91b594cd2a9a708b467e463cc,metal and ligand,CATALYST,SMILES,CC(C)C1=CC(=C(C(=C1)C(C)C)C2=CC=CC=C2P(C3CCCCC3)C4CCCCC4)C(C)C
ord-5c2ff1c91b594cd2a9a708b467e463cc,metal and ligand,CATALYST,SMILES,CC(=O)O.CC(=O)O.[Pd]
ord-5c2ff1c91b594cd2a9a708b467e463cc,metal and ligand,CATALYST,SMILES,CC(C)C1=CC(=C(C(=C1)C(C)C)C2=CC=CC=C2P(C3CCCCC3)C4CCCCC4)C(C)C
ord-5c2ff1c91b594cd2a9a708b467e463cc,metal and ligand,CATALYST,SMILES,CC(=O)O.CC(=O)O.[Pd]
ord-e89c2aa0807f47eabc561a9b2db7adf0,Base,REAGENT,SMILES,C(=O)([O-])[O-].[Cs+].[Cs+]
ord-e89c2aa0807f47eabc561a9b2db7adf0,Solvent,SOLVENT,SMILES,C1COCCO1
ord-e89c2aa0807f47eabc561a9b2db7adf0,amine,REACTANT,SMILES,CC(C)(C)OC(=O)N
ord-e89c2aa0807f47eabc561a9b2db7adf0,aryl halide,REACTANT,SMILES,COC(=O)C1=NC=C(C=N1)Br
ord-e89c2aa0807f47eabc561a9b2db7adf0,metal and ligand,CATALYST,SMILES,CC1(C2=C(C(=CC=C2)P(C3=CC=CC=C3)C4=CC=CC=C4)OC5=C1C=CC=C5P(C6=CC=CC=C6)C7=CC=CC=C7)C
ord-e89c2aa0807f47eabc561a9b2db7adf0,metal and ligand,CATALYST,SMILES,CC(=O)O.CC(=O)O.[Pd]
ord-e89c2aa0807f47eabc561a9b2db7adf0,metal and ligand,CATALYST,SMILES,CC1(C2=C(C(=CC=C2)P(C3=CC=CC=C3)C4=CC=CC=C4)OC5=C1C=CC=C5P(C6=CC=CC=C6)C7=CC=CC=C7)C
ord-e89c2aa0807f47eabc561a9b2db7adf0,metal and ligand,CATALYST,SMILES,CC(=O)O.CC(=O)O.[Pd]
ord-f833eea6508044b8abf8f02c39f87010,Base,REAGENT,SMILES,C(=O)([O-])[O-].[Cs+].[Cs+]
ord-f833eea6508044b8abf8f02c39f87010,Solvent,SOLVENT,SMILES,C1COCCO1
ord-f833eea6508044b8abf8f02c39f87010,amine,REACTANT,SMILES,CC(C)(C)OC(=O)N
ord-f833eea6508044b8abf8f02c39f87010,aryl halide,REACTANT,SMILES,COC(=O)C1=NC=C(C=N1)Br
ord-f833eea6508044b8abf8f02c39f87010,metal and ligand,CATALYST,SMILES,CC1(C2=C(C(=CC=C2)P(C3=CC=CC=C3)C4=CC=CC=C4)OC5=C1C=CC=C5P(C6=CC=CC=C6)C7=CC=CC=C7)C
ord-f833eea6508044b8abf8f02c39f87010,metal and ligand,CATALYST,SMILES,CC(=O)O.CC(=O)O.[Pd]
ord-f833eea6508044b8abf8f02c39f87010,metal and ligand,CATALYST,SMILES,CC1(C2=C(C(=CC=C2)P(C3=CC=CC=C3)C4=CC=CC=C4)OC5=C1C=CC=C5P(C6=CC=CC=C6)C7=CC=CC=C7)C
ord-f833eea6508044b8abf8f02c39f87010,metal and ligand,CATALYST,SMILES,CC(=O)O.CC(=O)O.[Pd]
ord-980427b3cc854bc88aa11ec4ee256fb1,Base,REAGENT,SMILES,C(=O)([O-])[O-].[Cs+].[Cs+]
ord-980427b3cc854bc88aa11ec4ee256fb1,Solvent,SOLVENT,SMILES,COCCOC
ord-980427b3cc854bc88aa11ec4ee256fb1,amine,REACTANT,SMILES,CN1C=C(C=N1)C2=C(N=C(C=C2)N)OC
ord-980427b3cc854bc88aa11ec4ee256fb1,aryl halide,REACTANT,SMILES,CC1=CSC(=N1)C2CN(CC3=C(O2)N=C(C=C3)Cl)C
ord-980427b3cc854bc88aa11ec4ee256fb1,metal and ligand,CATALYST,SMILES,C1CCC(CC1)P(C2CCCCC2)C3=CC=CC=C3C4=CC=CC=C4
ord-980427b3cc854bc88aa11ec4ee256fb1,metal and ligand,CATALYST,SMILES,CC(=O)O.CC(=O)O.[Pd]
ord-980427b3cc854bc88aa11ec4ee256fb1,metal and ligand,CATALYST,SMILES,C1CCC(CC1)P(C2CCCCC2)C3=CC=CC=C3C4=CC=CC=C4
ord-980427b3cc854bc88aa11ec4ee256fb1,metal and ligand,CATALYST,SMILES,CC(=O)O.CC(=O)O.[Pd]
ord-b88a57a3139142d0b67529e7ea94eb7c,Base,REAGENT,SMILES,C(=O)([O-])[O-].[Cs+].[Cs+]
ord-b88a57a3139142d0b67529e7ea94eb7c,Solvent,SOLVENT,SMILES,C1COCCO1
ord-b88a57a3139142d0b67529e7ea94eb7c,amine,REACTANT,SMILES,CC1=C(OC(=N1)N)C
ord-b88a57a3139142d0b67529e7ea94eb7c,aryl halide,REACTANT,SMILES,C1=CN=C(C=C1Cl)Cl
ord-b88a57a3139142d0b67529e7ea94eb7c,metal and ligand,CATALYST,SMILES,CC1(C2=C(C(=CC=C2)P(C3=CC=CC=C3)C4=CC=CC=C4)OC5=C1C=CC=C5P(C6=CC=CC=C6)C7=CC=CC=C7)C
ord-b88a57a3139142d0b67529e7ea94eb7c,metal and ligand,CATALYST,SMILES,C1=CC=C(C=C1)/C=C/C(=O)/C=C/C2=CC=CC=C2.C1=CC=C(C=C1)/C=C/C(=O)/C=C/C2=CC=CC=C2.C1=CC=C(C=C1)/C=C/C(=O)/C=C/C2=CC=CC=C2.[Pd].[Pd]
ord-b88a57a3139142d0b67529e7ea94eb7c,metal and ligand,CATALYST,SMILES,CC1(C2=C(C(=CC=C2)P(C3=CC=CC=C3)C4=CC=CC=C4)OC5=C1C=CC=C5P(C6=CC=CC=C6)C7=CC=CC=C7)C
ord-b88a57a3139142d0b67529e7ea94eb7c,metal and ligand,CATALYST,SMILES,C1=CC=C(C=C1)/C=C/C(=O)/C=C/C2=CC=CC=C2.C1=CC=C(C=C1)/C=C/C(=O)/C=C/C2=CC=CC=C2.C1=CC=C(C=C1)/C=C/C(=O)/C=C/C2=CC=CC=C2.[Pd].[Pd]
ord-e66c732566f245d48f208bb758cb3489,Base,REAGENT,SMILES,C(=O)([O-])[O-].[Cs+].[Cs+]
ord-e66c732566f245d48f208bb758cb3489,Solvent,SOLVENT,SMILES,C1COCCO1
ord-e66c732566f245d48f208bb758cb3489,amine,REACTANT,SMILES,CC1=C(OC(=N1)N)C
ord-e66c732566f245d48f208bb758cb3489,aryl halide,REACTANT,SMILES,C1=CN=C(C=C1Cl)Cl
ord-e66c732566f245d48f208bb758cb3489,metal and ligand,CATALYST,SMILES,CC1(C2=C(C(=CC=C2)P(C3=CC=CC=C3)C4=CC=CC=C4)OC5=C1C=CC=C5P(C6=CC=CC=C6)C7=CC=CC=C7)C
ord-e66c732566f245d48f208bb758cb3489,metal and ligand,CATALYST,SMILES,C1=CC=C(C=C1)/C=C/C(=O)/C=C/C2=CC=CC=C2.C1=CC=C(C=C1)/C=C/C(=O)/C=C/C2=CC=CC=C2.C1=CC=C(C=C1)/C=C/C(=O)/C=C/C2=CC=CC=C2.[Pd].[Pd]
ord-e66c732566f245d48f208bb758cb3489,metal and ligand,CATALYST,SMILES,CC1(C2=C(C(=CC=C2)P(C3=CC=CC=C3)C4=CC=CC=C4)OC5=C1C=CC=C5P(C6=CC=CC=C6)C7=CC=CC=C7)C
ord-e66c732566f245d48f208bb758cb3489,metal and ligand,CATALYST,SMILES,C1=CC=C(C=C1)/C=C/C(=O)/C=C/C2=CC=CC=C2.C1=CC=C(C=C1)/C=C/C(=O)/C=C/C2=CC=CC=C2.C1=CC=C(C=C1)/C=C/C(=O)/C=C/C2=CC=CC=C2.[Pd].[Pd]
ord-2bf055ae52c14e578ca506139e6af8cb,Base,REAGENT,SMILES,C(=O)([O-])[O-].[Cs+].[Cs+]
ord-2bf055ae52c14e578ca506139e6af8cb,Solvent,SOLVENT,SMILES,COCCOC
ord-2bf055ae52c14e578ca506139e6af8cb,amine,REACTANT,SMILES,CC1=CN(C=N1)C2=CN=C(C=C2)N
ord-2bf055ae52c14e578ca506139e6af8cb,aryl halide,REACTANT,SMILES,CN1C[C@H](OC2=C(C1)C=CC(=N2)Cl)C3=CC=CC=C3
ord-2bf055ae52c14e578ca506139e6af8cb,metal and ligand,CATALYST,SMILES,C1CCC(CC1)P(C2CCCCC2)C3=CC=CC=C3C4=CC=CC=C4
ord-2bf055ae52c14e578ca506139e6af8cb,metal and ligand,CATALYST,SMILES,CC(=O)O.CC(=O)O.[Pd]
ord-2bf055ae52c14e578ca506139e6af8cb,metal and ligand,CATALYST,SMILES,C1CCC(CC1)P(C2CCCCC2)C3=CC=CC=C3C4=CC=CC=C4
ord-2bf055ae52c14e578ca506139e6af8cb,metal and ligand,CATALYST,SMILES,CC(=O)O.CC(=O)O.[Pd]
ord-6df914594aae4a42ba5b1bcb65424482,Base,REAGENT,SMILES,C(=O)([O-])[O-].[Cs+].[Cs+]
ord-6df914594aae4a42ba5b1bcb65424482,Solvent,SOLVENT,SMILES,COCCOC
ord-6df914594aae4a42ba5b1bcb65424482,amine,REACTANT,SMILES,CC1=CN(C=N1)C2=CN=C(C=C2)N
ord-6df914594aae4a42ba5b1bcb65424482,aryl halide,REACTANT,SMILES,CC1=CC(=NC2=C1CN(CC(O2)CC(F)(F)F)C)Cl
ord-6df914594aae4a42ba5b1bcb65424482,metal and ligand,CATALYST,SMILES,C1CCC(CC1)P(C2CCCCC2)C3=CC=CC=C3C4=CC=CC=C4
ord-6df914594aae4a42ba5b1bcb65424482,metal and ligand,CATALYST,SMILES,CC(=O)O.CC(=O)O.[Pd]
ord-6df914594aae4a42ba5b1bcb65424482,metal and ligand,CATALYST,SMILES,C1CCC(CC1)P(C2CCCCC2)C3=CC=CC=C3C4=CC=CC=C4
ord-6df914594aae4a42ba5b1bcb65424482,metal and ligand,CATALYST,SMILES,CC(=O)O.CC(=O)O.[Pd]
ord-1525568325b3443390953fb89e1c826a,Base,REAGENT,SMILES,C(=O)([O-])[O-].[Cs+].[Cs+]
ord-1525568325b3443390953fb89e1c826a,Solvent,SOLVENT,SMILES,C1COCCO1
ord-1525568325b3443390953fb89e1c826a,amine,REACTANT,SMILES,CC(C)(C)OC(=O)N1CCNCC1
ord-1525568325b3443390953fb89e1c826a,aryl halide,REACTANT,SMILES,CCOC(=O)C1=CC2=C(O1)C=CC=C2Cl
ord-1525568325b3443390953fb89e1c826a,metal and ligand,CATALYST,SMILES,CC(C)C1=CC(=C(C(=C1)C(C)C)C2=CC=CC=C2P(C3CCCCC3)C4CCCCC4)C(C)C
ord-1525568325b3443390953fb89e1c826a,metal and ligand,CATALYST,SMILES,C1=CC=C(C=C1)/C=C/C(=O)/C=C/C2=CC=CC=C2.C1=CC=C(C=C1)/C=C/C(=O)/C=C/C2=CC=CC=C2.C1=CC=C(C=C1)/C=C/C(=O)/C=C/C2=CC=CC=C2.[Pd].[Pd]
ord-1525568325b3443390953fb89e1c826a,metal and ligand,CATALYST,SMILES,CC(C)C1=CC(=C(C(=C1)C(C)C)C2=CC=CC=C2P(C3CCCCC3)C4CCCCC4)C(C)C
ord-1525568325b3443390953fb89e1c826a,metal and ligand,CATALYST,SMILES,C1=CC=C(C=C1)/C=C/C(=O)/C=C/C2=CC=CC=C2.C1=CC=C(C=C1)/C=C/C(=O)/C=C/C2=CC=CC=C2.C1=CC=C(C=C1)/C=C/C(=O)/C=C/C2=CC=CC=C2.[Pd].[Pd]
ord-124e8e40d3e54042af531dbb1d8d85d1,Base,REAGENT,SMILES,C(=O)([O-])[O-].[Cs+].[Cs+]
ord-124e8e40d3e54042af531dbb1d8d85d1,Solvent,SOLVENT,SMILES,C1COCCO1
ord-124e8e40d3e54042af531dbb1d8d85d1,amine,REACTANT,SMILES,C1CNCCN1
ord-124e8e40d3e54042af531dbb1d8d85d1,aryl halide,REACTANT,SMILES,C1=CC(=C(C=C1Cl)Br)C#N
ord-124e8e40d3e54042af531dbb1d8d85d1,metal and ligand,CATALYST,SMILES,C1=CC=C(C=C1)P(C2=CC=CC=C2)C3=C(C4=CC=CC=C4C=C3)C5=C(C=CC6=CC=CC=C65)P(C7=CC=CC=C7)C8=CC=CC=C8
ord-124e8e40d3e54042af531dbb1d8d85d1,metal and ligand,CATALYST,SMILES,C1=CC=C(C=C1)/C=C/C(=O)/C=C/C2=CC=CC=C2.C1=CC=C(C=C1)/C=C/C(=O)/C=C/C2=CC=CC=C2.C1=CC=C(C=C1)/C=C/C(=O)/C=C/C2=CC=CC=C2.[Pd].[Pd]
ord-124e8e40d3e54042af531dbb1d8d85d1,metal and ligand,CATALYST,SMILES,C1=CC=C(C=C1)P(C2=CC=CC=C2)C3=C(C4=CC=CC=C4C=C3)C5=C(C=CC6=CC=CC=C65)P(C7=CC=CC=C7)C8=CC=CC=C8
ord-124e8e40d3e54042af531dbb1d8d85d1,metal and ligand,CATALYST,SMILES,C1=CC=C(C=C1)/C=C/C(=O)/C=C/C2=CC=CC=C2.C1=CC=C(C=C1)/C=C/C(=O)/C=C/C2=CC=CC=C2.C1=CC=C(C=C1)/C=C/C(=O)/C=C/C2=CC=CC=C2.[Pd].[Pd]
ord-91c1aa5c02fc46a586e9f5a373b7526a,Base,REAGENT,SMILES,C(=O)([O-])[O-].[Cs+].[Cs+]
ord-91c1aa5c02fc46a586e9f5a373b7526a,Solvent,SOLVENT,SMILES,C1COCCO1
ord-91c1aa5c02fc46a586e9f5a373b7526a,amine,REACTANT,SMILES,C1CNCCN1
ord-91c1aa5c02fc46a586e9f5a373b7526a,aryl halide,REACTANT,SMILES,C1=CC(=C(C=C1F)Br)C#N
ord-91c1aa5c02fc46a586e9f5a373b7526a,metal and ligand,CATALYST,SMILES,C1=CC=C(C=C1)P(C2=CC=CC=C2)C3=C(C4=CC=CC=C4C=C3)C5=C(C=CC6=CC=CC=C65)P(C7=CC=CC=C7)C8=CC=CC=C8
ord-91c1aa5c02fc46a586e9f5a373b7526a,metal and ligand,CATALYST,SMILES,C1=CC=C(C=C1)/C=C/C(=O)/C=C/C2=CC=CC=C2.C1=CC=C(C=C1)/C=C/C(=O)/C=C/C2=CC=CC=C2.C1=CC=C(C=C1)/C=C/C(=O)/C=C/C2=CC=CC=C2.[Pd].[Pd]
ord-91c1aa5c02fc46a586e9f5a373b7526a,metal and ligand,CATALYST,SMILES,C1=CC=C(C=C1)P(C2=CC=CC=C2)C3=C(C4=CC=CC=C4C=C3)C5=C(C=CC6=CC=CC=C65)P(C7=CC=CC=C7)C8=CC=CC=C8
ord-91c1aa5c02fc46a586e9f5a373b7526a,metal and ligand,CATALYST,SMILES,C1=CC=C(C=C1)/C=C/C(=O)/C=C/C2=CC=CC=C2.C1=CC=C(C=C1)/C=C/C(=O)/C=C/C2=CC=CC=C2.C1=CC=C(C=C1)/C=C/C(=O)/C=C/C2=CC=CC=C2.[Pd].[Pd]
ord-16b6dbfada904ea1b6f495fddc318fb3,Base,REAGENT,SMILES,C1=CC=C(C=C1)[O-].[Na+]
ord-16b6dbfada904ea1b6f495fddc318fb3,Solvent,SOLVENT,SMILES,C1COCCO1
ord-16b6dbfada904ea1b6f495fddc318fb3,amine,REACTANT,SMILES,C1=COC(=N1)N
ord-16b6dbfada904ea1b6f495fddc318fb3,aryl halide,REACTANT,SMILES,C1=CN=C(C=C1Cl)Br
ord-16b6dbfada904ea1b6f495fddc318fb3,metal and ligand,CATALYST,SMILES,CC1(C2=C(C(=CC=C2)P(C3=CC=CC=C3)C4=CC=CC=C4)OC5=C1C=CC=C5P(C6=CC=CC=C6)C7=CC=CC=C7)C
ord-16b6dbfada904ea1b6f495fddc318fb3,metal and ligand,CATALYST,SMILES,C1=CC=C(C=C1)/C=C/C(=O)/C=C/C2=CC=CC=C2.C1=CC=C(C=C1)/C=C/C(=O)/C=C/C2=CC=CC=C2.C1=CC=C(C=C1)/C=C/C(=O)/C=C/C2=CC=CC=C2.[Pd].[Pd]
ord-16b6dbfada904ea1b6f495fddc318fb3,metal and ligand,CATALYST,SMILES,CC1(C2=C(C(=CC=C2)P(C3=CC=CC=C3)C4=CC=CC=C4)OC5=C1C=CC=C5P(C6=CC=CC=C6)C7=CC=CC=C7)C
ord-16b6dbfada904ea1b6f495fddc318fb3,metal and ligand,CATALYST,SMILES,C1=CC=C(C=C1)/C=C/C(=O)/C=C/C2=CC=CC=C2.C1=CC=C(C=C1)/C=C/C(=O)/C=C/C2=CC=CC=C2.C1=CC=C(C=C1)/C=C/C(=O)/C=C/C2=CC=CC=C2.[Pd].[Pd]
ord-25a2d29381d0432e90a88d041ce4da72,Base,REAGENT,SMILES,C(=O)([O-])[O-].[Cs+].[Cs+]
ord-25a2d29381d0432e90a88d041ce4da72,Solvent,SOLVENT,SMILES,C1COCCO1
ord-25a2d29381d0432e90a88d041ce4da72,amine,REACTANT,SMILES,C1=COC(=N1)N
ord-25a2d29381d0432e90a88d041ce4da72,aryl halide,REACTANT,SMILES,C1=CN=C(C=C1Cl)Br
ord-25a2d29381d0432e90a88d041ce4da72,metal and ligand,CATALYST,SMILES,CC1(C2=C(C(=CC=C2)P(C3=CC=CC=C3)C4=CC=CC=C4)OC5=C1C=CC=C5P(C6=CC=CC=C6)C7=CC=CC=C7)C
ord-25a2d29381d0432e90a88d041ce4da72,metal and ligand,CATALYST,SMILES,C1=CC=C(C=C1)/C=C/C(=O)/C=C/C2=CC=CC=C2.C1=CC=C(C=C1)/C=C/C(=O)/C=C/C2=CC=CC=C2.C1=CC=C(C=C1)/C=C/C(=O)/C=C/C2=CC=CC=C2.[Pd].[Pd]
ord-25a2d29381d0432e90a88d041ce4da72,metal and ligand,CATALYST,SMILES,CC1(C2=C(C(=CC=C2)P(C3=CC=CC=C3)C4=CC=CC=C4)OC5=C1C=CC=C5P(C6=CC=CC=C6)C7=CC=CC=C7)C
ord-25a2d29381d0432e90a88d041ce4da72,metal and ligand,CATALYST,SMILES,C1=CC=C(C=C1)/C=C/C(=O)/C=C/C2=CC=CC=C2.C1=CC=C(C=C1)/C=C/C(=O)/C=C/C2=CC=CC=C2.C1=CC=C(C=C1)/C=C/C(=O)/C=C/C2=CC=CC=C2.[Pd].[Pd]
ord-703c2a2b287b493ebc27b295a0de91ac,Base,REAGENT,SMILES,C(=O)([O-])[O-].[Cs+].[Cs+]
ord-703c2a2b287b493ebc27b295a0de91ac,Solvent,SOLVENT,SMILES,C1COCCO1
ord-703c2a2b287b493ebc27b295a0de91ac,amine,REACTANT,SMILES,C1=CC(=CC(=C1)[N+](=O)[O-])N
ord-703c2a2b287b493ebc27b295a0de91ac,aryl halide,REACTANT,SMILES,C1=CN=C(C=C1Cl)Cl
ord-703c2a2b287b493ebc27b295a0de91ac,metal and ligand,CATALYST,SMILES,CC1(C2=C(C(=CC=C2)P(C3=CC=CC=C3)C4=CC=CC=C4)OC5=C1C=CC=C5P(C6=CC=CC=C6)C7=CC=CC=C7)C
ord-703c2a2b287b493ebc27b295a0de91ac,metal and ligand,CATALYST,SMILES,CC(=O)O.CC(=O)O.[Pd]
ord-703c2a2b287b493ebc27b295a0de91ac,metal and ligand,CATALYST,SMILES,CC1(C2=C(C(=CC=C2)P(C3=CC=CC=C3)C4=CC=CC=C4)OC5=C1C=CC=C5P(C6=CC=CC=C6)C7=CC=CC=C7)C
ord-703c2a2b287b493ebc27b295a0de91ac,metal and ligand,CATALYST,SMILES,CC(=O)O.CC(=O)O.[Pd]
ord-4ae237ba7d264026afd182c3af660100,Base,REAGENT,SMILES,C(=O)([O-])[O-].[Cs+].[Cs+]
ord-4ae237ba7d264026afd182c3af660100,Solvent,SOLVENT,SMILES,C1COCCO1
ord-4ae237ba7d264026afd182c3af660100,amine,REACTANT,SMILES,CC(C)(C)OC(=O)N
ord-4ae237ba7d264026afd182c3af660100,aryl halide,REACTANT,SMILES,CN1CCN(CC1)C2=C(C=C(C(=C2)OC)N)Br
ord-4ae237ba7d264026afd182c3af660100,metal and ligand,CATALYST,SMILES,CC1(C2=C(C(=CC=C2)P(C3=CC=CC=C3)C4=CC=CC=C4)OC5=C1C=CC=C5P(C6=CC=CC=C6)C7=CC=CC=C7)C
ord-4ae237ba7d264026afd182c3af660100,metal and ligand,CATALYST,SMILES,CC(=O)O.CC(=O)O.[Pd]
ord-4ae237ba7d264026afd182c3af660100,metal and ligand,CATALYST,SMILES,CC1(C2=C(C(=CC=C2)P(C3=CC=CC=C3)C4=CC=CC=C4)OC5=C1C=CC=C5P(C6=CC=CC=C6)C7=CC=CC=C7)C
ord-4ae237ba7d264026afd182c3af660100,metal and ligand,CATALYST,SMILES,CC(=O)O.CC(=O)O.[Pd]
ord-86909c5b2c9143b3acd377f2edc373e3,Base,REAGENT,SMILES,CC(C)(C)[O-].[Na+]
ord-86909c5b2c9143b3acd377f2edc373e3,Solvent,SOLVENT,SMILES,CC1=CC=CC=C1
ord-86909c5b2c9143b3acd377f2edc373e3,amine,REACTANT,SMILES,CN1CCC(CC1)OC2=CC=CC(=C2)N
ord-86909c5b2c9143b3acd377f2edc373e3,aryl halide,REACTANT,SMILES,CC1=C(C=C(C=C1)NC(=O)C2=CC3=C(C=C2)OCCO3)NC(=O)C4=CN=C(C=C4)Cl
ord-86909c5b2c9143b3acd377f2edc373e3,metal and ligand,CATALYST,SMILES,CC1(C2=C(C(=CC=C2)P(C3=CC=CC=C3)C4=CC=CC=C4)OC5=C1C=CC=C5P(C6=CC=CC=C6)C7=CC=CC=C7)C
ord-86909c5b2c9143b3acd377f2edc373e3,metal and ligand,CATALYST,SMILES,C1=CC=C(C=C1)/C=C/C(=O)/C=C/C2=CC=CC=C2.C1=CC=C(C=C1)/C=C/C(=O)/C=C/C2=CC=CC=C2.C1=CC=C(C=C1)/C=C/C(=O)/C=C/C2=CC=CC=C2.[Pd].[Pd]
ord-86909c5b2c9143b3acd377f2edc373e3,metal and ligand,CATALYST,SMILES,CC1(C2=C(C(=CC=C2)P(C3=CC=CC=C3)C4=CC=CC=C4)OC5=C1C=CC=C5P(C6=CC=CC=C6)C7=CC=CC=C7)C
ord-86909c5b2c9143b3acd377f2edc373e3,metal and ligand,CATALYST,SMILES,C1=CC=C(C=C1)/C=C/C(=O)/C=C/C2=CC=CC=C2.C1=CC=C(C=C1)/C=C/C(=O)/C=C/C2=CC=CC=C2.C1=CC=C(C=C1)/C=C/C(=O)/C=C/C2=CC=CC=C2.[Pd].[Pd]
ord-6b87f2a7230043c19d1f4cb86bf0930a,Base,REAGENT,SMILES,CC(C)(C)[O-].[Na+]
ord-6b87f2a7230043c19d1f4cb86bf0930a,Solvent,SOLVENT,SMILES,CC1=CC=CC=C1
ord-6b87f2a7230043c19d1f4cb86bf0930a,amine,REACTANT,SMILES,CN(C)CC1=CC(=CC=C1)N
ord-6b87f2a7230043c19d1f4cb86bf0930a,aryl halide,REACTANT,SMILES,CC1=C(C=C(C=C1)NC(=O)C2=CC3=C(C=C2)OCCO3)NC(=O)C4=CN=C(C=C4)Cl
ord-6b87f2a7230043c19d1f4cb86bf0930a,metal and ligand,CATALYST,SMILES,CC1(C2=C(C(=CC=C2)P(C3=CC=CC=C3)C4=CC=CC=C4)OC5=C1C=CC=C5P(C6=CC=CC=C6)C7=CC=CC=C7)C
ord-6b87f2a7230043c19d1f4cb86bf0930a,metal and ligand,CATALYST,SMILES,C1=CC=C(C=C1)/C=C/C(=O)/C=C/C2=CC=CC=C2.C1=CC=C(C=C1)/C=C/C(=O)/C=C/C2=CC=CC=C2.C1=CC=C(C=C1)/C=C/C(=O)/C=C/C2=CC=CC=C2.[Pd].[Pd]
ord-6b87f2a7230043c19d1f4cb86bf0930a,metal and ligand,CATALYST,SMILES,CC1(C2=C(C(=CC=C2)P(C3=CC=CC=C3)C4=CC=CC=C4)OC5=C1C=CC=C5P(C6=CC=CC=C6)C7=CC=CC=C7)C
ord-6b87f2a7230043c19d1f4cb86bf0930a,metal and ligand,CATALYST,SMILES,C1=CC=C(C=C1)/C=C/C(=O)/C=C/C2=CC=CC=C2.C1=CC=C(C=C1)/C=C/C(=O)/C=C/C2=CC=CC=C2.C1=CC=C(C=C1)/C=C/C(=O)/C=C/C2=CC=CC=C2.[Pd].[Pd]
ord-68539516fcd24378954aa9ca9f44991e,Base,REAGENT,SMILES,CC(C)(C)[O-].[Na+]
ord-68539516fcd24378954aa9ca9f44991e,Solvent,SOLVENT,SMILES,CC1=CC=CC=C1
ord-68539516fcd24378954aa9ca9f44991e,amine,REACTANT,SMILES,CN(C)C1CCN(C1)C2=CC=CC(=C2)N
ord-68539516fcd24378954aa9ca9f44991e,aryl halide,REACTANT,SMILES,CC1=C(C=C(C=C1)NC(=O)C2=CC3=C(C=C2)OCCO3)NC(=O)C4=CN=C(C=C4)Cl
ord-68539516fcd24378954aa9ca9f44991e,metal and ligand,CATALYST,SMILES,CC1(C2=C(C(=CC=C2)P(C3=CC=CC=C3)C4=CC=CC=C4)OC5=C1C=CC=C5P(C6=CC=CC=C6)C7=CC=CC=C7)C
ord-68539516fcd24378954aa9ca9f44991e,metal and ligand,CATALYST,SMILES,C1=CC=C(C=C1)/C=C/C(=O)/C=C/C2=CC=CC=C2.C1=CC=C(C=C1)/C=C/C(=O)/C=C/C2=CC=CC=C2.C1=CC=C(C=C1)/C=C/C(=O)/C=C/C2=CC=CC=C2.[Pd].[Pd]
ord-68539516fcd24378954aa9ca9f44991e,metal and ligand,CATALYST,SMILES,CC1(C2=C(C(=CC=C2)P(C3=CC=CC=C3)C4=CC=CC=C4)OC5=C1C=CC=C5P(C6=CC=CC=C6)C7=CC=CC=C7)C
ord-68539516fcd24378954aa9ca9f44991e,metal and ligand,CATALYST,SMILES,C1=CC=C(C=C1)/C=C/C(=O)/C=C/C2=CC=CC=C2.C1=CC=C(C=C1)/C=C/C(=O)/C=C/C2=CC=CC=C2.C1=CC=C(C=C1)/C=C/C(=O)/C=C/C2=CC=CC=C2.[Pd].[Pd]
ord-2b17d1283fc34150bab8e6391b459594,Base,REAGENT,SMILES,C(=O)([O-])[O-].[Cs+].[Cs+]
ord-2b17d1283fc34150bab8e6391b459594,Solvent,SOLVENT,SMILES,C1COCCO1
ord-2b17d1283fc34150bab8e6391b459594,amine,REACTANT,SMILES,CC1=COC(=N1)N
ord-2b17d1283fc34150bab8e6391b459594,aryl halide,REACTANT,SMILES,C1=CN=C(C=C1Cl)Cl
ord-2b17d1283fc34150bab8e6391b459594,metal and ligand,CATALYST,SMILES,CC1(C2=C(C(=CC=C2)P(C3=CC=CC=C3)C4=CC=CC=C4)OC5=C1C=CC=C5P(C6=CC=CC=C6)C7=CC=CC=C7)C
ord-2b17d1283fc34150bab8e6391b459594,metal and ligand,CATALYST,SMILES,C1=CC=C(C=C1)/C=C/C(=O)/C=C/C2=CC=CC=C2.C1=CC=C(C=C1)/C=C/C(=O)/C=C/C2=CC=CC=C2.C1=CC=C(C=C1)/C=C/C(=O)/C=C/C2=CC=CC=C2.[Pd].[Pd]
ord-2b17d1283fc34150bab8e6391b459594,metal and ligand,CATALYST,SMILES,CC1(C2=C(C(=CC=C2)P(C3=CC=CC=C3)C4=CC=CC=C4)OC5=C1C=CC=C5P(C6=CC=CC=C6)C7=CC=CC=C7)C
ord-2b17d1283fc34150bab8e6391b459594,metal and ligand,CATALYST,SMILES,C1=CC=C(C=C1)/C=C/C(=O)/C=C/C2=CC=CC=C2.C1=CC=C(C=C1)/C=C/C(=O)/C=C/C2=CC=CC=C2.C1=CC=C(C=C1)/C=C/C(=O)/C=C/C2=CC=CC=C2.[Pd].[Pd]
ord-29d169023edf45ffb5746904d99b3825,Base,REAGENT,SMILES,CC(C)(C)[O-].[Na+]
ord-29d169023edf45ffb5746904d99b3825,Solvent,SOLVENT,SMILES,CC1=CC=CC=C1
ord-29d169023edf45ffb5746904d99b3825,amine,REACTANT,SMILES,CO[C@@H]1CCNC1
ord-29d169023edf45ffb5746904d99b3825,aryl halide,REACTANT,SMILES,C1=C(C=NC=C1Br)Br
ord-29d169023edf45ffb5746904d99b3825,metal and ligand,CATALYST,SMILES,C1=CC=C(C=C1)P(C2=CC=CC=C2)C3=C(C4=CC=CC=C4C=C3)C5=C(C=CC6=CC=CC=C65)P(C7=CC=CC=C7)C8=CC=CC=C8
ord-29d169023edf45ffb5746904d99b3825,metal and ligand,CATALYST,SMILES,C1=CC=C(C=C1)/C=C/C(=O)/C=C/C2=CC=CC=C2.C1=CC=C(C=C1)/C=C/C(=O)/C=C/C2=CC=CC=C2.C1=CC=C(C=C1)/C=C/C(=O)/C=C/C2=CC=CC=C2.[Pd].[Pd]
ord-29d169023edf45ffb5746904d99b3825,metal and ligand,CATALYST,SMILES,C1=CC=C(C=C1)P(C2=CC=CC=C2)C3=C(C4=CC=CC=C4C=C3)C5=C(C=CC6=CC=CC=C65)P(C7=CC=CC=C7)C8=CC=CC=C8
ord-29d169023edf45ffb5746904d99b3825,metal and ligand,CATALYST,SMILES,C1=CC=C(C=C1)/C=C/C(=O)/C=C/C2=CC=CC=C2.C1=CC=C(C=C1)/C=C/C(=O)/C=C/C2=CC=CC=C2.C1=CC=C(C=C1)/C=C/C(=O)/C=C/C2=CC=CC=C2.[Pd].[Pd]
ord-a1449f92bd2f4287a8b4f60d1e409d2f,Base,REAGENT,SMILES,C(=O)([O-])[O-].[Cs+].[Cs+]
ord-a1449f92bd2f4287a8b4f60d1e409d2f,Solvent,SOLVENT,SMILES,CC1=CC=CC=C1
ord-a1449f92bd2f4287a8b4f60d1e409d2f,amine,REACTANT,SMILES,C[C@H](CN)O[Si](C)(C)C(C)(C)C
ord-a1449f92bd2f4287a8b4f60d1e409d2f,aryl halide,REACTANT,SMILES,C1=CC=C(C=C1)COC2=C(C=C(C=C2)Br)F
ord-a1449f92bd2f4287a8b4f60d1e409d2f,metal and ligand,CATALYST,SMILES,CC(C)C1=CC(=C(C(=C1)C(C)C)C2=CC=CC=C2P(C3CCCCC3)C4CCCCC4)C(C)C
ord-a1449f92bd2f4287a8b4f60d1e409d2f,metal and ligand,CATALYST,SMILES,CC(=O)O.CC(=O)O.[Pd]
ord-a1449f92bd2f4287a8b4f60d1e409d2f,metal and ligand,CATALYST,SMILES,CC(C)C1=CC(=C(C(=C1)C(C)C)C2=CC=CC=C2P(C3CCCCC3)C4CCCCC4)C(C)C
ord-a1449f92bd2f4287a8b4f60d1e409d2f,metal and ligand,CATALYST,SMILES,CC(=O)O.CC(=O)O.[Pd]
ord-0601bc9f7aa7425cb05cd1af50678356,Base,REAGENT,SMILES,C(=O)([O-])[O-].[Cs+].[Cs+]
ord-0601bc9f7aa7425cb05cd1af50678356,Solvent,SOLVENT,SMILES,CC1=CC=CC=C1
ord-0601bc9f7aa7425cb05cd1af50678356,amine,REACTANT,SMILES,C[C@H](CN)O[Si](C)(C)C(C)(C)C
ord-0601bc9f7aa7425cb05cd1af50678356,aryl halide,REACTANT,SMILES,C1=CC=C(C=C1)COC2=C(C=C(C=C2)Br)F
ord-0601bc9f7aa7425cb05cd1af50678356,metal and ligand,CATALYST,SMILES,CC(C)C1=CC(=C(C(=C1)C(C)C)C2=CC=CC=C2P(C3CCCCC3)C4CCCCC4)C(C)C
ord-0601bc9f7aa7425cb05cd1af50678356,metal and ligand,CATALYST,SMILES,CC(=O)O.CC(=O)O.[Pd]
ord-0601bc9f7aa7425cb05cd1af50678356,metal and ligand,CATALYST,SMILES,CC(C)C1=CC(=C(C(=C1)C(C)C)C2=CC=CC=C2P(C3CCCCC3)C4CCCCC4)C(C)C
ord-0601bc9f7aa7425cb05cd1af50678356,metal and ligand,CATALYST,SMILES,CC(=O)O.CC(=O)O.[Pd]
ord-1df10534bfeb467c9df72e530f4b3ab2,Base,REAGENT,SMILES,C(=O)([O-])[O-].[Cs+].[Cs+]
ord-1df10534bfeb467c9df72e530f4b3ab2,Solvent,SOLVENT,SMILES,C1COCCO1
ord-1df10534bfeb467c9df72e530f4b3ab2,amine,REACTANT,SMILES,C[C@H](CN)O[Si](C)(C)C(C)(C)C
ord-1df10534bfeb467c9df72e530f4b3ab2,aryl halide,REACTANT,SMILES,C1=CC=C(C=C1)COC2=C(C=C(C=C2)Br)F
ord-1df10534bfeb467c9df72e530f4b3ab2,metal and ligand,CATALYST,SMILES,CC(C)C1=CC(=C(C(=C1)C(C)C)C2=CC=CC=C2P(C3CCCCC3)C4CCCCC4)C(C)C
ord-1df10534bfeb467c9df72e530f4b3ab2,metal and ligand,CATALYST,SMILES,CC(=O)O.CC(=O)O.[Pd]
ord-1df10534bfeb467c9df72e530f4b3ab2,metal and ligand,CATALYST,SMILES,CC(C)C1=CC(=C(C(=C1)C(C)C)C2=CC=CC=C2P(C3CCCCC3)C4CCCCC4)C(C)C
ord-1df10534bfeb467c9df72e530f4b3ab2,metal and ligand,CATALYST,SMILES,CC(=O)O.CC(=O)O.[Pd]
ord-13647a5d8826486e986a33a5850b535a,Base,REAGENT,SMILES,C(=O)([O-])[O-].[Cs+].[Cs+]
ord-13647a5d8826486e986a33a5850b535a,Solvent,SOLVENT,SMILES,CC1=CC=CC=C1
ord-13647a5d8826486e986a33a5850b535a,amine,REACTANT,SMILES,C[C@H](CN)O[Si](C)(C)C(C)(C)C
ord-13647a5d8826486e986a33a5850b535a,aryl halide,REACTANT,SMILES,C1=CC=C(C=C1)COC2=C(C=C(C=C2)Br)F
ord-13647a5d8826486e986a33a5850b535a,metal and ligand,CATALYST,SMILES,CC(C)C1=CC(=C(C(=C1)C(C)C)C2=CC=CC=C2P(C3CCCCC3)C4CCCCC4)C(C)C
ord-13647a5d8826486e986a33a5850b535a,metal and ligand,CATALYST,SMILES,CC(=O)O.CC(=O)O.[Pd]
ord-13647a5d8826486e986a33a5850b535a,metal and ligand,CATALYST,SMILES,CC(C)C1=CC(=C(C(=C1)C(C)C)C2=CC=CC=C2P(C3CCCCC3)C4CCCCC4)C(C)C
ord-13647a5d8826486e986a33a5850b535a,metal and ligand,CATALYST,SMILES,CC(=O)O.CC(=O)O.[Pd]
ord-e216d528807c48f991f68bcf4d0ec14d,Base,REAGENT,SMILES,C(=O)([O-])[O-].[Cs+].[Cs+]
ord-e216d528807c48f991f68bcf4d0ec14d,Solvent,SOLVENT,SMILES,CC1=CC=CC=C1
ord-e216d528807c48f991f68bcf4d0ec14d,amine,REACTANT,SMILES,C[C@H](CN)O[Si](C)(C)C(C)(C)C
ord-e216d528807c48f991f68bcf4d0ec14d,aryl halide,REACTANT,SMILES,C1=CC=C(C=C1)COC2=C(C=C(C=C2)Br)F
ord-e216d528807c48f991f68bcf4d0ec14d,metal and ligand,CATALYST,SMILES,CC(C)C1=CC(=C(C(=C1)C(C)C)C2=CC=CC=C2P(C3CCCCC3)C4CCCCC4)C(C)C
ord-e216d528807c48f991f68bcf4d0ec14d,metal and ligand,CATALYST,SMILES,CC(=O)O.CC(=O)O.[Pd]
ord-e216d528807c48f991f68bcf4d0ec14d,metal and ligand,CATALYST,SMILES,CC(C)C1=CC(=C(C(=C1)C(C)C)C2=CC=CC=C2P(C3CCCCC3)C4CCCCC4)C(C)C
ord-e216d528807c48f991f68bcf4d0ec14d,metal and ligand,CATALYST,SMILES,CC(=O)O.CC(=O)O.[Pd]
ord-3b6fe99cd0a6495daf0c56d94f8acbcc,Base,REAGENT,SMILES,C(=O)([O-])[O-].[Cs+].[Cs+]
ord-3b6fe99cd0a6495daf0c56d94f8acbcc,Solvent,SOLVENT,SMILES,CC1=CC=CC=C1
ord-3b6fe99cd0a6495daf0c56d94f8acbcc,amine,REACTANT,SMILES,C[C@H](CN)O[Si](C)(C)C(C)(C)C
ord-3b6fe99cd0a6495daf0c56d94f8acbcc,aryl halide,REACTANT,SMILES,C1=CC=C(C=C1)COC2=C(C=C(C=C2)Br)F
ord-3b6fe99cd0a6495daf0c56d94f8acbcc,metal and ligand,CATALYST,SMILES,CC(C)C1=CC(=C(C(=C1)C(C)C)C2=CC=CC=C2P(C3CCCCC3)C4CCCCC4)C(C)C
ord-3b6fe99cd0a6495daf0c56d94f8acbcc,metal and ligand,CATALYST,SMILES,CC(=O)O.CC(=O)O.[Pd]
ord-3b6fe99cd0a6495daf0c56d94f8acbcc,metal and ligand,CATALYST,SMILES,CC(C)C1=CC(=C(C(=C1)C(C)C)C2=CC=CC=C2P(C3CCCCC3)C4CCCCC4)C(C)C
ord-3b6fe99cd0a6495daf0c56d94f8acbcc,metal and ligand,CATALYST,SMILES,CC(=O)O.CC(=O)O.[Pd]
ord-611f7690ba1449b3a297ce2aee3500c7,Base,REAGENT,SMILES,C(=O)([O-])[O-].[Cs+].[Cs+]
ord-611f7690ba1449b3a297ce2aee3500c7,Solvent,SOLVENT,SMILES,CC1=CC=CC=C1
ord-611f7690ba1449b3a297ce2aee3500c7,amine,REACTANT,SMILES,C[C@H](CN)O[Si](C)(C)C(C)(C)C
ord-611f7690ba1449b3a297ce2aee3500c7,aryl halide,REACTANT,SMILES,C1=CC=C(C=C1)COC2=C(C=C(C=C2)Br)F
ord-611f7690ba1449b3a297ce2aee3500c7,metal and ligand,CATALYST,SMILES,CC(C)C1=CC(=C(C(=C1)C(C)C)C2=CC=CC=C2P(C3CCCCC3)C4CCCCC4)C(C)C
ord-611f7690ba1449b3a297ce2aee3500c7,metal and ligand,CATALYST,SMILES,CC(=O)O.CC(=O)O.[Pd]
ord-611f7690ba1449b3a297ce2aee3500c7,metal and ligand,CATALYST,SMILES,CC(C)C1=CC(=C(C(=C1)C(C)C)C2=CC=CC=C2P(C3CCCCC3)C4CCCCC4)C(C)C
ord-611f7690ba1449b3a297ce2aee3500c7,metal and ligand,CATALYST,SMILES,CC(=O)O.CC(=O)O.[Pd]
ord-096c3c09227841d997327413bc9951b7,Base,REAGENT,SMILES,C(=O)([O-])[O-].[Cs+].[Cs+]
ord-096c3c09227841d997327413bc9951b7,Solvent,SOLVENT,SMILES,CC1=CC=CC=C1
ord-096c3c09227841d997327413bc9951b7,amine,REACTANT,SMILES,C[C@H](CN)O[Si](C)(C)C(C)(C)C
ord-096c3c09227841d997327413bc9951b7,aryl halide,REACTANT,SMILES,C1=CC=C(C=C1)COC2=C(C=C(C=C2)Br)F
ord-096c3c09227841d997327413bc9951b7,metal and ligand,CATALYST,SMILES,CC(C)C1=CC(=C(C(=C1)C(C)C)C2=CC=CC=C2P(C3CCCCC3)C4CCCCC4)C(C)C
ord-096c3c09227841d997327413bc9951b7,metal and ligand,CATALYST,SMILES,CC(=O)O.CC(=O)O.[Pd]
ord-096c3c09227841d997327413bc9951b7,metal and ligand,CATALYST,SMILES,CC(C)C1=CC(=C(C(=C1)C(C)C)C2=CC=CC=C2P(C3CCCCC3)C4CCCCC4)C(C)C
ord-096c3c09227841d997327413bc9951b7,metal and ligand,CATALYST,SMILES,CC(=O)O.CC(=O)O.[Pd]
ord-5baedbe69f7740f6b5f0fde32453a3b3,Base,REAGENT,SMILES,C(=O)([O-])[O-].[Cs+].[Cs+]
ord-5baedbe69f7740f6b5f0fde32453a3b3,Solvent,SOLVENT,SMILES,CC1=CC=CC=C1
ord-5baedbe69f7740f6b5f0fde32453a3b3,amine,REACTANT,SMILES,C[C@H](CN)O[Si](C)(C)C(C)(C)C
ord-5baedbe69f7740f6b5f0fde32453a3b3,aryl halide,REACTANT,SMILES,C1=CC=C(C=C1)COC2=C(C=C(C=C2)Br)F
ord-5baedbe69f7740f6b5f0fde32453a3b3,metal and ligand,CATALYST,SMILES,CC(C)C1=CC(=C(C(=C1)C(C)C)C2=CC=CC=C2P(C3CCCCC3)C4CCCCC4)C(C)C
ord-5baedbe69f7740f6b5f0fde32453a3b3,metal and ligand,CATALYST,SMILES,CC(=O)O.CC(=O)O.[Pd]
ord-5baedbe69f7740f6b5f0fde32453a3b3,metal and ligand,CATALYST,SMILES,CC(C)C1=CC(=C(C(=C1)C(C)C)C2=CC=CC=C2P(C3CCCCC3)C4CCCCC4)C(C)C
ord-5baedbe69f7740f6b5f0fde32453a3b3,metal and ligand,CATALYST,SMILES,CC(=O)O.CC(=O)O.[Pd]
ord-e7f2690304e449cfaae6138b77013850,Base,REAGENT,SMILES,C(=O)([O-])[O-].[Cs+].[Cs+]
ord-e7f2690304e449cfaae6138b77013850,Solvent,SOLVENT,SMILES,CC1=CC=CC=C1
ord-e7f2690304e449cfaae6138b77013850,amine,REACTANT,SMILES,C[C@H](CN)O[Si](C)(C)C(C)(C)C
ord-e7f2690304e449cfaae6138b77013850,aryl halide,REACTANT,SMILES,C1=CC=C(C=C1)COC2=C(C=C(C=C2)Br)F
ord-e7f2690304e449cfaae6138b77013850,metal and ligand,CATALYST,SMILES,CC(C)C1=CC(=C(C(=C1)C(C)C)C2=CC=CC=C2P(C3CCCCC3)C4CCCCC4)C(C)C
ord-e7f2690304e449cfaae6138b77013850,metal and ligand,CATALYST,SMILES,CC(=O)O.CC(=O)O.[Pd]
ord-e7f2690304e449cfaae6138b77013850,metal and ligand,CATALYST,SMILES,CC(C)C1=CC(=C(C(=C1)C(C)C)C2=CC=CC=C2P(C3CCCCC3)C4CCCCC4)C(C)C
ord-e7f2690304e449cfaae6138b77013850,metal and ligand,CATALYST,SMILES,CC(=O)O.CC(=O)O.[Pd]
ord-507c2159372a46eb8fb0f4b142612613,Base,REAGENT,SMILES,C(=O)([O-])[O-].[Cs+].[Cs+]
ord-507c2159372a46eb8fb0f4b142612613,Solvent,SOLVENT,SMILES,CC1=CC=CC=C1
ord-507c2159372a46eb8fb0f4b142612613,amine,REACTANT,SMILES,C[C@H](CN)O[Si](C)(C)C(C)(C)C
ord-507c2159372a46eb8fb0f4b142612613,aryl halide,REACTANT,SMILES,C1=CC=C(C=C1)COC2=CC=C(C=C2)Br
ord-507c2159372a46eb8fb0f4b142612613,metal and ligand,CATALYST,SMILES,CC(C)C1=CC(=C(C(=C1)C(C)C)C2=CC=CC=C2P(C3CCCCC3)C4CCCCC4)C(C)C
ord-507c2159372a46eb8fb0f4b142612613,metal and ligand,CATALYST,SMILES,CC(=O)O.CC(=O)O.[Pd]
ord-507c2159372a46eb8fb0f4b142612613,metal and ligand,CATALYST,SMILES,CC(C)C1=CC(=C(C(=C1)C(C)C)C2=CC=CC=C2P(C3CCCCC3)C4CCCCC4)C(C)C
ord-507c2159372a46eb8fb0f4b142612613,metal and ligand,CATALYST,SMILES,CC(=O)O.CC(=O)O.[Pd]
ord-d683d9b583de441b8565719233e1bd75,Base,REAGENT,SMILES,C(=O)([O-])[O-].[Cs+].[Cs+]
ord-d683d9b583de441b8565719233e1bd75,Solvent,SOLVENT,SMILES,CC1=CC=CC=C1
ord-d683d9b583de441b8565719233e1bd75,amine,REACTANT,SMILES,C[C@H](CN)O[Si](C)(C)C(C)(C)C
ord-d683d9b583de441b8565719233e1bd75,aryl halide,REACTANT,SMILES,C1=CC=C(C=C1)COC2=CC=C(C=C2)Br
ord-d683d9b583de441b8565719233e1bd75,metal and ligand,CATALYST,SMILES,CC(C)C1=CC(=C(C(=C1)C(C)C)C2=CC=CC=C2P(C3CCCCC3)C4CCCCC4)C(C)C
ord-d683d9b583de441b8565719233e1bd75,metal and ligand,CATALYST,SMILES,CC(=O)O.CC(=O)O.[Pd]
ord-d683d9b583de441b8565719233e1bd75,metal and ligand,CATALYST,SMILES,CC(C)C1=CC(=C(C(=C1)C(C)C)C2=CC=CC=C2P(C3CCCCC3)C4CCCCC4)C(C)C
ord-d683d9b583de441b8565719233e1bd75,metal and ligand,CATALYST,SMILES,CC(=O)O.CC(=O)O.[Pd]
ord-debb5d422e4240d09a376a4606e5e57f,Base,REAGENT,SMILES,C(=O)([O-])[O-].[Cs+].[Cs+]
ord-debb5d422e4240d09a376a4606e5e57f,Solvent,SOLVENT,SMILES,C1COCCO1
ord-debb5d422e4240d09a376a4606e5e57f,amine,REACTANT,SMILES,C1=C(N=C(O1)N)C(F)(F)F
ord-debb5d422e4240d09a376a4606e5e57f,aryl halide,REACTANT,SMILES,C1=CN=C(C=C1Cl)Cl
ord-debb5d422e4240d09a376a4606e5e57f,metal and ligand,CATALYST,SMILES,CC1(C2=C(C(=CC=C2)P(C3=CC=CC=C3)C4=CC=CC=C4)OC5=C1C=CC=C5P(C6=CC=CC=C6)C7=CC=CC=C7)C
ord-debb5d422e4240d09a376a4606e5e57f,metal and ligand,CATALYST,SMILES,C1=CC=C(C=C1)/C=C/C(=O)/C=C/C2=CC=CC=C2.C1=CC=C(C=C1)/C=C/C(=O)/C=C/C2=CC=CC=C2.C1=CC=C(C=C1)/C=C/C(=O)/C=C/C2=CC=CC=C2.[Pd].[Pd]
ord-debb5d422e4240d09a376a4606e5e57f,metal and ligand,CATALYST,SMILES,CC1(C2=C(C(=CC=C2)P(C3=CC=CC=C3)C4=CC=CC=C4)OC5=C1C=CC=C5P(C6=CC=CC=C6)C7=CC=CC=C7)C
ord-debb5d422e4240d09a376a4606e5e57f,metal and ligand,CATALYST,SMILES,C1=CC=C(C=C1)/C=C/C(=O)/C=C/C2=CC=CC=C2.C1=CC=C(C=C1)/C=C/C(=O)/C=C/C2=CC=CC=C2.C1=CC=C(C=C1)/C=C/C(=O)/C=C/C2=CC=CC=C2.[Pd].[Pd]
ord-cc7dfeae12f6444baf8a8a863fd60e2b,Base,REAGENT,SMILES,CC(C)(C)[O-].[Na+]
ord-cc7dfeae12f6444baf8a8a863fd60e2b,Solvent,SOLVENT,SMILES,CC1=CC=CC=C1
ord-cc7dfeae12f6444baf8a8a863fd60e2b,amine,REACTANT,SMILES,C1CNC(=O)CN1
ord-cc7dfeae12f6444baf8a8a863fd60e2b,aryl halide,REACTANT,SMILES,C1=CC(=CC=C1F)Br
ord-cc7dfeae12f6444baf8a8a863fd60e2b,metal and ligand,CATALYST,SMILES,CC1(C2=C(C(=CC=C2)P(C3=CC=CC=C3)C4=CC=CC=C4)OC5=C1C=CC=C5P(C6=CC=CC=C6)C7=CC=CC=C7)C
ord-cc7dfeae12f6444baf8a8a863fd60e2b,metal and ligand,CATALYST,SMILES,CC(=O)O.CC(=O)O.[Pd]
ord-cc7dfeae12f6444baf8a8a863fd60e2b,metal and ligand,CATALYST,SMILES,CC1(C2=C(C(=CC=C2)P(C3=CC=CC=C3)C4=CC=CC=C4)OC5=C1C=CC=C5P(C6=CC=CC=C6)C7=CC=CC=C7)C
ord-cc7dfeae12f6444baf8a8a863fd60e2b,metal and ligand,CATALYST,SMILES,CC(=O)O.CC(=O)O.[Pd]
ord-1f028ee237f04c2e9096e33f82aadddf,Base,REAGENT,SMILES,CC(C)(C)[O-].[Na+]
ord-1f028ee237f04c2e9096e33f82aadddf,Solvent,SOLVENT,SMILES,CC1=CC=CC=C1
ord-1f028ee237f04c2e9096e33f82aadddf,amine,REACTANT,SMILES,C1CNC(=O)CN1
ord-1f028ee237f04c2e9096e33f82aadddf,aryl halide,REACTANT,SMILES,C1=CC(=CC=C1F)Br
ord-1f028ee237f04c2e9096e33f82aadddf,metal and ligand,CATALYST,SMILES,CC1(C2=C(C(=CC=C2)P(C3=CC=CC=C3)C4=CC=CC=C4)OC5=C1C=CC=C5P(C6=CC=CC=C6)C7=CC=CC=C7)C
ord-1f028ee237f04c2e9096e33f82aadddf,metal and ligand,CATALYST,SMILES,CC(=O)O.CC(=O)O.[Pd]
ord-1f028ee237f04c2e9096e33f82aadddf,metal and ligand,CATALYST,SMILES,CC1(C2=C(C(=CC=C2)P(C3=CC=CC=C3)C4=CC=CC=C4)OC5=C1C=CC=C5P(C6=CC=CC=C6)C7=CC=CC=C7)C
ord-1f028ee237f04c2e9096e33f82aadddf,metal and ligand,CATALYST,SMILES,CC(=O)O.CC(=O)O.[Pd]
ord-8809d217cb404d41bb5809dd5f95b269,Base,REAGENT,SMILES,CC(C)(C)[O-].[Na+]
ord-8809d217cb404d41bb5809dd5f95b269,Solvent,SOLVENT,SMILES,CC1=CC=CC=C1
ord-8809d217cb404d41bb5809dd5f95b269,amine,REACTANT,SMILES,C1CN(CCN1)CC2=CC=CC=C2
ord-8809d217cb404d41bb5809dd5f95b269,aryl halide,REACTANT,SMILES,C1=CC(=CC=C1F)Br
ord-8809d217cb404d41bb5809dd5f95b269,metal and ligand,CATALYST,SMILES,CC1(C2=C(C(=CC=C2)P(C3=CC=CC=C3)C4=CC=CC=C4)OC5=C1C=CC=C5P(C6=CC=CC=C6)C7=CC=CC=C7)C
ord-8809d217cb404d41bb5809dd5f95b269,metal and ligand,CATALYST,SMILES,CC(=O)O.CC(=O)O.[Pd]
ord-8809d217cb404d41bb5809dd5f95b269,metal and ligand,CATALYST,SMILES,CC1(C2=C(C(=CC=C2)P(C3=CC=CC=C3)C4=CC=CC=C4)OC5=C1C=CC=C5P(C6=CC=CC=C6)C7=CC=CC=C7)C
ord-8809d217cb404d41bb5809dd5f95b269,metal and ligand,CATALYST,SMILES,CC(=O)O.CC(=O)O.[Pd]
ord-f55732d796df4a6bad136ec929c58223,Base,REAGENT,SMILES,C(=O)([O-])[O-].[Cs+].[Cs+]
ord-f55732d796df4a6bad136ec929c58223,amine,REACTANT,SMILES,CN1C=C(C=N1)C2=C(N=C(C=C2)N)OC
ord-f55732d796df4a6bad136ec929c58223,aryl halide,REACTANT,SMILES,CN1C[C@H](OC2=C(C1)C=CC(=N2)Cl)C3=CC=CC=C3
ord-f55732d796df4a6bad136ec929c58223,metal and ligand,CATALYST,SMILES,CC(C)(C)P(C(C)(C)C)C(C)(C)C
ord-f55732d796df4a6bad136ec929c58223,metal and ligand,CATALYST,SMILES,C1=CC=C(C=C1)/C=C/C(=O)/C=C/C2=CC=CC=C2.C1=CC=C(C=C1)/C=C/C(=O)/C=C/C2=CC=CC=C2.C1=CC=C(C=C1)/C=C/C(=O)/C=C/C2=CC=CC=C2.[Pd].[Pd]
ord-f55732d796df4a6bad136ec929c58223,metal and ligand,CATALYST,SMILES,CC(C)(C)P(C(C)(C)C)C(C)(C)C
ord-f55732d796df4a6bad136ec929c58223,metal and ligand,CATALYST,SMILES,C1=CC=C(C=C1)/C=C/C(=O)/C=C/C2=CC=CC=C2.C1=CC=C(C=C1)/C=C/C(=O)/C=C/C2=CC=CC=C2.C1=CC=C(C=C1)/C=C/C(=O)/C=C/C2=CC=CC=C2.[Pd].[Pd]
ord-ab90c7bf1414400583ffe823e3ef21b5,Base,REAGENT,SMILES,C(=O)([O-])[O-].[K+].[K+]
ord-ab90c7bf1414400583ffe823e3ef21b5,Solvent,SOLVENT,SMILES,COC1=CC=CC=C1
ord-ab90c7bf1414400583ffe823e3ef21b5,amine,REACTANT,SMILES,CCOC(=O)C1=CN=C(O1)N
ord-ab90c7bf1414400583ffe823e3ef21b5,aryl halide,REACTANT,SMILES,C1=CN=C(C=C1Cl)Cl
ord-ab90c7bf1414400583ffe823e3ef21b5,metal and ligand,CATALYST,SMILES,CC1(C2=C(C(=CC=C2)P(C3=CC=CC=C3)C4=CC=CC=C4)OC5=C1C=CC=C5P(C6=CC=CC=C6)C7=CC=CC=C7)C
ord-ab90c7bf1414400583ffe823e3ef21b5,metal and ligand,CATALYST,SMILES,C1=CC=C(C=C1)/C=C/C(=O)/C=C/C2=CC=CC=C2.C1=CC=C(C=C1)/C=C/C(=O)/C=C/C2=CC=CC=C2.C1=CC=C(C=C1)/C=C/C(=O)/C=C/C2=CC=CC=C2.[Pd].[Pd]
ord-ab90c7bf1414400583ffe823e3ef21b5,metal and ligand,CATALYST,SMILES,CC1(C2=C(C(=CC=C2)P(C3=CC=CC=C3)C4=CC=CC=C4)OC5=C1C=CC=C5P(C6=CC=CC=C6)C7=CC=CC=C7)C
ord-ab90c7bf1414400583ffe823e3ef21b5,metal and ligand,CATALYST,SMILES,C1=CC=C(C=C1)/C=C/C(=O)/C=C/C2=CC=CC=C2.C1=CC=C(C=C1)/C=C/C(=O)/C=C/C2=CC=CC=C2.C1=CC=C(C=C1)/C=C/C(=O)/C=C/C2=CC=CC=C2.[Pd].[Pd]
ord-ea8e215424fc4a3cbe2138b915565d9a,Base,REAGENT,SMILES,C(=O)([O-])[O-].[K+].[K+]
ord-ea8e215424fc4a3cbe2138b915565d9a,Solvent,SOLVENT,SMILES,COC1=CC=CC=C1
ord-ea8e215424fc4a3cbe2138b915565d9a,amine,REACTANT,SMILES,CCOC(=O)C1=CN=C(O1)N
ord-ea8e215424fc4a3cbe2138b915565d9a,aryl halide,REACTANT,SMILES,C1=CN=C(C=C1Cl)Cl
ord-ea8e215424fc4a3cbe2138b915565d9a,metal and ligand,CATALYST,SMILES,CC1(C2=C(C(=CC=C2)P(C3=CC=CC=C3)C4=CC=CC=C4)OC5=C1C=CC=C5P(C6=CC=CC=C6)C7=CC=CC=C7)C
ord-ea8e215424fc4a3cbe2138b915565d9a,metal and ligand,CATALYST,SMILES,C1=CC=C(C=C1)/C=C/C(=O)/C=C/C2=CC=CC=C2.C1=CC=C(C=C1)/C=C/C(=O)/C=C/C2=CC=CC=C2.C1=CC=C(C=C1)/C=C/C(=O)/C=C/C2=CC=CC=C2.[Pd].[Pd]
ord-ea8e215424fc4a3cbe2138b915565d9a,metal and ligand,CATALYST,SMILES,CC1(C2=C(C(=CC=C2)P(C3=CC=CC=C3)C4=CC=CC=C4)OC5=C1C=CC=C5P(C6=CC=CC=C6)C7=CC=CC=C7)C
ord-ea8e215424fc4a3cbe2138b915565d9a,metal and ligand,CATALYST,SMILES,C1=CC=C(C=C1)/C=C/C(=O)/C=C/C2=CC=CC=C2.C1=CC=C(C=C1)/C=C/C(=O)/C=C/C2=CC=CC=C2.C1=CC=C(C=C1)/C=C/C(=O)/C=C/C2=CC=CC=C2.[Pd].[Pd]
ord-9c70bda080d74777b8199520e4c33326,Base,REAGENT,SMILES,C(=O)([O-])[O-].[Cs+].[Cs+]
ord-9c70bda080d74777b8199520e4c33326,Solvent,SOLVENT,SMILES,C1COCCO1
ord-9c70bda080d74777b8199520e4c33326,amine,REACTANT,SMILES,CCOC(=O)C1=CN=C(O1)N
ord-9c70bda080d74777b8199520e4c33326,aryl halide,REACTANT,SMILES,C1=CN=C(C=C1Cl)Cl
ord-9c70bda080d74777b8199520e4c33326,metal and ligand,CATALYST,SMILES,CC1(C2=C(C(=CC=C2)P(C3=CC=CC=C3)C4=CC=CC=C4)OC5=C1C=CC=C5P(C6=CC=CC=C6)C7=CC=CC=C7)C
ord-9c70bda080d74777b8199520e4c33326,metal and ligand,CATALYST,SMILES,C1=CC=C(C=C1)/C=C/C(=O)/C=C/C2=CC=CC=C2.C1=CC=C(C=C1)/C=C/C(=O)/C=C/C2=CC=CC=C2.C1=CC=C(C=C1)/C=C/C(=O)/C=C/C2=CC=CC=C2.[Pd].[Pd]
ord-9c70bda080d74777b8199520e4c33326,metal and ligand,CATALYST,SMILES,CC1(C2=C(C(=CC=C2)P(C3=CC=CC=C3)C4=CC=CC=C4)OC5=C1C=CC=C5P(C6=CC=CC=C6)C7=CC=CC=C7)C
ord-9c70bda080d74777b8199520e4c33326,metal and ligand,CATALYST,SMILES,C1=CC=C(C=C1)/C=C/C(=O)/C=C/C2=CC=CC=C2.C1=CC=C(C=C1)/C=C/C(=O)/C=C/C2=CC=CC=C2.C1=CC=C(C=C1)/C=C/C(=O)/C=C/C2=CC=CC=C2.[Pd].[Pd]
ord-5d8d88656735435b992c60c9f2e9cc2e,Base,REAGENT,SMILES,C(=O)([O-])[O-].[Cs+].[Cs+]
ord-5d8d88656735435b992c60c9f2e9cc2e,Solvent,SOLVENT,SMILES,C1COCCO1
ord-5d8d88656735435b992c60c9f2e9cc2e,amine,REACTANT,SMILES,CCOC(=O)C1=CN=C(O1)N
ord-5d8d88656735435b992c60c9f2e9cc2e,aryl halide,REACTANT,SMILES,C1=CN=C(C=C1Cl)Cl
ord-5d8d88656735435b992c60c9f2e9cc2e,metal and ligand,CATALYST,SMILES,CC1(C2=C(C(=CC=C2)P(C3=CC=CC=C3)C4=CC=CC=C4)OC5=C1C=CC=C5P(C6=CC=CC=C6)C7=CC=CC=C7)C
ord-5d8d88656735435b992c60c9f2e9cc2e,metal and ligand,CATALYST,SMILES,C1=CC=C(C=C1)/C=C/C(=O)/C=C/C2=CC=CC=C2.C1=CC=C(C=C1)/C=C/C(=O)/C=C/C2=CC=CC=C2.C1=CC=C(C=C1)/C=C/C(=O)/C=C/C2=CC=CC=C2.[Pd].[Pd]
ord-5d8d88656735435b992c60c9f2e9cc2e,metal and ligand,CATALYST,SMILES,CC1(C2=C(C(=CC=C2)P(C3=CC=CC=C3)C4=CC=CC=C4)OC5=C1C=CC=C5P(C6=CC=CC=C6)C7=CC=CC=C7)C
ord-5d8d88656735435b992c60c9f2e9cc2e,metal and ligand,CATALYST,SMILES,C1=CC=C(C=C1)/C=C/C(=O)/C=C/C2=CC=CC=C2.C1=CC=C(C=C1)/C=C/C(=O)/C=C/C2=CC=CC=C2.C1=CC=C(C=C1)/C=C/C(=O)/C=C/C2=CC=CC=C2.[Pd].[Pd]
ord-1a79f6eb953447079285f217f58a9d53,Base,REAGENT,SMILES,C(=O)([O-])[O-].[Cs+].[Cs+]
ord-1a79f6eb953447079285f217f58a9d53,Solvent,SOLVENT,SMILES,C1COCCO1
ord-1a79f6eb953447079285f217f58a9d53,amine,REACTANT,SMILES,CCOC(=O)C1=CN=C(O1)N
ord-1a79f6eb953447079285f217f58a9d53,aryl halide,REACTANT,SMILES,C1=CN=C(C=C1Cl)Cl
ord-1a79f6eb953447079285f217f58a9d53,metal and ligand,CATALYST,SMILES,CC1(C2=C(C(=CC=C2)P(C3=CC=CC=C3)C4=CC=CC=C4)OC5=C1C=CC=C5P(C6=CC=CC=C6)C7=CC=CC=C7)C
ord-1a79f6eb953447079285f217f58a9d53,metal and ligand,CATALYST,SMILES,C1=CC=C(C=C1)/C=C/C(=O)/C=C/C2=CC=CC=C2.C1=CC=C(C=C1)/C=C/C(=O)/C=C/C2=CC=CC=C2.C1=CC=C(C=C1)/C=C/C(=O)/C=C/C2=CC=CC=C2.[Pd].[Pd]
ord-1a79f6eb953447079285f217f58a9d53,metal and ligand,CATALYST,SMILES,CC1(C2=C(C(=CC=C2)P(C3=CC=CC=C3)C4=CC=CC=C4)OC5=C1C=CC=C5P(C6=CC=CC=C6)C7=CC=CC=C7)C
ord-1a79f6eb953447079285f217f58a9d53,metal and ligand,CATALYST,SMILES,C1=CC=C(C=C1)/C=C/C(=O)/C=C/C2=CC=CC=C2.C1=CC=C(C=C1)/C=C/C(=O)/C=C/C2=CC=CC=C2.C1=CC=C(C=C1)/C=C/C(=O)/C=C/C2=CC=CC=C2.[Pd].[Pd]
ord-e464c7497c0f42409f807567be2bf47a,Base,REAGENT,SMILES,C(=O)([O-])[O-].[Cs+].[Cs+]
ord-e464c7497c0f42409f807567be2bf47a,Solvent,SOLVENT,SMILES,C1COCCO1
ord-e464c7497c0f42409f807567be2bf47a,amine,REACTANT,SMILES,CCOC(=O)C1=CN=C(O1)N
ord-e464c7497c0f42409f807567be2bf47a,aryl halide,REACTANT,SMILES,C1=CN=C(C=C1Cl)Cl
ord-e464c7497c0f42409f807567be2bf47a,metal and ligand,CATALYST,SMILES,CC1(C2=C(C(=CC=C2)P(C3=CC=CC=C3)C4=CC=CC=C4)OC5=C1C=CC=C5P(C6=CC=CC=C6)C7=CC=CC=C7)C
ord-e464c7497c0f42409f807567be2bf47a,metal and ligand,CATALYST,SMILES,C1=CC=C(C=C1)/C=C/C(=O)/C=C/C2=CC=CC=C2.C1=CC=C(C=C1)/C=C/C(=O)/C=C/C2=CC=CC=C2.C1=CC=C(C=C1)/C=C/C(=O)/C=C/C2=CC=CC=C2.[Pd].[Pd]
ord-e464c7497c0f42409f807567be2bf47a,metal and ligand,CATALYST,SMILES,CC1(C2=C(C(=CC=C2)P(C3=CC=CC=C3)C4=CC=CC=C4)OC5=C1C=CC=C5P(C6=CC=CC=C6)C7=CC=CC=C7)C
ord-e464c7497c0f42409f807567be2bf47a,metal and ligand,CATALYST,SMILES,C1=CC=C(C=C1)/C=C/C(=O)/C=C/C2=CC=CC=C2.C1=CC=C(C=C1)/C=C/C(=O)/C=C/C2=CC=CC=C2.C1=CC=C(C=C1)/C=C/C(=O)/C=C/C2=CC=CC=C2.[Pd].[Pd]
ord-0fa704c187644f658d22f391e350db77,Base,REAGENT,SMILES,C(=O)([O-])[O-].[Cs+].[Cs+]
ord-0fa704c187644f658d22f391e350db77,Solvent,SOLVENT,SMILES,C1COCCO1
ord-0fa704c187644f658d22f391e350db77,amine,REACTANT,SMILES,CCOC(=O)C1=CN=C(O1)N
ord-0fa704c187644f658d22f391e350db77,aryl halide,REACTANT,SMILES,C1=CN=C(C=C1Cl)Cl
ord-0fa704c187644f658d22f391e350db77,metal and ligand,CATALYST,SMILES,CC(C)C1=CC(=C(C(=C1)C(C)C)C2=CC=CC=C2P(C(C)(C)C)C(C)(C)C)C(C)C
ord-0fa704c187644f658d22f391e350db77,metal and ligand,CATALYST,SMILES,C1=CC=C(C=C1)/C=C/C(=O)/C=C/C2=CC=CC=C2.C1=CC=C(C=C1)/C=C/C(=O)/C=C/C2=CC=CC=C2.C1=CC=C(C=C1)/C=C/C(=O)/C=C/C2=CC=CC=C2.[Pd].[Pd]
ord-0fa704c187644f658d22f391e350db77,metal and ligand,CATALYST,SMILES,CC(C)C1=CC(=C(C(=C1)C(C)C)C2=CC=CC=C2P(C(C)(C)C)C(C)(C)C)C(C)C
ord-0fa704c187644f658d22f391e350db77,metal and ligand,CATALYST,SMILES,C1=CC=C(C=C1)/C=C/C(=O)/C=C/C2=CC=CC=C2.C1=CC=C(C=C1)/C=C/C(=O)/C=C/C2=CC=CC=C2.C1=CC=C(C=C1)/C=C/C(=O)/C=C/C2=CC=CC=C2.[Pd].[Pd]
ord-81c9dfb0f9224007985242064ea9e33c,Base,REAGENT,SMILES,C(=O)([O-])[O-].[Cs+].[Cs+]
ord-81c9dfb0f9224007985242064ea9e33c,Solvent,SOLVENT,SMILES,C1COCCO1
ord-81c9dfb0f9224007985242064ea9e33c,amine,REACTANT,SMILES,CCOC(=O)C1=CN=C(O1)N
ord-81c9dfb0f9224007985242064ea9e33c,aryl halide,REACTANT,SMILES,C1=CN=C(C=C1Cl)Cl
ord-81c9dfb0f9224007985242064ea9e33c,metal and ligand,CATALYST,SMILES,CC(C)C1=CC(=C(C(=C1)C(C)C)C2=C(C=CC(=C2P(C(C)(C)C)C(C)(C)C)OC)OC)C(C)C
ord-81c9dfb0f9224007985242064ea9e33c,metal and ligand,CATALYST,SMILES,C1=CC=C(C=C1)/C=C/C(=O)/C=C/C2=CC=CC=C2.C1=CC=C(C=C1)/C=C/C(=O)/C=C/C2=CC=CC=C2.C1=CC=C(C=C1)/C=C/C(=O)/C=C/C2=CC=CC=C2.[Pd].[Pd]
ord-81c9dfb0f9224007985242064ea9e33c,metal and ligand,CATALYST,SMILES,CC(C)C1=CC(=C(C(=C1)C(C)C)C2=C(C=CC(=C2P(C(C)(C)C)C(C)(C)C)OC)OC)C(C)C
ord-81c9dfb0f9224007985242064ea9e33c,metal and ligand,CATALYST,SMILES,C1=CC=C(C=C1)/C=C/C(=O)/C=C/C2=CC=CC=C2.C1=CC=C(C=C1)/C=C/C(=O)/C=C/C2=CC=CC=C2.C1=CC=C(C=C1)/C=C/C(=O)/C=C/C2=CC=CC=C2.[Pd].[Pd]
ord-f5babb1245424d42a4fc7bc229425c40,Base,REAGENT,SMILES,C(=O)([O-])[O-].[Cs+].[Cs+]
ord-f5babb1245424d42a4fc7bc229425c40,Solvent,SOLVENT,SMILES,C1COCCO1
ord-f5babb1245424d42a4fc7bc229425c40,amine,REACTANT,SMILES,CCOC(=O)C1=CN=C(O1)N
ord-f5babb1245424d42a4fc7bc229425c40,aryl halide,REACTANT,SMILES,C1=CN=C(C=C1Cl)Cl
ord-f5babb1245424d42a4fc7bc229425c40,metal and ligand,CATALYST,SMILES,CC(C)C1=CC(=C(C(=C1)C(C)C)C2=C(C=CC(=C2P(C3=CC(=CC(=C3)C(F)(F)F)C(F)(F)F)C4=CC(=CC(=C4)C(F)(F)F)C(F)(F)F)OC)OC)C(C)C
ord-f5babb1245424d42a4fc7bc229425c40,metal and ligand,CATALYST,SMILES,C1=CC=C(C=C1)/C=C/C(=O)/C=C/C2=CC=CC=C2.C1=CC=C(C=C1)/C=C/C(=O)/C=C/C2=CC=CC=C2.C1=CC=C(C=C1)/C=C/C(=O)/C=C/C2=CC=CC=C2.[Pd].[Pd]
ord-f5babb1245424d42a4fc7bc229425c40,metal and ligand,CATALYST,SMILES,CC(C)C1=CC(=C(C(=C1)C(C)C)C2=C(C=CC(=C2P(C3=CC(=CC(=C3)C(F)(F)F)C(F)(F)F)C4=CC(=CC(=C4)C(F)(F)F)C(F)(F)F)OC)OC)C(C)C
ord-f5babb1245424d42a4fc7bc229425c40,metal and ligand,CATALYST,SMILES,C1=CC=C(C=C1)/C=C/C(=O)/C=C/C2=CC=CC=C2.C1=CC=C(C=C1)/C=C/C(=O)/C=C/C2=CC=CC=C2.C1=CC=C(C=C1)/C=C/C(=O)/C=C/C2=CC=CC=C2.[Pd].[Pd]
ord-b82571e96a704ae5a3aea3ab951d01e7,Base,REAGENT,SMILES,C(=O)([O-])[O-].[Cs+].[Cs+]
ord-b82571e96a704ae5a3aea3ab951d01e7,Solvent,SOLVENT,SMILES,C1COCCO1
ord-b82571e96a704ae5a3aea3ab951d01e7,amine,REACTANT,SMILES,CCOC(=O)C1=CN=C(O1)N
ord-b82571e96a704ae5a3aea3ab951d01e7,aryl halide,REACTANT,SMILES,C1=CN=C(C=C1Cl)Cl
ord-b82571e96a704ae5a3aea3ab951d01e7,metal and ligand,CATALYST,SMILES,CC1(C2=C(C(=CC=C2)P(C3=CC=CC=C3)C4=CC=CC=C4)OC5=C1C=CC=C5P(C6=CC=CC=C6)C7=CC=CC=C7)C
ord-b82571e96a704ae5a3aea3ab951d01e7,metal and ligand,CATALYST,SMILES,C1=CC=C(C=C1)/C=C/C(=O)/C=C/C2=CC=CC=C2.C1=CC=C(C=C1)/C=C/C(=O)/C=C/C2=CC=CC=C2.C1=CC=C(C=C1)/C=C/C(=O)/C=C/C2=CC=CC=C2.[Pd].[Pd]
ord-b82571e96a704ae5a3aea3ab951d01e7,metal and ligand,CATALYST,SMILES,CC1(C2=C(C(=CC=C2)P(C3=CC=CC=C3)C4=CC=CC=C4)OC5=C1C=CC=C5P(C6=CC=CC=C6)C7=CC=CC=C7)C
ord-b82571e96a704ae5a3aea3ab951d01e7,metal and ligand,CATALYST,SMILES,C1=CC=C(C=C1)/C=C/C(=O)/C=C/C2=CC=CC=C2.C1=CC=C(C=C1)/C=C/C(=O)/C=C/C2=CC=CC=C2.C1=CC=C(C=C1)/C=C/C(=O)/C=C/C2=CC=CC=C2.[Pd].[Pd]
ord-0e2b144c96fd4ac8aced468951db5ce4,Base,REAGENT,SMILES,C(=O)([O-])[O-].[Cs+].[Cs+]
ord-0e2b144c96fd4ac8aced468951db5ce4,Solvent,SOLVENT,SMILES,C1COCCO1
ord-0e2b144c96fd4ac8aced468951db5ce4,amine,REACTANT,SMILES,CCOC(=O)C1=CN=C(O1)N
ord-0e2b144c96fd4ac8aced468951db5ce4,aryl halide,REACTANT,SMILES,C1=CN=C(C=C1Cl)Cl
ord-0e2b144c96fd4ac8aced468951db5ce4,metal and ligand,CATALYST,SMILES,CC(C)C1=CC(=C(C(=C1)C(C)C)C2=C(C=CC(=C2P(C3=CC(=CC(=C3)C(F)(F)F)C(F)(F)F)C4=CC(=CC(=C4)C(F)(F)F)C(F)(F)F)OC)OC)C(C)C
ord-0e2b144c96fd4ac8aced468951db5ce4,metal and ligand,CATALYST,SMILES,C1=CC=C(C=C1)/C=C/C(=O)/C=C/C2=CC=CC=C2.C1=CC=C(C=C1)/C=C/C(=O)/C=C/C2=CC=CC=C2.C1=CC=C(C=C1)/C=C/C(=O)/C=C/C2=CC=CC=C2.[Pd].[Pd]
ord-0e2b144c96fd4ac8aced468951db5ce4,metal and ligand,CATALYST,SMILES,CC(C)C1=CC(=C(C(=C1)C(C)C)C2=C(C=CC(=C2P(C3=CC(=CC(=C3)C(F)(F)F)C(F)(F)F)C4=CC(=CC(=C4)C(F)(F)F)C(F)(F)F)OC)OC)C(C)C
ord-0e2b144c96fd4ac8aced468951db5ce4,metal and ligand,CATALYST,SMILES,C1=CC=C(C=C1)/C=C/C(=O)/C=C/C2=CC=CC=C2.C1=CC=C(C=C1)/C=C/C(=O)/C=C/C2=CC=CC=C2.C1=CC=C(C=C1)/C=C/C(=O)/C=C/C2=CC=CC=C2.[Pd].[Pd]
ord-345c2935b6ec4f748049eeb832f405b7,Base,REAGENT,SMILES,C(=O)([O-])[O-].[Cs+].[Cs+]
ord-345c2935b6ec4f748049eeb832f405b7,Solvent,SOLVENT,SMILES,C1COCCO1
ord-345c2935b6ec4f748049eeb832f405b7,amine,REACTANT,SMILES,CCOC(=O)C1=CN=C(O1)N
ord-345c2935b6ec4f748049eeb832f405b7,aryl halide,REACTANT,SMILES,C1=CN=C(C=C1Cl)Cl
ord-345c2935b6ec4f748049eeb832f405b7,metal and ligand,CATALYST,SMILES,CC1(C2=C(C(=CC=C2)P(C3=CC=CC=C3)C4=CC=CC=C4)OC5=C1C=CC=C5P(C6=CC=CC=C6)C7=CC=CC=C7)C
ord-345c2935b6ec4f748049eeb832f405b7,metal and ligand,CATALYST,SMILES,C1=CC=C(C=C1)/C=C/C(=O)/C=C/C2=CC=CC=C2.C1=CC=C(C=C1)/C=C/C(=O)/C=C/C2=CC=CC=C2.C1=CC=C(C=C1)/C=C/C(=O)/C=C/C2=CC=CC=C2.[Pd].[Pd]
ord-345c2935b6ec4f748049eeb832f405b7,metal and ligand,CATALYST,SMILES,CC1(C2=C(C(=CC=C2)P(C3=CC=CC=C3)C4=CC=CC=C4)OC5=C1C=CC=C5P(C6=CC=CC=C6)C7=CC=CC=C7)C
ord-345c2935b6ec4f748049eeb832f405b7,metal and ligand,CATALYST,SMILES,C1=CC=C(C=C1)/C=C/C(=O)/C=C/C2=CC=CC=C2.C1=CC=C(C=C1)/C=C/C(=O)/C=C/C2=CC=CC=C2.C1=CC=C(C=C1)/C=C/C(=O)/C=C/C2=CC=CC=C2.[Pd].[Pd]
ord-bc0ccb3ec3974a6197509c6aeefd5c4d,Base,REAGENT,SMILES,C(=O)([O-])[O-].[K+].[K+]
ord-bc0ccb3ec3974a6197509c6aeefd5c4d,Solvent,SOLVENT,SMILES,COC1=CC=CC=C1
ord-bc0ccb3ec3974a6197509c6aeefd5c4d,amine,REACTANT,SMILES,C1=COC(=N1)N
ord-bc0ccb3ec3974a6197509c6aeefd5c4d,aryl halide,REACTANT,SMILES,C1=CN=C(C=C1Cl)Cl
ord-bc0ccb3ec3974a6197509c6aeefd5c4d,metal and ligand,CATALYST,SMILES,CC1(C2=C(C(=CC=C2)P(C3=CC=CC=C3)C4=CC=CC=C4)OC5=C1C=CC=C5P(C6=CC=CC=C6)C7=CC=CC=C7)C
ord-bc0ccb3ec3974a6197509c6aeefd5c4d,metal and ligand,CATALYST,SMILES,C1=CC=C(C=C1)/C=C/C(=O)/C=C/C2=CC=CC=C2.C1=CC=C(C=C1)/C=C/C(=O)/C=C/C2=CC=CC=C2.C1=CC=C(C=C1)/C=C/C(=O)/C=C/C2=CC=CC=C2.[Pd].[Pd]
ord-bc0ccb3ec3974a6197509c6aeefd5c4d,metal and ligand,CATALYST,SMILES,CC1(C2=C(C(=CC=C2)P(C3=CC=CC=C3)C4=CC=CC=C4)OC5=C1C=CC=C5P(C6=CC=CC=C6)C7=CC=CC=C7)C
ord-bc0ccb3ec3974a6197509c6aeefd5c4d,metal and ligand,CATALYST,SMILES,C1=CC=C(C=C1)/C=C/C(=O)/C=C/C2=CC=CC=C2.C1=CC=C(C=C1)/C=C/C(=O)/C=C/C2=CC=CC=C2.C1=CC=C(C=C1)/C=C/C(=O)/C=C/C2=CC=CC=C2.[Pd].[Pd]
ord-de391e2f60334b77bfa7be520f63a36b,Base,REAGENT,SMILES,C(=O)([O-])[O-].[Cs+].[Cs+]
ord-de391e2f60334b77bfa7be520f63a36b,Solvent,SOLVENT,SMILES,C1COCCO1
ord-de391e2f60334b77bfa7be520f63a36b,amine,REACTANT,SMILES,C1=COC(=N1)N
ord-de391e2f60334b77bfa7be520f63a36b,aryl halide,REACTANT,SMILES,C1=CN=C(C=C1Cl)Cl
ord-de391e2f60334b77bfa7be520f63a36b,metal and ligand,CATALYST,SMILES,CC(C)C1=CC(=C(C(=C1)C(C)C)C2=C(C=CC(=C2P(C3=CC(=CC(=C3)C(F)(F)F)C(F)(F)F)C4=CC(=CC(=C4)C(F)(F)F)C(F)(F)F)OC)OC)C(C)C
ord-de391e2f60334b77bfa7be520f63a36b,metal and ligand,CATALYST,SMILES,C1=CC=C(C=C1)/C=C/C(=O)/C=C/C2=CC=CC=C2.C1=CC=C(C=C1)/C=C/C(=O)/C=C/C2=CC=CC=C2.C1=CC=C(C=C1)/C=C/C(=O)/C=C/C2=CC=CC=C2.[Pd].[Pd]
ord-de391e2f60334b77bfa7be520f63a36b,metal and ligand,CATALYST,SMILES,CC(C)C1=CC(=C(C(=C1)C(C)C)C2=C(C=CC(=C2P(C3=CC(=CC(=C3)C(F)(F)F)C(F)(F)F)C4=CC(=CC(=C4)C(F)(F)F)C(F)(F)F)OC)OC)C(C)C
ord-de391e2f60334b77bfa7be520f63a36b,metal and ligand,CATALYST,SMILES,C1=CC=C(C=C1)/C=C/C(=O)/C=C/C2=CC=CC=C2.C1=CC=C(C=C1)/C=C/C(=O)/C=C/C2=CC=CC=C2.C1=CC=C(C=C1)/C=C/C(=O)/C=C/C2=CC=CC=C2.[Pd].[Pd]
ord-bc6c718e90df4b2591cc2506c375ce3f,Base,REAGENT,SMILES,C(=O)([O-])[O-].[Cs+].[Cs+]
ord-bc6c718e90df4b2591cc2506c375ce3f,Solvent,SOLVENT,SMILES,C1COCCO1
ord-bc6c718e90df4b2591cc2506c375ce3f,amine,REACTANT,SMILES,C1=COC(=N1)N
ord-bc6c718e90df4b2591cc2506c375ce3f,aryl halide,REACTANT,SMILES,C1=CN=C(C=C1Cl)Cl
ord-bc6c718e90df4b2591cc2506c375ce3f,metal and ligand,CATALYST,SMILES,CC1(C2=C(C(=CC=C2)P(C3=CC=CC=C3)C4=CC=CC=C4)OC5=C1C=CC=C5P(C6=CC=CC=C6)C7=CC=CC=C7)C
ord-bc6c718e90df4b2591cc2506c375ce3f,metal and ligand,CATALYST,SMILES,C1=CC=C(C=C1)/C=C/C(=O)/C=C/C2=CC=CC=C2.C1=CC=C(C=C1)/C=C/C(=O)/C=C/C2=CC=CC=C2.C1=CC=C(C=C1)/C=C/C(=O)/C=C/C2=CC=CC=C2.[Pd].[Pd]
ord-bc6c718e90df4b2591cc2506c375ce3f,metal and ligand,CATALYST,SMILES,CC1(C2=C(C(=CC=C2)P(C3=CC=CC=C3)C4=CC=CC=C4)OC5=C1C=CC=C5P(C6=CC=CC=C6)C7=CC=CC=C7)C
ord-bc6c718e90df4b2591cc2506c375ce3f,metal and ligand,CATALYST,SMILES,C1=CC=C(C=C1)/C=C/C(=O)/C=C/C2=CC=CC=C2.C1=CC=C(C=C1)/C=C/C(=O)/C=C/C2=CC=CC=C2.C1=CC=C(C=C1)/C=C/C(=O)/C=C/C2=CC=CC=C2.[Pd].[Pd]
ord-76fdaa39a364497293ede72dc7b21aee,Base,REAGENT,SMILES,[H-].[Na+]
ord-76fdaa39a364497293ede72dc7b21aee,Solvent,SOLVENT,SMILES,C1COCCO1
ord-76fdaa39a364497293ede72dc7b21aee,amine,REACTANT,SMILES,C1=COC(=N1)N
ord-76fdaa39a364497293ede72dc7b21aee,aryl halide,REACTANT,SMILES,C1=CN=C(C=C1Cl)Cl
ord-76fdaa39a364497293ede72dc7b21aee,metal and ligand,CATALYST,SMILES,CC1(C2=C(C(=CC=C2)P(C3=CC=CC=C3)C4=CC=CC=C4)OC5=C1C=CC=C5P(C6=CC=CC=C6)C7=CC=CC=C7)C
ord-76fdaa39a364497293ede72dc7b21aee,metal and ligand,CATALYST,SMILES,C1=CC=C(C=C1)/C=C/C(=O)/C=C/C2=CC=CC=C2.C1=CC=C(C=C1)/C=C/C(=O)/C=C/C2=CC=CC=C2.C1=CC=C(C=C1)/C=C/C(=O)/C=C/C2=CC=CC=C2.[Pd].[Pd]
ord-76fdaa39a364497293ede72dc7b21aee,metal and ligand,CATALYST,SMILES,CC1(C2=C(C(=CC=C2)P(C3=CC=CC=C3)C4=CC=CC=C4)OC5=C1C=CC=C5P(C6=CC=CC=C6)C7=CC=CC=C7)C
ord-76fdaa39a364497293ede72dc7b21aee,metal and ligand,CATALYST,SMILES,C1=CC=C(C=C1)/C=C/C(=O)/C=C/C2=CC=CC=C2.C1=CC=C(C=C1)/C=C/C(=O)/C=C/C2=CC=CC=C2.C1=CC=C(C=C1)/C=C/C(=O)/C=C/C2=CC=CC=C2.[Pd].[Pd]
ord-4973899cb35d49cd8a53a56048cd33f7,Base,REAGENT,SMILES,[O-]P(=O)([O-])[O-].[K+].[K+].[K+]
ord-4973899cb35d49cd8a53a56048cd33f7,Solvent,SOLVENT,SMILES,C1COCCO1
ord-4973899cb35d49cd8a53a56048cd33f7,amine,REACTANT,SMILES,C1=COC(=N1)N
ord-4973899cb35d49cd8a53a56048cd33f7,aryl halide,REACTANT,SMILES,C1=CN=C(C=C1Cl)Cl
ord-4973899cb35d49cd8a53a56048cd33f7,metal and ligand,CATALYST,SMILES,CC1(C2=C(C(=CC=C2)P(C3=CC=CC=C3)C4=CC=CC=C4)OC5=C1C=CC=C5P(C6=CC=CC=C6)C7=CC=CC=C7)C
ord-4973899cb35d49cd8a53a56048cd33f7,metal and ligand,CATALYST,SMILES,C1=CC=C(C=C1)/C=C/C(=O)/C=C/C2=CC=CC=C2.C1=CC=C(C=C1)/C=C/C(=O)/C=C/C2=CC=CC=C2.C1=CC=C(C=C1)/C=C/C(=O)/C=C/C2=CC=CC=C2.[Pd].[Pd]
ord-4973899cb35d49cd8a53a56048cd33f7,metal and ligand,CATALYST,SMILES,CC1(C2=C(C(=CC=C2)P(C3=CC=CC=C3)C4=CC=CC=C4)OC5=C1C=CC=C5P(C6=CC=CC=C6)C7=CC=CC=C7)C
ord-4973899cb35d49cd8a53a56048cd33f7,metal and ligand,CATALYST,SMILES,C1=CC=C(C=C1)/C=C/C(=O)/C=C/C2=CC=CC=C2.C1=CC=C(C=C1)/C=C/C(=O)/C=C/C2=CC=CC=C2.C1=CC=C(C=C1)/C=C/C(=O)/C=C/C2=CC=CC=C2.[Pd].[Pd]
ord-4ba5714524f04061a19a2e24cddcf117,Base,REAGENT,SMILES,CC(C)(C)[O-].[Na+]
ord-4ba5714524f04061a19a2e24cddcf117,Solvent,SOLVENT,SMILES,CC1=CC=CC=C1
ord-4ba5714524f04061a19a2e24cddcf117,amine,REACTANT,SMILES,C1=COC(=N1)N
ord-4ba5714524f04061a19a2e24cddcf117,aryl halide,REACTANT,SMILES,C1=CN=C(C=C1Cl)Cl
ord-4ba5714524f04061a19a2e24cddcf117,metal and ligand,CATALYST,SMILES,C1=CC=C(C=C1)P(C2=CC=CC=C2)C3=C(C4=CC=CC=C4C=C3)C5=C(C=CC6=CC=CC=C65)P(C7=CC=CC=C7)C8=CC=CC=C8
ord-4ba5714524f04061a19a2e24cddcf117,metal and ligand,CATALYST,SMILES,C1=CC=C(C=C1)/C=C/C(=O)/C=C/C2=CC=CC=C2.C1=CC=C(C=C1)/C=C/C(=O)/C=C/C2=CC=CC=C2.C1=CC=C(C=C1)/C=C/C(=O)/C=C/C2=CC=CC=C2.[Pd].[Pd]
ord-4ba5714524f04061a19a2e24cddcf117,metal and ligand,CATALYST,SMILES,C1=CC=C(C=C1)P(C2=CC=CC=C2)C3=C(C4=CC=CC=C4C=C3)C5=C(C=CC6=CC=CC=C65)P(C7=CC=CC=C7)C8=CC=CC=C8
ord-4ba5714524f04061a19a2e24cddcf117,metal and ligand,CATALYST,SMILES,C1=CC=C(C=C1)/C=C/C(=O)/C=C/C2=CC=CC=C2.C1=CC=C(C=C1)/C=C/C(=O)/C=C/C2=CC=CC=C2.C1=CC=C(C=C1)/C=C/C(=O)/C=C/C2=CC=CC=C2.[Pd].[Pd]
ord-db4d850d1c594ca584a3d40b664f692e,Base,REAGENT,SMILES,C1=CC=C(C=C1)[O-].[Na+]
ord-db4d850d1c594ca584a3d40b664f692e,Solvent,SOLVENT,SMILES,C1COCCO1
ord-db4d850d1c594ca584a3d40b664f692e,amine,REACTANT,SMILES,C1=COC(=N1)N
ord-db4d850d1c594ca584a3d40b664f692e,aryl halide,REACTANT,SMILES,C1=CN=C(C=C1Cl)Cl
ord-db4d850d1c594ca584a3d40b664f692e,metal and ligand,CATALYST,SMILES,CC1(C2=C(C(=CC=C2)P(C3=CC=CC=C3)C4=CC=CC=C4)OC5=C1C=CC=C5P(C6=CC=CC=C6)C7=CC=CC=C7)C
ord-db4d850d1c594ca584a3d40b664f692e,metal and ligand,CATALYST,SMILES,C1=CC=C(C=C1)/C=C/C(=O)/C=C/C2=CC=CC=C2.C1=CC=C(C=C1)/C=C/C(=O)/C=C/C2=CC=CC=C2.C1=CC=C(C=C1)/C=C/C(=O)/C=C/C2=CC=CC=C2.[Pd].[Pd]
ord-db4d850d1c594ca584a3d40b664f692e,metal and ligand,CATALYST,SMILES,CC1(C2=C(C(=CC=C2)P(C3=CC=CC=C3)C4=CC=CC=C4)OC5=C1C=CC=C5P(C6=CC=CC=C6)C7=CC=CC=C7)C
ord-db4d850d1c594ca584a3d40b664f692e,metal and ligand,CATALYST,SMILES,C1=CC=C(C=C1)/C=C/C(=O)/C=C/C2=CC=CC=C2.C1=CC=C(C=C1)/C=C/C(=O)/C=C/C2=CC=CC=C2.C1=CC=C(C=C1)/C=C/C(=O)/C=C/C2=CC=CC=C2.[Pd].[Pd]
ord-5dfaf464504c42b7bafec75259e5a214,Base,REAGENT,SMILES,C(=O)([O-])[O-].[Cs+].[Cs+]
ord-5dfaf464504c42b7bafec75259e5a214,Solvent,SOLVENT,SMILES,C1COCCO1
ord-5dfaf464504c42b7bafec75259e5a214,amine,REACTANT,SMILES,C1=COC(=N1)N
ord-5dfaf464504c42b7bafec75259e5a214,aryl halide,REACTANT,SMILES,C1=CN=C(C=C1Cl)Cl
ord-5dfaf464504c42b7bafec75259e5a214,metal and ligand,CATALYST,SMILES,CC1(C2=C(C(=CC=C2)P(C3=CC=CC=C3)C4=CC=CC=C4)OC5=C1C=CC=C5P(C6=CC=CC=C6)C7=CC=CC=C7)C
ord-5dfaf464504c42b7bafec75259e5a214,metal and ligand,CATALYST,SMILES,CC(=O)O.CC(=O)O.[Pd]
ord-5dfaf464504c42b7bafec75259e5a214,metal and ligand,CATALYST,SMILES,CC1(C2=C(C(=CC=C2)P(C3=CC=CC=C3)C4=CC=CC=C4)OC5=C1C=CC=C5P(C6=CC=CC=C6)C7=CC=CC=C7)C
ord-5dfaf464504c42b7bafec75259e5a214,metal and ligand,CATALYST,SMILES,CC(=O)O.CC(=O)O.[Pd]
ord-1cd8c235ce4f4167a93c6067f176b339,Base,REAGENT,SMILES,C(=O)([O-])[O-].[Cs+].[Cs+]
ord-1cd8c235ce4f4167a93c6067f176b339,Solvent,SOLVENT,SMILES,CC(=O)N(C)C
ord-1cd8c235ce4f4167a93c6067f176b339,amine,REACTANT,SMILES,C1=COC(=N1)N
ord-1cd8c235ce4f4167a93c6067f176b339,aryl halide,REACTANT,SMILES,C1=CN=C(C=C1Cl)Cl
ord-1cd8c235ce4f4167a93c6067f176b339,metal and ligand,CATALYST,SMILES,CC1(C2=C(C(=CC=C2)P(C3=CC=CC=C3)C4=CC=CC=C4)OC5=C1C=CC=C5P(C6=CC=CC=C6)C7=CC=CC=C7)C
ord-1cd8c235ce4f4167a93c6067f176b339,metal and ligand,CATALYST,SMILES,CC(=O)O.CC(=O)O.[Pd]
ord-1cd8c235ce4f4167a93c6067f176b339,metal and ligand,CATALYST,SMILES,CC1(C2=C(C(=CC=C2)P(C3=CC=CC=C3)C4=CC=CC=C4)OC5=C1C=CC=C5P(C6=CC=CC=C6)C7=CC=CC=C7)C
ord-1cd8c235ce4f4167a93c6067f176b339,metal and ligand,CATALYST,SMILES,CC(=O)O.CC(=O)O.[Pd]
ord-cab6249a1023430399dca1061d293aa8,Base,REAGENT,SMILES,C1=CC=C(C=C1)[O-].[Na+]
ord-cab6249a1023430399dca1061d293aa8,Solvent,SOLVENT,SMILES,C1COCCO1
ord-cab6249a1023430399dca1061d293aa8,amine,REACTANT,SMILES,C1=COC(=N1)N
ord-cab6249a1023430399dca1061d293aa8,aryl halide,REACTANT,SMILES,C1=CN=C(C=C1Cl)Cl
ord-cab6249a1023430399dca1061d293aa8,metal and ligand,CATALYST,SMILES,CC1(C2=C(C(=CC=C2)P(C3=CC=CC=C3)C4=CC=CC=C4)OC5=C1C=CC=C5P(C6=CC=CC=C6)C7=CC=CC=C7)C
ord-cab6249a1023430399dca1061d293aa8,metal and ligand,CATALYST,SMILES,C1=CC=C(C=C1)/C=C/C(=O)/C=C/C2=CC=CC=C2.C1=CC=C(C=C1)/C=C/C(=O)/C=C/C2=CC=CC=C2.C1=CC=C(C=C1)/C=C/C(=O)/C=C/C2=CC=CC=C2.[Pd].[Pd]
ord-cab6249a1023430399dca1061d293aa8,metal and ligand,CATALYST,SMILES,CC1(C2=C(C(=CC=C2)P(C3=CC=CC=C3)C4=CC=CC=C4)OC5=C1C=CC=C5P(C6=CC=CC=C6)C7=CC=CC=C7)C
ord-cab6249a1023430399dca1061d293aa8,metal and ligand,CATALYST,SMILES,C1=CC=C(C=C1)/C=C/C(=O)/C=C/C2=CC=CC=C2.C1=CC=C(C=C1)/C=C/C(=O)/C=C/C2=CC=CC=C2.C1=CC=C(C=C1)/C=C/C(=O)/C=C/C2=CC=CC=C2.[Pd].[Pd]
ord-09bc2ed031574d359c24db47dee15c88,Base,REAGENT,SMILES,CC(C)(C)[O-].[Na+]
ord-09bc2ed031574d359c24db47dee15c88,Solvent,SOLVENT,SMILES,CC1=CC=CC=C1
ord-09bc2ed031574d359c24db47dee15c88,amine,REACTANT,SMILES,CN1CCC(CC1)CN
ord-09bc2ed031574d359c24db47dee15c88,aryl halide,REACTANT,SMILES,C1=CC(=CC(=C1)OC(F)(F)F)C2=CN=C3N2N=C(C=C3)Cl
ord-09bc2ed031574d359c24db47dee15c88,metal and ligand,CATALYST,SMILES,CN(C)C1=CC=CC=C1C2=CC=CC=C2P(C3CCCCC3)C4CCCCC4
ord-09bc2ed031574d359c24db47dee15c88,metal and ligand,CATALYST,SMILES,C1=CC=C(C=C1)/C=C/C(=O)/C=C/C2=CC=CC=C2.C1=CC=C(C=C1)/C=C/C(=O)/C=C/C2=CC=CC=C2.C1=CC=C(C=C1)/C=C/C(=O)/C=C/C2=CC=CC=C2.[Pd].[Pd]
ord-09bc2ed031574d359c24db47dee15c88,metal and ligand,CATALYST,SMILES,CN(C)C1=CC=CC=C1C2=CC=CC=C2P(C3CCCCC3)C4CCCCC4
ord-09bc2ed031574d359c24db47dee15c88,metal and ligand,CATALYST,SMILES,C1=CC=C(C=C1)/C=C/C(=O)/C=C/C2=CC=CC=C2.C1=CC=C(C=C1)/C=C/C(=O)/C=C/C2=CC=CC=C2.C1=CC=C(C=C1)/C=C/C(=O)/C=C/C2=CC=CC=C2.[Pd].[Pd]
ord-f81a599dec2242abb77d43e5f1e1fdd1,Base,REAGENT,SMILES,CC(C)(C)[O-].[Na+]
ord-f81a599dec2242abb77d43e5f1e1fdd1,Solvent,SOLVENT,SMILES,CC1=CC=CC=C1
ord-f81a599dec2242abb77d43e5f1e1fdd1,amine,REACTANT,SMILES,CN1CCC(CC1)CN
ord-f81a599dec2242abb77d43e5f1e1fdd1,aryl halide,REACTANT,SMILES,C1=CC(=CC(=C1)OC(F)(F)F)C2=CN=C3N2N=C(C=C3)Cl
ord-f81a599dec2242abb77d43e5f1e1fdd1,metal and ligand,CATALYST,SMILES,CN(C)C1=CC=CC=C1C2=CC=CC=C2P(C3CCCCC3)C4CCCCC4
ord-f81a599dec2242abb77d43e5f1e1fdd1,metal and ligand,CATALYST,SMILES,C1=CC=C(C=C1)/C=C/C(=O)/C=C/C2=CC=CC=C2.C1=CC=C(C=C1)/C=C/C(=O)/C=C/C2=CC=CC=C2.C1=CC=C(C=C1)/C=C/C(=O)/C=C/C2=CC=CC=C2.[Pd].[Pd]
ord-f81a599dec2242abb77d43e5f1e1fdd1,metal and ligand,CATALYST,SMILES,CN(C)C1=CC=CC=C1C2=CC=CC=C2P(C3CCCCC3)C4CCCCC4
ord-f81a599dec2242abb77d43e5f1e1fdd1,metal and ligand,CATALYST,SMILES,C1=CC=C(C=C1)/C=C/C(=O)/C=C/C2=CC=CC=C2.C1=CC=C(C=C1)/C=C/C(=O)/C=C/C2=CC=CC=C2.C1=CC=C(C=C1)/C=C/C(=O)/C=C/C2=CC=CC=C2.[Pd].[Pd]
ord-8ca29ea3c13d4e5098dc08cfe112f4d1,Base,REAGENT,SMILES,C(=O)([O-])[O-].[Cs+].[Cs+]
ord-8ca29ea3c13d4e5098dc08cfe112f4d1,Solvent,SOLVENT,SMILES,C1COCCO1
ord-8ca29ea3c13d4e5098dc08cfe112f4d1,amine,REACTANT,SMILES,CC1=NC2=C(C=C1)C=C(C=C2)C(=O)N
ord-8ca29ea3c13d4e5098dc08cfe112f4d1,aryl halide,REACTANT,SMILES,CC1=C(C=C(C=C1)[N+](=O)[O-])Br
ord-8ca29ea3c13d4e5098dc08cfe112f4d1,metal and ligand,CATALYST,SMILES,CC1(C2=C(C(=CC=C2)P(C3=CC=CC=C3)C4=CC=CC=C4)OC5=C1C=CC=C5P(C6=CC=CC=C6)C7=CC=CC=C7)C
ord-8ca29ea3c13d4e5098dc08cfe112f4d1,metal and ligand,CATALYST,SMILES,C1=CC=C(C=C1)/C=C/C(=O)/C=C/C2=CC=CC=C2.C1=CC=C(C=C1)/C=C/C(=O)/C=C/C2=CC=CC=C2.C1=CC=C(C=C1)/C=C/C(=O)/C=C/C2=CC=CC=C2.[Pd].[Pd]
ord-8ca29ea3c13d4e5098dc08cfe112f4d1,metal and ligand,CATALYST,SMILES,CC1(C2=C(C(=CC=C2)P(C3=CC=CC=C3)C4=CC=CC=C4)OC5=C1C=CC=C5P(C6=CC=CC=C6)C7=CC=CC=C7)C
ord-8ca29ea3c13d4e5098dc08cfe112f4d1,metal and ligand,CATALYST,SMILES,C1=CC=C(C=C1)/C=C/C(=O)/C=C/C2=CC=CC=C2.C1=CC=C(C=C1)/C=C/C(=O)/C=C/C2=CC=CC=C2.C1=CC=C(C=C1)/C=C/C(=O)/C=C/C2=CC=CC=C2.[Pd].[Pd]
ord-afce2c60bcdc4fe1bfc6b3962146067d,Base,REAGENT,SMILES,C(=O)([O-])[O-].[Cs+].[Cs+]
ord-afce2c60bcdc4fe1bfc6b3962146067d,Solvent,SOLVENT,SMILES,CN1CCCC1=O
ord-afce2c60bcdc4fe1bfc6b3962146067d,amine,REACTANT,SMILES,CC(=O)NC1=C(C=CC(=C1)N)N2CC[C@H](C2)NC(=O)OC(C)(C)C
ord-afce2c60bcdc4fe1bfc6b3962146067d,aryl halide,REACTANT,SMILES,C1CC1NC2=CC(=NC3=C(C=NN23)C#N)Cl
ord-afce2c60bcdc4fe1bfc6b3962146067d,metal and ligand,CATALYST,SMILES,CC(C)C1=CC(=C(C(=C1)C(C)C)C2=CC=CC=C2P(C(C)(C)C)C(C)(C)C)C(C)C
ord-afce2c60bcdc4fe1bfc6b3962146067d,metal and ligand,CATALYST,SMILES,C1=CC=C(C=C1)/C=C/C(=O)/C=C/C2=CC=CC=C2.C1=CC=C(C=C1)/C=C/C(=O)/C=C/C2=CC=CC=C2.C1=CC=C(C=C1)/C=C/C(=O)/C=C/C2=CC=CC=C2.[Pd].[Pd]
ord-afce2c60bcdc4fe1bfc6b3962146067d,metal and ligand,CATALYST,SMILES,CC(C)C1=CC(=C(C(=C1)C(C)C)C2=CC=CC=C2P(C(C)(C)C)C(C)(C)C)C(C)C
ord-afce2c60bcdc4fe1bfc6b3962146067d,metal and ligand,CATALYST,SMILES,C1=CC=C(C=C1)/C=C/C(=O)/C=C/C2=CC=CC=C2.C1=CC=C(C=C1)/C=C/C(=O)/C=C/C2=CC=CC=C2.C1=CC=C(C=C1)/C=C/C(=O)/C=C/C2=CC=CC=C2.[Pd].[Pd]
ord-977ea289d9154a71ab2d4b28b571f050,Base,REAGENT,SMILES,C(=O)([O-])[O-].[Cs+].[Cs+]
ord-977ea289d9154a71ab2d4b28b571f050,Solvent,SOLVENT,SMILES,C1COCCO1
ord-977ea289d9154a71ab2d4b28b571f050,amine,REACTANT,SMILES,CC(C)(C)OC(=O)N1CCNCC1
ord-977ea289d9154a71ab2d4b28b571f050,aryl halide,REACTANT,SMILES,CCOC(=O)C1=CC2=C(O1)C=CC=C2Br
ord-977ea289d9154a71ab2d4b28b571f050,metal and ligand,CATALYST,SMILES,CC(C)C1=CC(=C(C(=C1)C(C)C)C2=CC=CC=C2P(C3CCCCC3)C4CCCCC4)C(C)C
ord-977ea289d9154a71ab2d4b28b571f050,metal and ligand,CATALYST,SMILES,C1=CC=C(C=C1)/C=C/C(=O)/C=C/C2=CC=CC=C2.C1=CC=C(C=C1)/C=C/C(=O)/C=C/C2=CC=CC=C2.C1=CC=C(C=C1)/C=C/C(=O)/C=C/C2=CC=CC=C2.[Pd].[Pd]
ord-977ea289d9154a71ab2d4b28b571f050,metal and ligand,CATALYST,SMILES,CC(C)C1=CC(=C(C(=C1)C(C)C)C2=CC=CC=C2P(C3CCCCC3)C4CCCCC4)C(C)C
ord-977ea289d9154a71ab2d4b28b571f050,metal and ligand,CATALYST,SMILES,C1=CC=C(C=C1)/C=C/C(=O)/C=C/C2=CC=CC=C2.C1=CC=C(C=C1)/C=C/C(=O)/C=C/C2=CC=CC=C2.C1=CC=C(C=C1)/C=C/C(=O)/C=C/C2=CC=CC=C2.[Pd].[Pd]
ord-a752f4a96bed42979fc54c8d98f05186,Base,REAGENT,SMILES,C(=O)([O-])[O-].[Cs+].[Cs+]
ord-a752f4a96bed42979fc54c8d98f05186,Solvent,SOLVENT,SMILES,C1COCCO1
ord-a752f4a96bed42979fc54c8d98f05186,amine,REACTANT,SMILES,CC(C)(C)OC(=O)N1CCNCC1
ord-a752f4a96bed42979fc54c8d98f05186,aryl halide,REACTANT,SMILES,CCOC(=O)C1=CC2=C(O1)C=CC=C2Br
ord-a752f4a96bed42979fc54c8d98f05186,metal and ligand,CATALYST,SMILES,CC(C)C1=CC(=C(C(=C1)C(C)C)C2=CC=CC=C2P(C3CCCCC3)C4CCCCC4)C(C)C
ord-a752f4a96bed42979fc54c8d98f05186,metal and ligand,CATALYST,SMILES,C1=CC=C(C=C1)/C=C/C(=O)/C=C/C2=CC=CC=C2.C1=CC=C(C=C1)/C=C/C(=O)/C=C/C2=CC=CC=C2.C1=CC=C(C=C1)/C=C/C(=O)/C=C/C2=CC=CC=C2.[Pd].[Pd]
ord-a752f4a96bed42979fc54c8d98f05186,metal and ligand,CATALYST,SMILES,CC(C)C1=CC(=C(C(=C1)C(C)C)C2=CC=CC=C2P(C3CCCCC3)C4CCCCC4)C(C)C
ord-a752f4a96bed42979fc54c8d98f05186,metal and ligand,CATALYST,SMILES,C1=CC=C(C=C1)/C=C/C(=O)/C=C/C2=CC=CC=C2.C1=CC=C(C=C1)/C=C/C(=O)/C=C/C2=CC=CC=C2.C1=CC=C(C=C1)/C=C/C(=O)/C=C/C2=CC=CC=C2.[Pd].[Pd]
ord-fd5224e743de478bae3b0301ad531f8f,Base,REAGENT,SMILES,C(=O)([O-])[O-].[Cs+].[Cs+]
ord-fd5224e743de478bae3b0301ad531f8f,Solvent,SOLVENT,SMILES,C1COCCO1
ord-fd5224e743de478bae3b0301ad531f8f,amine,REACTANT,SMILES,CC(C)(C)OC(=O)N1CCNCC1
ord-fd5224e743de478bae3b0301ad531f8f,aryl halide,REACTANT,SMILES,CCOC(=O)C1=CC2=C(O1)C=CC=C2Br
ord-fd5224e743de478bae3b0301ad531f8f,metal and ligand,CATALYST,SMILES,CC(C)C1=CC(=C(C(=C1)C(C)C)C2=CC=CC=C2P(C3CCCCC3)C4CCCCC4)C(C)C
ord-fd5224e743de478bae3b0301ad531f8f,metal and ligand,CATALYST,SMILES,C1=CC=C(C=C1)/C=C/C(=O)/C=C/C2=CC=CC=C2.C1=CC=C(C=C1)/C=C/C(=O)/C=C/C2=CC=CC=C2.C1=CC=C(C=C1)/C=C/C(=O)/C=C/C2=CC=CC=C2.[Pd].[Pd]
ord-fd5224e743de478bae3b0301ad531f8f,metal and ligand,CATALYST,SMILES,CC(C)C1=CC(=C(C(=C1)C(C)C)C2=CC=CC=C2P(C3CCCCC3)C4CCCCC4)C(C)C
ord-fd5224e743de478bae3b0301ad531f8f,metal and ligand,CATALYST,SMILES,C1=CC=C(C=C1)/C=C/C(=O)/C=C/C2=CC=CC=C2.C1=CC=C(C=C1)/C=C/C(=O)/C=C/C2=CC=CC=C2.C1=CC=C(C=C1)/C=C/C(=O)/C=C/C2=CC=CC=C2.[Pd].[Pd]
ord-62cd397fe6424e97abf226dd021d8df0,Base,REAGENT,SMILES,CCC(C)(C)[O-].[Na+]
ord-62cd397fe6424e97abf226dd021d8df0,Solvent,SOLVENT,SMILES,C1COCCO1
ord-62cd397fe6424e97abf226dd021d8df0,amine,REACTANT,SMILES,CN1C=C(C=CC1=O)C2=C(N=C(C=C2)N)OC
ord-62cd397fe6424e97abf226dd021d8df0,aryl halide,REACTANT,SMILES,CN1CC(OC2=C(C1)C=CC(=N2)Cl)CC(F)(F)F
ord-62cd397fe6424e97abf226dd021d8df0,metal and ligand,CATALYST,SMILES,CC1(C2=C(C(=CC=C2)P(C3=CC=CC=C3)C4=CC=CC=C4)OC5=C1C=CC=C5P(C6=CC=CC=C6)C7=CC=CC=C7)C
ord-62cd397fe6424e97abf226dd021d8df0,metal and ligand,CATALYST,SMILES,CC(=O)O.CC(=O)O.[Pd]
ord-62cd397fe6424e97abf226dd021d8df0,metal and ligand,CATALYST,SMILES,CC1(C2=C(C(=CC=C2)P(C3=CC=CC=C3)C4=CC=CC=C4)OC5=C1C=CC=C5P(C6=CC=CC=C6)C7=CC=CC=C7)C
ord-62cd397fe6424e97abf226dd021d8df0,metal and ligand,CATALYST,SMILES,CC(=O)O.CC(=O)O.[Pd]
ord-d7d32d49e289422b9b8afc82aae7319c,Base,REAGENT,SMILES,C(=O)([O-])[O-].[Cs+].[Cs+]
ord-d7d32d49e289422b9b8afc82aae7319c,Solvent,SOLVENT,SMILES,C1COCCO1
ord-d7d32d49e289422b9b8afc82aae7319c,amine,REACTANT,SMILES,COC(=O)C1=CC2=C(C(=C1)C3CCCN3)OC(=CC2=O)N4CCOCC4
ord-d7d32d49e289422b9b8afc82aae7319c,aryl halide,REACTANT,SMILES,C1=C(C=C(C=C1F)Br)F
ord-d7d32d49e289422b9b8afc82aae7319c,metal and ligand,CATALYST,SMILES,CC1(C2=C(C(=CC=C2)P(C3=CC=CC=C3)C4=CC=CC=C4)OC5=C1C=CC=C5P(C6=CC=CC=C6)C7=CC=CC=C7)C
ord-d7d32d49e289422b9b8afc82aae7319c,metal and ligand,CATALYST,SMILES,CC1(C2=C(C(=CC=C2)[PH+](C3=CC=CC=C3)C4=CC=CC=C4)OC5=C1C=CC=C5[PH+](C6=CC=CC=C6)C7=CC=CC=C7)C.C1=[C-]C=C(C=C1F)F.Br[Pd+]
ord-d7d32d49e289422b9b8afc82aae7319c,metal and ligand,CATALYST,SMILES,CC1(C2=C(C(=CC=C2)P(C3=CC=CC=C3)C4=CC=CC=C4)OC5=C1C=CC=C5P(C6=CC=CC=C6)C7=CC=CC=C7)C
ord-d7d32d49e289422b9b8afc82aae7319c,metal and ligand,CATALYST,SMILES,CC1(C2=C(C(=CC=C2)[PH+](C3=CC=CC=C3)C4=CC=CC=C4)OC5=C1C=CC=C5[PH+](C6=CC=CC=C6)C7=CC=CC=C7)C.C1=[C-]C=C(C=C1F)F.Br[Pd+]
ord-f01bb0709ba64daa9f491765ab642ed8,Base,REAGENT,SMILES,C(=O)([O-])[O-].[Cs+].[Cs+]
ord-f01bb0709ba64daa9f491765ab642ed8,Solvent,SOLVENT,SMILES,C1COCCO1
ord-f01bb0709ba64daa9f491765ab642ed8,amine,REACTANT,SMILES,COC(=O)C1=CC2=C(C(=C1)C3CCCN3)OC(=CC2=O)N4CCOCC4
ord-f01bb0709ba64daa9f491765ab642ed8,aryl halide,REACTANT,SMILES,C1=C(C=C(C=C1F)Br)F
ord-f01bb0709ba64daa9f491765ab642ed8,metal and ligand,CATALYST,SMILES,CC1(C2=C(C(=CC=C2)P(C3=CC=CC=C3)C4=CC=CC=C4)OC5=C1C=CC=C5P(C6=CC=CC=C6)C7=CC=CC=C7)C
ord-f01bb0709ba64daa9f491765ab642ed8,metal and ligand,CATALYST,SMILES,CC1(C2=C(C(=CC=C2)[PH+](C3=CC=CC=C3)C4=CC=CC=C4)OC5=C1C=CC=C5[PH+](C6=CC=CC=C6)C7=CC=CC=C7)C.C1=[C-]C=C(C=C1F)F.Br[Pd+]
ord-f01bb0709ba64daa9f491765ab642ed8,metal and ligand,CATALYST,SMILES,CC1(C2=C(C(=CC=C2)P(C3=CC=CC=C3)C4=CC=CC=C4)OC5=C1C=CC=C5P(C6=CC=CC=C6)C7=CC=CC=C7)C
ord-f01bb0709ba64daa9f491765ab642ed8,metal and ligand,CATALYST,SMILES,CC1(C2=C(C(=CC=C2)[PH+](C3=CC=CC=C3)C4=CC=CC=C4)OC5=C1C=CC=C5[PH+](C6=CC=CC=C6)C7=CC=CC=C7)C.C1=[C-]C=C(C=C1F)F.Br[Pd+]
ord-a83a9a777a784ae7bc91d681e967fa73,Base,REAGENT,SMILES,C(=O)([O-])[O-].[Cs+].[Cs+]
ord-a83a9a777a784ae7bc91d681e967fa73,Solvent,SOLVENT,SMILES,C1COCCO1
ord-a83a9a777a784ae7bc91d681e967fa73,amine,REACTANT,SMILES,COC(=O)C1=CC2=C(C(=C1)C3CCCN3)OC(=CC2=O)N4CCOCC4
ord-a83a9a777a784ae7bc91d681e967fa73,aryl halide,REACTANT,SMILES,C1=C(C=C(C=C1F)Br)F
ord-a83a9a777a784ae7bc91d681e967fa73,metal and ligand,CATALYST,SMILES,CC1(C2=C(C(=CC=C2)P(C3=CC=CC=C3)C4=CC=CC=C4)OC5=C1C=CC=C5P(C6=CC=CC=C6)C7=CC=CC=C7)C
ord-a83a9a777a784ae7bc91d681e967fa73,metal and ligand,CATALYST,SMILES,CC1(C2=C(C(=CC=C2)[PH+](C3=CC=CC=C3)C4=CC=CC=C4)OC5=C1C=CC=C5[PH+](C6=CC=CC=C6)C7=CC=CC=C7)C.C1=[C-]C=C(C=C1F)F.Br[Pd+]
ord-a83a9a777a784ae7bc91d681e967fa73,metal and ligand,CATALYST,SMILES,CC1(C2=C(C(=CC=C2)P(C3=CC=CC=C3)C4=CC=CC=C4)OC5=C1C=CC=C5P(C6=CC=CC=C6)C7=CC=CC=C7)C
ord-a83a9a777a784ae7bc91d681e967fa73,metal and ligand,CATALYST,SMILES,CC1(C2=C(C(=CC=C2)[PH+](C3=CC=CC=C3)C4=CC=CC=C4)OC5=C1C=CC=C5[PH+](C6=CC=CC=C6)C7=CC=CC=C7)C.C1=[C-]C=C(C=C1F)F.Br[Pd+]
ord-731adccc0a564281bbf0c68982fd70e6,Base,REAGENT,SMILES,C(=O)([O-])[O-].[Cs+].[Cs+]
ord-731adccc0a564281bbf0c68982fd70e6,Solvent,SOLVENT,SMILES,C1COCCO1
ord-731adccc0a564281bbf0c68982fd70e6,amine,REACTANT,SMILES,CCOC(=O)C1=COC(=N1)N
ord-731adccc0a564281bbf0c68982fd70e6,aryl halide,REACTANT,SMILES,C1=CN=C(C=C1Cl)Cl
ord-731adccc0a564281bbf0c68982fd70e6,metal and ligand,CATALYST,SMILES,CC1(C2=C(C(=CC=C2)P(C3=CC=CC=C3)C4=CC=CC=C4)OC5=C1C=CC=C5P(C6=CC=CC=C6)C7=CC=CC=C7)C
ord-731adccc0a564281bbf0c68982fd70e6,metal and ligand,CATALYST,SMILES,C1=CC=C(C=C1)/C=C/C(=O)/C=C/C2=CC=CC=C2.C1=CC=C(C=C1)/C=C/C(=O)/C=C/C2=CC=CC=C2.C1=CC=C(C=C1)/C=C/C(=O)/C=C/C2=CC=CC=C2.[Pd].[Pd]
ord-731adccc0a564281bbf0c68982fd70e6,metal and ligand,CATALYST,SMILES,CC1(C2=C(C(=CC=C2)P(C3=CC=CC=C3)C4=CC=CC=C4)OC5=C1C=CC=C5P(C6=CC=CC=C6)C7=CC=CC=C7)C
ord-731adccc0a564281bbf0c68982fd70e6,metal and ligand,CATALYST,SMILES,C1=CC=C(C=C1)/C=C/C(=O)/C=C/C2=CC=CC=C2.C1=CC=C(C=C1)/C=C/C(=O)/C=C/C2=CC=CC=C2.C1=CC=C(C=C1)/C=C/C(=O)/C=C/C2=CC=CC=C2.[Pd].[Pd]
ord-621d036677ca44618570da1795ad36a5,Base,REAGENT,SMILES,C(=O)([O-])[O-].[K+].[K+]
ord-621d036677ca44618570da1795ad36a5,Solvent,SOLVENT,SMILES,CC1=CC=CC=C1
ord-621d036677ca44618570da1795ad36a5,amine,REACTANT,SMILES,CN1C=C(C=N1)C2=C(N=C(C=C2)N)OC
ord-621d036677ca44618570da1795ad36a5,aryl halide,REACTANT,SMILES,CN1C[C@H](OC2=C(C1)C=CC(=N2)Cl)C3=CC=CC=C3
ord-621d036677ca44618570da1795ad36a5,metal and ligand,CATALYST,SMILES,C1=CC=C(C=C1)P(C2=CC=CC=C2)C3=C(C4=CC=CC=C4C=C3)C5=C(C=CC6=CC=CC=C65)P(C7=CC=CC=C7)C8=CC=CC=C8
ord-621d036677ca44618570da1795ad36a5,metal and ligand,CATALYST,SMILES,CC(=O)O.CC(=O)O.[Pd]
ord-621d036677ca44618570da1795ad36a5,metal and ligand,CATALYST,SMILES,C1=CC=C(C=C1)P(C2=CC=CC=C2)C3=C(C4=CC=CC=C4C=C3)C5=C(C=CC6=CC=CC=C65)P(C7=CC=CC=C7)C8=CC=CC=C8
ord-621d036677ca44618570da1795ad36a5,metal and ligand,CATALYST,SMILES,CC(=O)O.CC(=O)O.[Pd]
ord-eeeb45fc43db405282b2d52841087c19,Base,REAGENT,SMILES,CC(C)(C)[O-].[Na+]
ord-eeeb45fc43db405282b2d52841087c19,Solvent,SOLVENT,SMILES,CC1=CC=CC=C1
ord-eeeb45fc43db405282b2d52841087c19,amine,REACTANT,SMILES,CN1C=C(C=N1)C2=C(N=C(C=C2)N)OC
ord-eeeb45fc43db405282b2d52841087c19,aryl halide,REACTANT,SMILES,CN1C[C@H](OC2=C(C1)C=CC(=N2)Cl)C3=CC=CC=C3
ord-eeeb45fc43db405282b2d52841087c19,metal and ligand,CATALYST,SMILES,C1=CC=C(C=C1)P(C2=CC=CC=C2)C3=C(C4=CC=CC=C4C=C3)C5=C(C=CC6=CC=CC=C65)P(C7=CC=CC=C7)C8=CC=CC=C8
ord-eeeb45fc43db405282b2d52841087c19,metal and ligand,CATALYST,SMILES,C1=CC=C(C=C1)/C=C/C(=O)/C=C/C2=CC=CC=C2.C1=CC=C(C=C1)/C=C/C(=O)/C=C/C2=CC=CC=C2.C1=CC=C(C=C1)/C=C/C(=O)/C=C/C2=CC=CC=C2.[Pd].[Pd]
ord-eeeb45fc43db405282b2d52841087c19,metal and ligand,CATALYST,SMILES,C1=CC=C(C=C1)P(C2=CC=CC=C2)C3=C(C4=CC=CC=C4C=C3)C5=C(C=CC6=CC=CC=C65)P(C7=CC=CC=C7)C8=CC=CC=C8
ord-eeeb45fc43db405282b2d52841087c19,metal and ligand,CATALYST,SMILES,C1=CC=C(C=C1)/C=C/C(=O)/C=C/C2=CC=CC=C2.C1=CC=C(C=C1)/C=C/C(=O)/C=C/C2=CC=CC=C2.C1=CC=C(C=C1)/C=C/C(=O)/C=C/C2=CC=CC=C2.[Pd].[Pd]
ord-0624d5800c4b4df5ab74722e43784236,Base,REAGENT,SMILES,C(=O)([O-])[O-].[K+].[K+]
ord-0624d5800c4b4df5ab74722e43784236,Solvent,SOLVENT,SMILES,CC1=CC=CC=C1
ord-0624d5800c4b4df5ab74722e43784236,amine,REACTANT,SMILES,CN1C=C(C=N1)C2=C(N=C(C=C2)N)OC
ord-0624d5800c4b4df5ab74722e43784236,aryl halide,REACTANT,SMILES,CN1C[C@H](OC2=C(C1)C=CC(=N2)Cl)C3=CC=CC=C3
ord-0624d5800c4b4df5ab74722e43784236,metal and ligand,CATALYST,SMILES,C1=CC=C(C=C1)P(C2=CC=CC=C2)C3=C(C4=CC=CC=C4C=C3)C5=C(C=CC6=CC=CC=C65)P(C7=CC=CC=C7)C8=CC=CC=C8
ord-0624d5800c4b4df5ab74722e43784236,metal and ligand,CATALYST,SMILES,CC(=O)O.CC(=O)O.[Pd]
ord-0624d5800c4b4df5ab74722e43784236,metal and ligand,CATALYST,SMILES,C1=CC=C(C=C1)P(C2=CC=CC=C2)C3=C(C4=CC=CC=C4C=C3)C5=C(C=CC6=CC=CC=C65)P(C7=CC=CC=C7)C8=CC=CC=C8
ord-0624d5800c4b4df5ab74722e43784236,metal and ligand,CATALYST,SMILES,CC(=O)O.CC(=O)O.[Pd]
ord-f324903a1dbf436dad59daccca5918c2,Base,REAGENT,SMILES,C(=O)([O-])[O-].[K+].[K+]
ord-f324903a1dbf436dad59daccca5918c2,Solvent,SOLVENT,SMILES,CC1=CC=CC=C1
ord-f324903a1dbf436dad59daccca5918c2,amine,REACTANT,SMILES,CN1C=C(C=N1)C2=C(N=C(C=C2)N)OC
ord-f324903a1dbf436dad59daccca5918c2,aryl halide,REACTANT,SMILES,CN1C[C@H](OC2=C(C1)C=CC(=N2)Cl)C3=CC=CC=C3
ord-f324903a1dbf436dad59daccca5918c2,metal and ligand,CATALYST,SMILES,C1=CC=C(C=C1)P(C2=CC=CC=C2)C3=C(C4=CC=CC=C4C=C3)C5=C(C=CC6=CC=CC=C65)P(C7=CC=CC=C7)C8=CC=CC=C8
ord-f324903a1dbf436dad59daccca5918c2,metal and ligand,CATALYST,SMILES,CC(=O)O.CC(=O)O.[Pd]
ord-f324903a1dbf436dad59daccca5918c2,metal and ligand,CATALYST,SMILES,C1=CC=C(C=C1)P(C2=CC=CC=C2)C3=C(C4=CC=CC=C4C=C3)C5=C(C=CC6=CC=CC=C65)P(C7=CC=CC=C7)C8=CC=CC=C8
ord-f324903a1dbf436dad59daccca5918c2,metal and ligand,CATALYST,SMILES,CC(=O)O.CC(=O)O.[Pd]
ord-b30e73dcf3ae428d887dca581acb0b4f,Base,REAGENT,SMILES,C(=O)([O-])[O-].[K+].[K+]
ord-b30e73dcf3ae428d887dca581acb0b4f,Solvent,SOLVENT,SMILES,CC1=CC=CC=C1
ord-b30e73dcf3ae428d887dca581acb0b4f,amine,REACTANT,SMILES,CN1C=C(C=N1)C2=C(N=C(C=C2)N)OC
ord-b30e73dcf3ae428d887dca581acb0b4f,aryl halide,REACTANT,SMILES,CN1C[C@H](OC2=C(C1)C=CC(=N2)Cl)C3=CC=CC=C3
ord-b30e73dcf3ae428d887dca581acb0b4f,metal and ligand,CATALYST,SMILES,C1=CC=C(C=C1)P(C2=CC=CC=C2)C3=C(C4=CC=CC=C4C=C3)C5=C(C=CC6=CC=CC=C65)P(C7=CC=CC=C7)C8=CC=CC=C8
ord-b30e73dcf3ae428d887dca581acb0b4f,metal and ligand,CATALYST,SMILES,CC(=O)O.CC(=O)O.[Pd]
ord-b30e73dcf3ae428d887dca581acb0b4f,metal and ligand,CATALYST,SMILES,C1=CC=C(C=C1)P(C2=CC=CC=C2)C3=C(C4=CC=CC=C4C=C3)C5=C(C=CC6=CC=CC=C65)P(C7=CC=CC=C7)C8=CC=CC=C8
ord-b30e73dcf3ae428d887dca581acb0b4f,metal and ligand,CATALYST,SMILES,CC(=O)O.CC(=O)O.[Pd]
ord-3e65988c6a6b45e0aa2eb265462b21a7,Base,REAGENT,SMILES,CC(C)(C)[O-].[Na+]
ord-3e65988c6a6b45e0aa2eb265462b21a7,Solvent,SOLVENT,SMILES,CC1=CC=CC=C1
ord-3e65988c6a6b45e0aa2eb265462b21a7,amine,REACTANT,SMILES,CN1C=C(C=N1)C2=C(N=C(C=C2)N)OC
ord-3e65988c6a6b45e0aa2eb265462b21a7,aryl halide,REACTANT,SMILES,CN1C[C@H](OC2=C(C1)C=CC(=N2)Cl)C3=CC=CC=C3
ord-3e65988c6a6b45e0aa2eb265462b21a7,metal and ligand,CATALYST,SMILES,C1=CC=C(C=C1)P(C2=CC=CC=C2)C3=C(C4=CC=CC=C4C=C3)C5=C(C=CC6=CC=CC=C65)P(C7=CC=CC=C7)C8=CC=CC=C8
ord-3e65988c6a6b45e0aa2eb265462b21a7,metal and ligand,CATALYST,SMILES,C1=CC=C(C=C1)/C=C/C(=O)/C=C/C2=CC=CC=C2.C1=CC=C(C=C1)/C=C/C(=O)/C=C/C2=CC=CC=C2.C1=CC=C(C=C1)/C=C/C(=O)/C=C/C2=CC=CC=C2.[Pd].[Pd]
ord-3e65988c6a6b45e0aa2eb265462b21a7,metal and ligand,CATALYST,SMILES,C1=CC=C(C=C1)P(C2=CC=CC=C2)C3=C(C4=CC=CC=C4C=C3)C5=C(C=CC6=CC=CC=C65)P(C7=CC=CC=C7)C8=CC=CC=C8
ord-3e65988c6a6b45e0aa2eb265462b21a7,metal and ligand,CATALYST,SMILES,C1=CC=C(C=C1)/C=C/C(=O)/C=C/C2=CC=CC=C2.C1=CC=C(C=C1)/C=C/C(=O)/C=C/C2=CC=CC=C2.C1=CC=C(C=C1)/C=C/C(=O)/C=C/C2=CC=CC=C2.[Pd].[Pd]
ord-d106e5c0510845f092f0e721b9abc1a2,Base,REAGENT,SMILES,C(=O)([O-])[O-].[K+].[K+]
ord-d106e5c0510845f092f0e721b9abc1a2,Solvent,SOLVENT,SMILES,CC1=CC=CC=C1
ord-d106e5c0510845f092f0e721b9abc1a2,amine,REACTANT,SMILES,CN1C=C(C=N1)C2=C(N=C(C=C2)N)OC
ord-d106e5c0510845f092f0e721b9abc1a2,aryl halide,REACTANT,SMILES,CN1C[C@H](OC2=C(C1)C=CC(=N2)Cl)C3=CC=CC=C3
ord-d106e5c0510845f092f0e721b9abc1a2,metal and ligand,CATALYST,SMILES,C1=CC=C(C=C1)P(C2=CC=CC=C2)C3=C(C4=CC=CC=C4C=C3)C5=C(C=CC6=CC=CC=C65)P(C7=CC=CC=C7)C8=CC=CC=C8
ord-d106e5c0510845f092f0e721b9abc1a2,metal and ligand,CATALYST,SMILES,CC(=O)O.CC(=O)O.[Pd]
ord-d106e5c0510845f092f0e721b9abc1a2,metal and ligand,CATALYST,SMILES,C1=CC=C(C=C1)P(C2=CC=CC=C2)C3=C(C4=CC=CC=C4C=C3)C5=C(C=CC6=CC=CC=C65)P(C7=CC=CC=C7)C8=CC=CC=C8
ord-d106e5c0510845f092f0e721b9abc1a2,metal and ligand,CATALYST,SMILES,CC(=O)O.CC(=O)O.[Pd]
ord-570c79ad72a549d498fb0aa790356a1e,Base,REAGENT,SMILES,C(=O)([O-])[O-].[K+].[K+]
ord-570c79ad72a549d498fb0aa790356a1e,Solvent,SOLVENT,SMILES,CC1=CC=CC=C1
ord-570c79ad72a549d498fb0aa790356a1e,amine,REACTANT,SMILES,CN1C=C(C=N1)C2=C(N=C(C=C2)N)OC
ord-570c79ad72a549d498fb0aa790356a1e,aryl halide,REACTANT,SMILES,CN1C[C@H](OC2=C(C1)C=CC(=N2)Cl)C3=CC=CC=C3
ord-570c79ad72a549d498fb0aa790356a1e,metal and ligand,CATALYST,SMILES,C1=CC=C(C=C1)P(C2=CC=CC=C2)C3=C(C4=CC=CC=C4C=C3)C5=C(C=CC6=CC=CC=C65)P(C7=CC=CC=C7)C8=CC=CC=C8
ord-570c79ad72a549d498fb0aa790356a1e,metal and ligand,CATALYST,SMILES,CC(=O)O.CC(=O)O.[Pd]
ord-570c79ad72a549d498fb0aa790356a1e,metal and ligand,CATALYST,SMILES,C1=CC=C(C=C1)P(C2=CC=CC=C2)C3=C(C4=CC=CC=C4C=C3)C5=C(C=CC6=CC=CC=C65)P(C7=CC=CC=C7)C8=CC=CC=C8
ord-570c79ad72a549d498fb0aa790356a1e,metal and ligand,CATALYST,SMILES,CC(=O)O.CC(=O)O.[Pd]
ord-7d5963f655d84875bf61ad4d09b53b49,Base,REAGENT,SMILES,C(=O)([O-])[O-].[K+].[K+]
ord-7d5963f655d84875bf61ad4d09b53b49,Solvent,SOLVENT,SMILES,CC1=CC=CC=C1
ord-7d5963f655d84875bf61ad4d09b53b49,amine,REACTANT,SMILES,CN1C=C(C=N1)C2=C(N=C(C=C2)N)OC
ord-7d5963f655d84875bf61ad4d09b53b49,aryl halide,REACTANT,SMILES,CN1C[C@H](OC2=C(C1)C=CC(=N2)Cl)C3=CC=CC=C3
ord-7d5963f655d84875bf61ad4d09b53b49,metal and ligand,CATALYST,SMILES,C1=CC=C(C=C1)P(C2=CC=CC=C2)C3=C(C4=CC=CC=C4C=C3)C5=C(C=CC6=CC=CC=C65)P(C7=CC=CC=C7)C8=CC=CC=C8
ord-7d5963f655d84875bf61ad4d09b53b49,metal and ligand,CATALYST,SMILES,CC(=O)O.CC(=O)O.[Pd]
ord-7d5963f655d84875bf61ad4d09b53b49,metal and ligand,CATALYST,SMILES,C1=CC=C(C=C1)P(C2=CC=CC=C2)C3=C(C4=CC=CC=C4C=C3)C5=C(C=CC6=CC=CC=C65)P(C7=CC=CC=C7)C8=CC=CC=C8
ord-7d5963f655d84875bf61ad4d09b53b49,metal and ligand,CATALYST,SMILES,CC(=O)O.CC(=O)O.[Pd]
ord-23ee6c17726e43148570d3de230c90b7,Base,REAGENT,SMILES,C(=O)([O-])[O-].[K+].[K+]
ord-23ee6c17726e43148570d3de230c90b7,Solvent,SOLVENT,SMILES,CC1=CC=CC=C1
ord-23ee6c17726e43148570d3de230c90b7,amine,REACTANT,SMILES,CN1C=C(C=N1)C2=C(N=C(C=C2)N)OC
ord-23ee6c17726e43148570d3de230c90b7,aryl halide,REACTANT,SMILES,CN1C[C@H](OC2=C(C1)C=CC(=N2)Cl)C3=CC=CC=C3
ord-23ee6c17726e43148570d3de230c90b7,metal and ligand,CATALYST,SMILES,C1=CC=C(C=C1)P(C2=CC=CC=C2)C3=C(C4=CC=CC=C4C=C3)C5=C(C=CC6=CC=CC=C65)P(C7=CC=CC=C7)C8=CC=CC=C8
ord-23ee6c17726e43148570d3de230c90b7,metal and ligand,CATALYST,SMILES,CC(=O)O.CC(=O)O.[Pd]
ord-23ee6c17726e43148570d3de230c90b7,metal and ligand,CATALYST,SMILES,C1=CC=C(C=C1)P(C2=CC=CC=C2)C3=C(C4=CC=CC=C4C=C3)C5=C(C=CC6=CC=CC=C65)P(C7=CC=CC=C7)C8=CC=CC=C8
ord-23ee6c17726e43148570d3de230c90b7,metal and ligand,CATALYST,SMILES,CC(=O)O.CC(=O)O.[Pd]
ord-bea3ac5058c048368377611c2ed94139,Base,REAGENT,SMILES,CC(C)(C)[O-].[Na+]
ord-bea3ac5058c048368377611c2ed94139,Solvent,SOLVENT,SMILES,CC1=CC=CC=C1
ord-bea3ac5058c048368377611c2ed94139,amine,REACTANT,SMILES,CN1C=C(C=N1)C2=C(N=C(C=C2)N)OC
ord-bea3ac5058c048368377611c2ed94139,aryl halide,REACTANT,SMILES,CN1C[C@H](OC2=C(C1)C=CC(=N2)Cl)C3=CC=CC=C3
ord-bea3ac5058c048368377611c2ed94139,metal and ligand,CATALYST,SMILES,C1=CC=C(C=C1)P(C2=CC=CC=C2)C3=C(C4=CC=CC=C4C=C3)C5=C(C=CC6=CC=CC=C65)P(C7=CC=CC=C7)C8=CC=CC=C8
ord-bea3ac5058c048368377611c2ed94139,metal and ligand,CATALYST,SMILES,C1=CC=C(C=C1)/C=C/C(=O)/C=C/C2=CC=CC=C2.C1=CC=C(C=C1)/C=C/C(=O)/C=C/C2=CC=CC=C2.C1=CC=C(C=C1)/C=C/C(=O)/C=C/C2=CC=CC=C2.[Pd].[Pd]
ord-bea3ac5058c048368377611c2ed94139,metal and ligand,CATALYST,SMILES,C1=CC=C(C=C1)P(C2=CC=CC=C2)C3=C(C4=CC=CC=C4C=C3)C5=C(C=CC6=CC=CC=C65)P(C7=CC=CC=C7)C8=CC=CC=C8
ord-bea3ac5058c048368377611c2ed94139,metal and ligand,CATALYST,SMILES,C1=CC=C(C=C1)/C=C/C(=O)/C=C/C2=CC=CC=C2.C1=CC=C(C=C1)/C=C/C(=O)/C=C/C2=CC=CC=C2.C1=CC=C(C=C1)/C=C/C(=O)/C=C/C2=CC=CC=C2.[Pd].[Pd]
ord-23ff93d7067c46afbfd708d8d8da4502,Base,REAGENT,SMILES,CC(C)(C)[O-].[Na+]
ord-23ff93d7067c46afbfd708d8d8da4502,Solvent,SOLVENT,SMILES,CC1=CC=CC=C1
ord-23ff93d7067c46afbfd708d8d8da4502,amine,REACTANT,SMILES,CN1C=C(C=N1)C2=C(N=C(C=C2)N)OC
ord-23ff93d7067c46afbfd708d8d8da4502,aryl halide,REACTANT,SMILES,CC1=CC(=NC=C1)C2CN(CC3=C(O2)N=C(C=C3)Cl)C
ord-23ff93d7067c46afbfd708d8d8da4502,metal and ligand,CATALYST,SMILES,C1=CC=C(C=C1)P(C2=CC=CC=C2)C3=C(C4=CC=CC=C4C=C3)C5=C(C=CC6=CC=CC=C65)P(C7=CC=CC=C7)C8=CC=CC=C8
ord-23ff93d7067c46afbfd708d8d8da4502,metal and ligand,CATALYST,SMILES,C1=CC=C(C=C1)/C=C/C(=O)/C=C/C2=CC=CC=C2.C1=CC=C(C=C1)/C=C/C(=O)/C=C/C2=CC=CC=C2.C1=CC=C(C=C1)/C=C/C(=O)/C=C/C2=CC=CC=C2.[Pd].[Pd]
ord-23ff93d7067c46afbfd708d8d8da4502,metal and ligand,CATALYST,SMILES,C1=CC=C(C=C1)P(C2=CC=CC=C2)C3=C(C4=CC=CC=C4C=C3)C5=C(C=CC6=CC=CC=C65)P(C7=CC=CC=C7)C8=CC=CC=C8
ord-23ff93d7067c46afbfd708d8d8da4502,metal and ligand,CATALYST,SMILES,C1=CC=C(C=C1)/C=C/C(=O)/C=C/C2=CC=CC=C2.C1=CC=C(C=C1)/C=C/C(=O)/C=C/C2=CC=CC=C2.C1=CC=C(C=C1)/C=C/C(=O)/C=C/C2=CC=CC=C2.[Pd].[Pd]
ord-c9c2650e754c4141a34b6871c226f8e2,Base,REAGENT,SMILES,CC(C)(C)[O-].[Na+]
ord-c9c2650e754c4141a34b6871c226f8e2,Solvent,SOLVENT,SMILES,CC1=CC=CC=C1
ord-c9c2650e754c4141a34b6871c226f8e2,amine,REACTANT,SMILES,CN1C=C(C=N1)C2=C(N=C(C=C2)N)OC
ord-c9c2650e754c4141a34b6871c226f8e2,aryl halide,REACTANT,SMILES,CC1=CN=C(C=C1)C2CN(CC3=C(O2)N=C(C=C3)Cl)C
ord-c9c2650e754c4141a34b6871c226f8e2,metal and ligand,CATALYST,SMILES,C1=CC=C(C=C1)P(C2=CC=CC=C2)C3=C(C4=CC=CC=C4C=C3)C5=C(C=CC6=CC=CC=C65)P(C7=CC=CC=C7)C8=CC=CC=C8
ord-c9c2650e754c4141a34b6871c226f8e2,metal and ligand,CATALYST,SMILES,C1=CC=C(C=C1)/C=C/C(=O)/C=C/C2=CC=CC=C2.C1=CC=C(C=C1)/C=C/C(=O)/C=C/C2=CC=CC=C2.C1=CC=C(C=C1)/C=C/C(=O)/C=C/C2=CC=CC=C2.[Pd].[Pd]
ord-c9c2650e754c4141a34b6871c226f8e2,metal and ligand,CATALYST,SMILES,C1=CC=C(C=C1)P(C2=CC=CC=C2)C3=C(C4=CC=CC=C4C=C3)C5=C(C=CC6=CC=CC=C65)P(C7=CC=CC=C7)C8=CC=CC=C8
ord-c9c2650e754c4141a34b6871c226f8e2,metal and ligand,CATALYST,SMILES,C1=CC=C(C=C1)/C=C/C(=O)/C=C/C2=CC=CC=C2.C1=CC=C(C=C1)/C=C/C(=O)/C=C/C2=CC=CC=C2.C1=CC=C(C=C1)/C=C/C(=O)/C=C/C2=CC=CC=C2.[Pd].[Pd]
ord-1563c8430590422cb033c9d23b6239c7,Base,REAGENT,SMILES,C(=O)([O-])[O-].[Cs+].[Cs+]
ord-1563c8430590422cb033c9d23b6239c7,Solvent,SOLVENT,SMILES,C1COCCO1
ord-1563c8430590422cb033c9d23b6239c7,amine,REACTANT,SMILES,CN(C)C(=O)C1=CC2=C(C(=C1)C3CCCN3)OC(=CC2=O)N4CCOCC4
ord-1563c8430590422cb033c9d23b6239c7,aryl halide,REACTANT,SMILES,C1=C(C=C(C=C1F)Br)F
ord-1563c8430590422cb033c9d23b6239c7,metal and ligand,CATALYST,SMILES,CC1(C2=C(C(=CC=C2)P(C3=CC=CC=C3)C4=CC=CC=C4)OC5=C1C=CC=C5P(C6=CC=CC=C6)C7=CC=CC=C7)C
ord-1563c8430590422cb033c9d23b6239c7,metal and ligand,CATALYST,SMILES,CC(=O)O.CC(=O)O.[Pd]
ord-1563c8430590422cb033c9d23b6239c7,metal and ligand,CATALYST,SMILES,CC1(C2=C(C(=CC=C2)P(C3=CC=CC=C3)C4=CC=CC=C4)OC5=C1C=CC=C5P(C6=CC=CC=C6)C7=CC=CC=C7)C
ord-1563c8430590422cb033c9d23b6239c7,metal and ligand,CATALYST,SMILES,CC(=O)O.CC(=O)O.[Pd]
ord-770b2145b34144d1907205e1cdc145c0,Base,REAGENT,SMILES,C(=O)([O-])[O-].[Cs+].[Cs+]
ord-770b2145b34144d1907205e1cdc145c0,Solvent,SOLVENT,SMILES,C1COCCO1
ord-770b2145b34144d1907205e1cdc145c0,amine,REACTANT,SMILES,CN(C)C(=O)C1=CC2=C(C(=C1)C3CCCN3)OC(=CC2=O)N4CCOCC4
ord-770b2145b34144d1907205e1cdc145c0,aryl halide,REACTANT,SMILES,C1=C(C=C(C=C1F)Br)F
ord-770b2145b34144d1907205e1cdc145c0,metal and ligand,CATALYST,SMILES,CC1(C2=C(C(=CC=C2)P(C3=CC=CC=C3)C4=CC=CC=C4)OC5=C1C=CC=C5P(C6=CC=CC=C6)C7=CC=CC=C7)C
ord-770b2145b34144d1907205e1cdc145c0,metal and ligand,CATALYST,SMILES,CC(=O)O.CC(=O)O.[Pd]
ord-770b2145b34144d1907205e1cdc145c0,metal and ligand,CATALYST,SMILES,CC1(C2=C(C(=CC=C2)P(C3=CC=CC=C3)C4=CC=CC=C4)OC5=C1C=CC=C5P(C6=CC=CC=C6)C7=CC=CC=C7)C
ord-770b2145b34144d1907205e1cdc145c0,metal and ligand,CATALYST,SMILES,CC(=O)O.CC(=O)O.[Pd]
ord-856e3e504ed54d0cb8cb9c559a0474c7,Base,REAGENT,SMILES,C(=O)([O-])[O-].[Cs+].[Cs+]
ord-856e3e504ed54d0cb8cb9c559a0474c7,Solvent,SOLVENT,SMILES,C1COCCO1
ord-856e3e504ed54d0cb8cb9c559a0474c7,amine,REACTANT,SMILES,C1CCNCC1
ord-856e3e504ed54d0cb8cb9c559a0474c7,aryl halide,REACTANT,SMILES,CCOC(=O)C1=CC=C(C=C1)Br
ord-856e3e504ed54d0cb8cb9c559a0474c7,metal and ligand,CATALYST,SMILES,C1=CC=C(C=C1)P(C2=CC=CC=C2)C3=C(C4=CC=CC=C4C=C3)C5=C(C=CC6=CC=CC=C65)P(C7=CC=CC=C7)C8=CC=CC=C8
ord-856e3e504ed54d0cb8cb9c559a0474c7,metal and ligand,CATALYST,SMILES,CC(=O)O.CC(=O)O.[Pd]
ord-856e3e504ed54d0cb8cb9c559a0474c7,metal and ligand,CATALYST,SMILES,C1=CC=C(C=C1)P(C2=CC=CC=C2)C3=C(C4=CC=CC=C4C=C3)C5=C(C=CC6=CC=CC=C65)P(C7=CC=CC=C7)C8=CC=CC=C8
ord-856e3e504ed54d0cb8cb9c559a0474c7,metal and ligand,CATALYST,SMILES,CC(=O)O.CC(=O)O.[Pd]
ord-b099625680284510ba7d7318538524ab,Base,REAGENT,SMILES,C(=O)([O-])[O-].[Cs+].[Cs+]
ord-b099625680284510ba7d7318538524ab,Solvent,SOLVENT,SMILES,C1COCCO1
ord-b099625680284510ba7d7318538524ab,amine,REACTANT,SMILES,C1CCNCC1
ord-b099625680284510ba7d7318538524ab,aryl halide,REACTANT,SMILES,CC(C)(C)OC(=O)C1=CN=C(C=C1)Br
ord-b099625680284510ba7d7318538524ab,metal and ligand,CATALYST,SMILES,C1=CC=C(C=C1)P(C2=CC=CC=C2)C3=C(C4=CC=CC=C4C=C3)C5=C(C=CC6=CC=CC=C65)P(C7=CC=CC=C7)C8=CC=CC=C8
ord-b099625680284510ba7d7318538524ab,metal and ligand,CATALYST,SMILES,CC(=O)O.CC(=O)O.[Pd]
ord-b099625680284510ba7d7318538524ab,metal and ligand,CATALYST,SMILES,C1=CC=C(C=C1)P(C2=CC=CC=C2)C3=C(C4=CC=CC=C4C=C3)C5=C(C=CC6=CC=CC=C65)P(C7=CC=CC=C7)C8=CC=CC=C8
ord-b099625680284510ba7d7318538524ab,metal and ligand,CATALYST,SMILES,CC(=O)O.CC(=O)O.[Pd]
ord-ff0eb93bbb4b45cdb3807c4588dd206f,Base,REAGENT,SMILES,C(=O)([O-])[O-].[Cs+].[Cs+]
ord-ff0eb93bbb4b45cdb3807c4588dd206f,Solvent,SOLVENT,SMILES,CC1=CC=CC=C1
ord-ff0eb93bbb4b45cdb3807c4588dd206f,amine,REACTANT,SMILES,C1COCCN1
ord-ff0eb93bbb4b45cdb3807c4588dd206f,aryl halide,REACTANT,SMILES,COC(=O)C1=CC(=CC(=C1)Br)C(=O)OC
ord-ff0eb93bbb4b45cdb3807c4588dd206f,metal and ligand,CATALYST,SMILES,C1=CC=C(C=C1)P(C2=CC=CC=C2)C3=C(C4=CC=CC=C4C=C3)C5=C(C=CC6=CC=CC=C65)P(C7=CC=CC=C7)C8=CC=CC=C8
ord-ff0eb93bbb4b45cdb3807c4588dd206f,metal and ligand,CATALYST,SMILES,CC(=O)O.CC(=O)O.[Pd]
ord-ff0eb93bbb4b45cdb3807c4588dd206f,metal and ligand,CATALYST,SMILES,C1=CC=C(C=C1)P(C2=CC=CC=C2)C3=C(C4=CC=CC=C4C=C3)C5=C(C=CC6=CC=CC=C65)P(C7=CC=CC=C7)C8=CC=CC=C8
ord-ff0eb93bbb4b45cdb3807c4588dd206f,metal and ligand,CATALYST,SMILES,CC(=O)O.CC(=O)O.[Pd]
ord-822f9545d2954337a3563b98247b8f3b,Base,REAGENT,SMILES,CC(C)(C)[O-].[Na+]
ord-822f9545d2954337a3563b98247b8f3b,Solvent,SOLVENT,SMILES,CC1=CC=CC=C1
ord-822f9545d2954337a3563b98247b8f3b,amine,REACTANT,SMILES,C1COCCN1
ord-822f9545d2954337a3563b98247b8f3b,aryl halide,REACTANT,SMILES,C1=C(C=NC=C1Br)Br
ord-822f9545d2954337a3563b98247b8f3b,metal and ligand,CATALYST,SMILES,C1=CC=C(C=C1)P(C2=CC=CC=C2)C3=C(C4=CC=CC=C4C=C3)C5=C(C=CC6=CC=CC=C65)P(C7=CC=CC=C7)C8=CC=CC=C8
ord-822f9545d2954337a3563b98247b8f3b,metal and ligand,CATALYST,SMILES,C1=CC=C(C=C1)/C=C/C(=O)/C=C/C2=CC=CC=C2.C1=CC=C(C=C1)/C=C/C(=O)/C=C/C2=CC=CC=C2.C1=CC=C(C=C1)/C=C/C(=O)/C=C/C2=CC=CC=C2.[Pd].[Pd]
ord-822f9545d2954337a3563b98247b8f3b,metal and ligand,CATALYST,SMILES,C1=CC=C(C=C1)P(C2=CC=CC=C2)C3=C(C4=CC=CC=C4C=C3)C5=C(C=CC6=CC=CC=C65)P(C7=CC=CC=C7)C8=CC=CC=C8
ord-822f9545d2954337a3563b98247b8f3b,metal and ligand,CATALYST,SMILES,C1=CC=C(C=C1)/C=C/C(=O)/C=C/C2=CC=CC=C2.C1=CC=C(C=C1)/C=C/C(=O)/C=C/C2=CC=CC=C2.C1=CC=C(C=C1)/C=C/C(=O)/C=C/C2=CC=CC=C2.[Pd].[Pd]
ord-3d99515de30641289be85a9d48e7a43a,Base,REAGENT,SMILES,CC(C)(C)[O-].[Na+]
ord-3d99515de30641289be85a9d48e7a43a,Solvent,SOLVENT,SMILES,CC1=CC=CC=C1
ord-3d99515de30641289be85a9d48e7a43a,amine,REACTANT,SMILES,CNCCOC
ord-3d99515de30641289be85a9d48e7a43a,aryl halide,REACTANT,SMILES,C1=C(C=NC=C1Br)Br
ord-3d99515de30641289be85a9d48e7a43a,metal and ligand,CATALYST,SMILES,C1=CC=C(C=C1)P(C2=CC=CC=C2)C3=C(C4=CC=CC=C4C=C3)C5=C(C=CC6=CC=CC=C65)P(C7=CC=CC=C7)C8=CC=CC=C8
ord-3d99515de30641289be85a9d48e7a43a,metal and ligand,CATALYST,SMILES,C1=CC=C(C=C1)/C=C/C(=O)/C=C/C2=CC=CC=C2.C1=CC=C(C=C1)/C=C/C(=O)/C=C/C2=CC=CC=C2.C1=CC=C(C=C1)/C=C/C(=O)/C=C/C2=CC=CC=C2.[Pd].[Pd]
ord-3d99515de30641289be85a9d48e7a43a,metal and ligand,CATALYST,SMILES,C1=CC=C(C=C1)P(C2=CC=CC=C2)C3=C(C4=CC=CC=C4C=C3)C5=C(C=CC6=CC=CC=C65)P(C7=CC=CC=C7)C8=CC=CC=C8
ord-3d99515de30641289be85a9d48e7a43a,metal and ligand,CATALYST,SMILES,C1=CC=C(C=C1)/C=C/C(=O)/C=C/C2=CC=CC=C2.C1=CC=C(C=C1)/C=C/C(=O)/C=C/C2=CC=CC=C2.C1=CC=C(C=C1)/C=C/C(=O)/C=C/C2=CC=CC=C2.[Pd].[Pd]
ord-370d0a5fbe29487785ea2b57f66774a2,Base,REAGENT,SMILES,C(=O)([O-])[O-].[Cs+].[Cs+]
ord-370d0a5fbe29487785ea2b57f66774a2,Solvent,SOLVENT,SMILES,CN1CCCC1=O
ord-370d0a5fbe29487785ea2b57f66774a2,amine,REACTANT,SMILES,C1=CC(=CC=C1N)S(=O)(=O)N
ord-370d0a5fbe29487785ea2b57f66774a2,aryl halide,REACTANT,SMILES,COC1=CC(=NC=C1)Cl
ord-370d0a5fbe29487785ea2b57f66774a2,metal and ligand,CATALYST,SMILES,CC1(C2=C(C(=CC=C2)P(C3=CC=CC=C3)C4=CC=CC=C4)OC5=C1C=CC=C5P(C6=CC=CC=C6)C7=CC=CC=C7)C
ord-370d0a5fbe29487785ea2b57f66774a2,metal and ligand,CATALYST,SMILES,CC(=O)O.CC(=O)O.[Pd]
ord-370d0a5fbe29487785ea2b57f66774a2,metal and ligand,CATALYST,SMILES,CC1(C2=C(C(=CC=C2)P(C3=CC=CC=C3)C4=CC=CC=C4)OC5=C1C=CC=C5P(C6=CC=CC=C6)C7=CC=CC=C7)C
ord-370d0a5fbe29487785ea2b57f66774a2,metal and ligand,CATALYST,SMILES,CC(=O)O.CC(=O)O.[Pd]
ord-2f18202487aa4ad2b8bb581b02b238ef,Base,REAGENT,SMILES,C(=O)([O-])[O-].[Cs+].[Cs+]
ord-2f18202487aa4ad2b8bb581b02b238ef,Solvent,SOLVENT,SMILES,CC(=O)N(C)C
ord-2f18202487aa4ad2b8bb581b02b238ef,amine,REACTANT,SMILES,C1=CC(=CC=C1N)S(=O)(=O)N
ord-2f18202487aa4ad2b8bb581b02b238ef,aryl halide,REACTANT,SMILES,C1=CC=C(C=C1)Br
ord-2f18202487aa4ad2b8bb581b02b238ef,metal and ligand,CATALYST,SMILES,CC1(C2=C(C(=CC=C2)P(C3=CC=CC=C3)C4=CC=CC=C4)OC5=C1C=CC=C5P(C6=CC=CC=C6)C7=CC=CC=C7)C
ord-2f18202487aa4ad2b8bb581b02b238ef,metal and ligand,CATALYST,SMILES,CC(=O)O.CC(=O)O.[Pd]
ord-2f18202487aa4ad2b8bb581b02b238ef,metal and ligand,CATALYST,SMILES,CC1(C2=C(C(=CC=C2)P(C3=CC=CC=C3)C4=CC=CC=C4)OC5=C1C=CC=C5P(C6=CC=CC=C6)C7=CC=CC=C7)C
ord-2f18202487aa4ad2b8bb581b02b238ef,metal and ligand,CATALYST,SMILES,CC(=O)O.CC(=O)O.[Pd]
ord-22a60e15dfdd4a64952f48510c12252f,Base,REAGENT,SMILES,C(=O)([O-])[O-].[Cs+].[Cs+]
ord-22a60e15dfdd4a64952f48510c12252f,Solvent,SOLVENT,SMILES,C1COCCO1
ord-22a60e15dfdd4a64952f48510c12252f,amine,REACTANT,SMILES,CN(C)C(=O)C1=CC2=C(C(=C1)C3CCCN3)OC(=CC2=O)N4CCOCC4
ord-22a60e15dfdd4a64952f48510c12252f,aryl halide,REACTANT,SMILES,COC1=CC(=CC=C1)Br
ord-22a60e15dfdd4a64952f48510c12252f,metal and ligand,CATALYST,SMILES,CC1(C2=C(C(=CC=C2)P(C3=CC=CC=C3)C4=CC=CC=C4)OC5=C1C=CC=C5P(C6=CC=CC=C6)C7=CC=CC=C7)C
ord-22a60e15dfdd4a64952f48510c12252f,metal and ligand,CATALYST,SMILES,CC(=O)O.CC(=O)O.[Pd]
ord-22a60e15dfdd4a64952f48510c12252f,metal and ligand,CATALYST,SMILES,CC1(C2=C(C(=CC=C2)P(C3=CC=CC=C3)C4=CC=CC=C4)OC5=C1C=CC=C5P(C6=CC=CC=C6)C7=CC=CC=C7)C
ord-22a60e15dfdd4a64952f48510c12252f,metal and ligand,CATALYST,SMILES,CC(=O)O.CC(=O)O.[Pd]
ord-2c85deae4d144af0a18fb548e5e9eabd,Base,REAGENT,SMILES,C(=O)([O-])[O-].[Cs+].[Cs+]
ord-2c85deae4d144af0a18fb548e5e9eabd,Solvent,SOLVENT,SMILES,CC1=CC=CC=C1
ord-2c85deae4d144af0a18fb548e5e9eabd,amine,REACTANT,SMILES,C1=CC=C(C=C1)N
ord-2c85deae4d144af0a18fb548e5e9eabd,aryl halide,REACTANT,SMILES,C1=CC=C(C(=C1)[N+](=O)[O-])Br
ord-2c85deae4d144af0a18fb548e5e9eabd,metal and ligand,CATALYST,SMILES,C1=CC=C(C=C1)P(C2=CC=CC=C2)C3=C(C4=CC=CC=C4C=C3)C5=C(C=CC6=CC=CC=C65)P(C7=CC=CC=C7)C8=CC=CC=C8
ord-2c85deae4d144af0a18fb548e5e9eabd,metal and ligand,CATALYST,SMILES,C1=CC=C(C=C1)/C=C/C(=O)/C=C/C2=CC=CC=C2.C1=CC=C(C=C1)/C=C/C(=O)/C=C/C2=CC=CC=C2.C1=CC=C(C=C1)/C=C/C(=O)/C=C/C2=CC=CC=C2.[Pd].[Pd]
ord-2c85deae4d144af0a18fb548e5e9eabd,metal and ligand,CATALYST,SMILES,C1=CC=C(C=C1)P(C2=CC=CC=C2)C3=C(C4=CC=CC=C4C=C3)C5=C(C=CC6=CC=CC=C65)P(C7=CC=CC=C7)C8=CC=CC=C8
ord-2c85deae4d144af0a18fb548e5e9eabd,metal and ligand,CATALYST,SMILES,C1=CC=C(C=C1)/C=C/C(=O)/C=C/C2=CC=CC=C2.C1=CC=C(C=C1)/C=C/C(=O)/C=C/C2=CC=CC=C2.C1=CC=C(C=C1)/C=C/C(=O)/C=C/C2=CC=CC=C2.[Pd].[Pd]
ord-d9ed07514588414a96d99512916e6b2b,Base,REAGENT,SMILES,C(=O)([O-])[O-].[Cs+].[Cs+]
ord-d9ed07514588414a96d99512916e6b2b,Solvent,SOLVENT,SMILES,COCCOC
ord-d9ed07514588414a96d99512916e6b2b,amine,REACTANT,SMILES,CC1=CN(C=N1)C2=C(N=C(C=C2)N)OC
ord-d9ed07514588414a96d99512916e6b2b,aryl halide,REACTANT,SMILES,CC1=CSC(=N1)C2CN(CC3=C(O2)N=C(C=C3)Cl)C
ord-d9ed07514588414a96d99512916e6b2b,metal and ligand,CATALYST,SMILES,C1CCC(CC1)P(C2CCCCC2)C3=CC=CC=C3C4=CC=CC=C4
ord-d9ed07514588414a96d99512916e6b2b,metal and ligand,CATALYST,SMILES,CC(=O)O.CC(=O)O.[Pd]
ord-d9ed07514588414a96d99512916e6b2b,metal and ligand,CATALYST,SMILES,C1CCC(CC1)P(C2CCCCC2)C3=CC=CC=C3C4=CC=CC=C4
ord-d9ed07514588414a96d99512916e6b2b,metal and ligand,CATALYST,SMILES,CC(=O)O.CC(=O)O.[Pd]
ord-53ade929d04044c58b3188ce55627881,Base,REAGENT,SMILES,C(=O)([O-])[O-].[Cs+].[Cs+]
ord-53ade929d04044c58b3188ce55627881,Solvent,SOLVENT,SMILES,COCCOC
ord-53ade929d04044c58b3188ce55627881,amine,REACTANT,SMILES,CC1=CN(C=N1)C2=C(N=C(C=C2)N)OC
ord-53ade929d04044c58b3188ce55627881,aryl halide,REACTANT,SMILES,CC1=CSC(=N1)C2CN(CC3=C(O2)N=C(C=C3)Cl)C
ord-53ade929d04044c58b3188ce55627881,metal and ligand,CATALYST,SMILES,C1CCC(CC1)P(C2CCCCC2)C3=CC=CC=C3C4=CC=CC=C4
ord-53ade929d04044c58b3188ce55627881,metal and ligand,CATALYST,SMILES,CC(=O)O.CC(=O)O.[Pd]
ord-53ade929d04044c58b3188ce55627881,metal and ligand,CATALYST,SMILES,C1CCC(CC1)P(C2CCCCC2)C3=CC=CC=C3C4=CC=CC=C4
ord-53ade929d04044c58b3188ce55627881,metal and ligand,CATALYST,SMILES,CC(=O)O.CC(=O)O.[Pd]
ord-b45fc3e4fad4439cafccda47ed5c0991,Base,REAGENT,SMILES,C(=O)([O-])[O-].[Cs+].[Cs+]
ord-b45fc3e4fad4439cafccda47ed5c0991,Solvent,SOLVENT,SMILES,COCCOC
ord-b45fc3e4fad4439cafccda47ed5c0991,amine,REACTANT,SMILES,C1COCCN1
ord-b45fc3e4fad4439cafccda47ed5c0991,aryl halide,REACTANT,SMILES,COC(=O)C1=C(C=CC(=C1)Br)I
ord-b45fc3e4fad4439cafccda47ed5c0991,metal and ligand,CATALYST,SMILES,C1=CC=C(C=C1)P(C2=CC=CC=C2)C3=C(C4=CC=CC=C4C=C3)C5=C(C=CC6=CC=CC=C65)P(C7=CC=CC=C7)C8=CC=CC=C8
ord-b45fc3e4fad4439cafccda47ed5c0991,metal and ligand,CATALYST,SMILES,CC(=O)O.CC(=O)O.[Pd]
ord-b45fc3e4fad4439cafccda47ed5c0991,metal and ligand,CATALYST,SMILES,C1=CC=C(C=C1)P(C2=CC=CC=C2)C3=C(C4=CC=CC=C4C=C3)C5=C(C=CC6=CC=CC=C65)P(C7=CC=CC=C7)C8=CC=CC=C8
ord-b45fc3e4fad4439cafccda47ed5c0991,metal and ligand,CATALYST,SMILES,CC(=O)O.CC(=O)O.[Pd]
ord-41816b2f53f7429c8faade84ae4a9bb3,Base,REAGENT,SMILES,C(=O)([O-])[O-].[Cs+].[Cs+]
ord-41816b2f53f7429c8faade84ae4a9bb3,Solvent,SOLVENT,SMILES,COCCOC
ord-41816b2f53f7429c8faade84ae4a9bb3,amine,REACTANT,SMILES,C1COCCN1
ord-41816b2f53f7429c8faade84ae4a9bb3,aryl halide,REACTANT,SMILES,COC(=O)C1=CC(=C(C=C1)I)Br
ord-41816b2f53f7429c8faade84ae4a9bb3,metal and ligand,CATALYST,SMILES,C1=CC=C(C=C1)P(C2=CC=CC=C2)C3=C(C4=CC=CC=C4C=C3)C5=C(C=CC6=CC=CC=C65)P(C7=CC=CC=C7)C8=CC=CC=C8
ord-41816b2f53f7429c8faade84ae4a9bb3,metal and ligand,CATALYST,SMILES,CC(=O)O.CC(=O)O.[Pd]
ord-41816b2f53f7429c8faade84ae4a9bb3,metal and ligand,CATALYST,SMILES,C1=CC=C(C=C1)P(C2=CC=CC=C2)C3=C(C4=CC=CC=C4C=C3)C5=C(C=CC6=CC=CC=C65)P(C7=CC=CC=C7)C8=CC=CC=C8
ord-41816b2f53f7429c8faade84ae4a9bb3,metal and ligand,CATALYST,SMILES,CC(=O)O.CC(=O)O.[Pd]
ord-b29ef8d1a159427bbf8a6af5f4e4397e,Base,REAGENT,SMILES,C(=O)([O-])[O-].[Cs+].[Cs+]
ord-b29ef8d1a159427bbf8a6af5f4e4397e,Solvent,SOLVENT,SMILES,C1COCCO1
ord-b29ef8d1a159427bbf8a6af5f4e4397e,amine,REACTANT,SMILES,CN(C)C(=O)C1=CC2=C(C(=C1)C3CCCN3)OC(=CC2=O)N4CCOCC4
ord-b29ef8d1a159427bbf8a6af5f4e4397e,aryl halide,REACTANT,SMILES,C1=CC(=CC(=C1)Br)F
ord-b29ef8d1a159427bbf8a6af5f4e4397e,metal and ligand,CATALYST,SMILES,CC1(C2=C(C(=CC=C2)P(C3=CC=CC=C3)C4=CC=CC=C4)OC5=C1C=CC=C5P(C6=CC=CC=C6)C7=CC=CC=C7)C
ord-b29ef8d1a159427bbf8a6af5f4e4397e,metal and ligand,CATALYST,SMILES,CC(=O)O.CC(=O)O.[Pd]
ord-b29ef8d1a159427bbf8a6af5f4e4397e,metal and ligand,CATALYST,SMILES,CC1(C2=C(C(=CC=C2)P(C3=CC=CC=C3)C4=CC=CC=C4)OC5=C1C=CC=C5P(C6=CC=CC=C6)C7=CC=CC=C7)C
ord-b29ef8d1a159427bbf8a6af5f4e4397e,metal and ligand,CATALYST,SMILES,CC(=O)O.CC(=O)O.[Pd]
ord-2b09b0edd9af4f8e80b89621d51beb35,Base,REAGENT,SMILES,CCC(C)(C)[O-].[Na+]
ord-2b09b0edd9af4f8e80b89621d51beb35,Solvent,SOLVENT,SMILES,C1COCCO1
ord-2b09b0edd9af4f8e80b89621d51beb35,amine,REACTANT,SMILES,CN1C=C(C=CC1=O)C2=C(N=C(C=C2)N)OC
ord-2b09b0edd9af4f8e80b89621d51beb35,aryl halide,REACTANT,SMILES,CN1C[C@H](OC2=C(C1)C=CC(=N2)Cl)C3=CC=CC=C3
ord-2b09b0edd9af4f8e80b89621d51beb35,metal and ligand,CATALYST,SMILES,CC1(C2=C(C(=CC=C2)P(C3=CC=CC=C3)C4=CC=CC=C4)OC5=C1C=CC=C5P(C6=CC=CC=C6)C7=CC=CC=C7)C
ord-2b09b0edd9af4f8e80b89621d51beb35,metal and ligand,CATALYST,SMILES,CC(=O)O.CC(=O)O.[Pd]
ord-2b09b0edd9af4f8e80b89621d51beb35,metal and ligand,CATALYST,SMILES,CC1(C2=C(C(=CC=C2)P(C3=CC=CC=C3)C4=CC=CC=C4)OC5=C1C=CC=C5P(C6=CC=CC=C6)C7=CC=CC=C7)C
ord-2b09b0edd9af4f8e80b89621d51beb35,metal and ligand,CATALYST,SMILES,CC(=O)O.CC(=O)O.[Pd]
ord-18a40927a9754d74b579f5f2e9251be2,Base,REAGENT,SMILES,CC(C)(C)[O-].[Na+]
ord-18a40927a9754d74b579f5f2e9251be2,Solvent,SOLVENT,SMILES,CC1=CC=CC=C1
ord-18a40927a9754d74b579f5f2e9251be2,amine,REACTANT,SMILES,CN(C)CCOC1=CN=C(C=C1)N
ord-18a40927a9754d74b579f5f2e9251be2,aryl halide,REACTANT,SMILES,CC1=C(N=CN=C1Cl)N2C=NC3=CC=CC=C32
ord-18a40927a9754d74b579f5f2e9251be2,metal and ligand,CATALYST,SMILES,CC1(C2=C(C(=CC=C2)P(C3=CC=CC=C3)C4=CC=CC=C4)OC5=C1C=CC=C5P(C6=CC=CC=C6)C7=CC=CC=C7)C
ord-18a40927a9754d74b579f5f2e9251be2,metal and ligand,CATALYST,SMILES,C1=CC=C(C=C1)/C=C/C(=O)/C=C/C2=CC=CC=C2.C1=CC=C(C=C1)/C=C/C(=O)/C=C/C2=CC=CC=C2.C1=CC=C(C=C1)/C=C/C(=O)/C=C/C2=CC=CC=C2.[Pd].[Pd]
ord-18a40927a9754d74b579f5f2e9251be2,metal and ligand,CATALYST,SMILES,CC1(C2=C(C(=CC=C2)P(C3=CC=CC=C3)C4=CC=CC=C4)OC5=C1C=CC=C5P(C6=CC=CC=C6)C7=CC=CC=C7)C
ord-18a40927a9754d74b579f5f2e9251be2,metal and ligand,CATALYST,SMILES,C1=CC=C(C=C1)/C=C/C(=O)/C=C/C2=CC=CC=C2.C1=CC=C(C=C1)/C=C/C(=O)/C=C/C2=CC=CC=C2.C1=CC=C(C=C1)/C=C/C(=O)/C=C/C2=CC=CC=C2.[Pd].[Pd]
ord-41f70b81482a4604b6fa5a5e06a3c5e0,Base,REAGENT,SMILES,C(=O)([O-])[O-].[Cs+].[Cs+]
ord-41f70b81482a4604b6fa5a5e06a3c5e0,Solvent,SOLVENT,SMILES,COCCOC
ord-41f70b81482a4604b6fa5a5e06a3c5e0,amine,REACTANT,SMILES,CN1C=C(C=N1)C2=C(N=C(C=C2)N)OC
ord-41f70b81482a4604b6fa5a5e06a3c5e0,aryl halide,REACTANT,SMILES,CN1CC(OC2=C(C1)C=CC(=N2)Cl)CC(F)(F)F
ord-41f70b81482a4604b6fa5a5e06a3c5e0,metal and ligand,CATALYST,SMILES,CC(C)(C)P(C(C)(C)C)C(C)(C)C
ord-41f70b81482a4604b6fa5a5e06a3c5e0,metal and ligand,CATALYST,SMILES,C1=CC=C(C=C1)/C=C/C(=O)/C=C/C2=CC=CC=C2.C1=CC=C(C=C1)/C=C/C(=O)/C=C/C2=CC=CC=C2.[Pd]
ord-41f70b81482a4604b6fa5a5e06a3c5e0,metal and ligand,CATALYST,SMILES,CC(C)(C)P(C(C)(C)C)C(C)(C)C
ord-41f70b81482a4604b6fa5a5e06a3c5e0,metal and ligand,CATALYST,SMILES,C1=CC=C(C=C1)/C=C/C(=O)/C=C/C2=CC=CC=C2.C1=CC=C(C=C1)/C=C/C(=O)/C=C/C2=CC=CC=C2.[Pd]
ord-2bf6474a05bf4e7793ad68ef44642c0b,Base,REAGENT,SMILES,C(=O)([O-])[O-].[Cs+].[Cs+]
ord-2bf6474a05bf4e7793ad68ef44642c0b,Solvent,SOLVENT,SMILES,COCCOC
ord-2bf6474a05bf4e7793ad68ef44642c0b,amine,REACTANT,SMILES,CN1C=C(C=N1)C2=C(N=C(C=C2)N)OC
ord-2bf6474a05bf4e7793ad68ef44642c0b,aryl halide,REACTANT,SMILES,CN1CC(OC2=C(C1)C=CC(=N2)Cl)CC(F)(F)F
ord-2bf6474a05bf4e7793ad68ef44642c0b,metal and ligand,CATALYST,SMILES,CC(C)(C)P(C(C)(C)C)C(C)(C)C
ord-2bf6474a05bf4e7793ad68ef44642c0b,metal and ligand,CATALYST,SMILES,C1=CC=C(C=C1)/C=C/C(=O)/C=C/C2=CC=CC=C2.C1=CC=C(C=C1)/C=C/C(=O)/C=C/C2=CC=CC=C2.[Pd]
ord-2bf6474a05bf4e7793ad68ef44642c0b,metal and ligand,CATALYST,SMILES,CC(C)(C)P(C(C)(C)C)C(C)(C)C
ord-2bf6474a05bf4e7793ad68ef44642c0b,metal and ligand,CATALYST,SMILES,C1=CC=C(C=C1)/C=C/C(=O)/C=C/C2=CC=CC=C2.C1=CC=C(C=C1)/C=C/C(=O)/C=C/C2=CC=CC=C2.[Pd]
ord-f5f1be85a079463c9088e7a774cb07f5,Base,REAGENT,SMILES,C(=O)([O-])[O-].[Cs+].[Cs+]
ord-f5f1be85a079463c9088e7a774cb07f5,Solvent,SOLVENT,SMILES,COCCOC
ord-f5f1be85a079463c9088e7a774cb07f5,amine,REACTANT,SMILES,CN1C=C(C=N1)C2=C(N=C(C=C2)N)OC
ord-f5f1be85a079463c9088e7a774cb07f5,aryl halide,REACTANT,SMILES,CN1CC(OC2=C(C1)C=CC(=N2)Cl)CC(F)(F)F
ord-f5f1be85a079463c9088e7a774cb07f5,metal and ligand,CATALYST,SMILES,C1CCC(CC1)P(C2CCCCC2)C3=CC=CC=C3C4=CC=CC=C4
ord-f5f1be85a079463c9088e7a774cb07f5,metal and ligand,CATALYST,SMILES,CC(=O)O.CC(=O)O.[Pd]
ord-f5f1be85a079463c9088e7a774cb07f5,metal and ligand,CATALYST,SMILES,C1CCC(CC1)P(C2CCCCC2)C3=CC=CC=C3C4=CC=CC=C4
ord-f5f1be85a079463c9088e7a774cb07f5,metal and ligand,CATALYST,SMILES,CC(=O)O.CC(=O)O.[Pd]
ord-1b74a22b0fac45709f44bd49ada94b7f,Base,REAGENT,SMILES,C(=O)([O-])[O-].[Cs+].[Cs+]
ord-1b74a22b0fac45709f44bd49ada94b7f,Solvent,SOLVENT,SMILES,COCCOC
ord-1b74a22b0fac45709f44bd49ada94b7f,amine,REACTANT,SMILES,CN1C=C(C=N1)C2=C(N=C(C=C2)N)OC
ord-1b74a22b0fac45709f44bd49ada94b7f,aryl halide,REACTANT,SMILES,CN1CC(OC2=C(C1)C=CC(=N2)Cl)CC(F)(F)F
ord-1b74a22b0fac45709f44bd49ada94b7f,metal and ligand,CATALYST,SMILES,C1CCC(CC1)P(C2CCCCC2)C3=CC=CC=C3C4=CC=CC=C4
ord-1b74a22b0fac45709f44bd49ada94b7f,metal and ligand,CATALYST,SMILES,CC(=O)O.CC(=O)O.[Pd]
ord-1b74a22b0fac45709f44bd49ada94b7f,metal and ligand,CATALYST,SMILES,C1CCC(CC1)P(C2CCCCC2)C3=CC=CC=C3C4=CC=CC=C4
ord-1b74a22b0fac45709f44bd49ada94b7f,metal and ligand,CATALYST,SMILES,CC(=O)O.CC(=O)O.[Pd]
ord-127ed8ac0e574ba4a6f68accaf8c96d2,Base,REAGENT,SMILES,C(=O)([O-])[O-].[Cs+].[Cs+]
ord-127ed8ac0e574ba4a6f68accaf8c96d2,Solvent,SOLVENT,SMILES,COCCOC
ord-127ed8ac0e574ba4a6f68accaf8c96d2,amine,REACTANT,SMILES,CN1C=C(C=N1)C2=C(N=C(C=C2)N)OC
ord-127ed8ac0e574ba4a6f68accaf8c96d2,aryl halide,REACTANT,SMILES,CC1C(OC2=C(CN1C)C=CC(=N2)Cl)C3=NC(=CS3)C
ord-127ed8ac0e574ba4a6f68accaf8c96d2,metal and ligand,CATALYST,SMILES,C1CCC(CC1)P(C2CCCCC2)C3=CC=CC=C3C4=CC=CC=C4
ord-127ed8ac0e574ba4a6f68accaf8c96d2,metal and ligand,CATALYST,SMILES,CC(=O)O.CC(=O)O.[Pd]
ord-127ed8ac0e574ba4a6f68accaf8c96d2,metal and ligand,CATALYST,SMILES,C1CCC(CC1)P(C2CCCCC2)C3=CC=CC=C3C4=CC=CC=C4
ord-127ed8ac0e574ba4a6f68accaf8c96d2,metal and ligand,CATALYST,SMILES,CC(=O)O.CC(=O)O.[Pd]
ord-f5b45295d816488bbc3b0ba43fcc57fb,Base,REAGENT,SMILES,C(=O)([O-])[O-].[Cs+].[Cs+]
ord-f5b45295d816488bbc3b0ba43fcc57fb,Solvent,SOLVENT,SMILES,C1COCCO1
ord-f5b45295d816488bbc3b0ba43fcc57fb,amine,REACTANT,SMILES,COC(=O)C1=CC2=C(C(=C1)C3CCCN3)OC(=CC2=O)N4CCOCC4
ord-f5b45295d816488bbc3b0ba43fcc57fb,aryl halide,REACTANT,SMILES,C1=CC(=CC(=C1)Br)F
ord-f5b45295d816488bbc3b0ba43fcc57fb,metal and ligand,CATALYST,SMILES,CC1(C2=C(C(=CC=C2)P(C3=CC=CC=C3)C4=CC=CC=C4)OC5=C1C=CC=C5P(C6=CC=CC=C6)C7=CC=CC=C7)C
ord-f5b45295d816488bbc3b0ba43fcc57fb,metal and ligand,CATALYST,SMILES,CC(=O)O.CC(=O)O.[Pd]
ord-f5b45295d816488bbc3b0ba43fcc57fb,metal and ligand,CATALYST,SMILES,CC1(C2=C(C(=CC=C2)P(C3=CC=CC=C3)C4=CC=CC=C4)OC5=C1C=CC=C5P(C6=CC=CC=C6)C7=CC=CC=C7)C
ord-f5b45295d816488bbc3b0ba43fcc57fb,metal and ligand,CATALYST,SMILES,CC(=O)O.CC(=O)O.[Pd]
ord-bb0e774de3f94be78f90a0c79c7e9a7e,Base,REAGENT,SMILES,C(=O)([O-])[O-].[Cs+].[Cs+]
ord-bb0e774de3f94be78f90a0c79c7e9a7e,Solvent,SOLVENT,SMILES,CC1=CC=CC=C1
ord-bb0e774de3f94be78f90a0c79c7e9a7e,amine,REACTANT,SMILES,C1COCCN1
ord-bb0e774de3f94be78f90a0c79c7e9a7e,aryl halide,REACTANT,SMILES,COC1=C(C=C(C(=C1)Cl)C(=O)OC)Br
ord-bb0e774de3f94be78f90a0c79c7e9a7e,metal and ligand,CATALYST,SMILES,C1=CC=C(C=C1)P(C2=CC=CC=C2)C3=C(C4=CC=CC=C4C=C3)C5=C(C=CC6=CC=CC=C65)P(C7=CC=CC=C7)C8=CC=CC=C8
ord-bb0e774de3f94be78f90a0c79c7e9a7e,metal and ligand,CATALYST,SMILES,CC(=O)O.CC(=O)O.[Pd]
ord-bb0e774de3f94be78f90a0c79c7e9a7e,metal and ligand,CATALYST,SMILES,C1=CC=C(C=C1)P(C2=CC=CC=C2)C3=C(C4=CC=CC=C4C=C3)C5=C(C=CC6=CC=CC=C65)P(C7=CC=CC=C7)C8=CC=CC=C8
ord-bb0e774de3f94be78f90a0c79c7e9a7e,metal and ligand,CATALYST,SMILES,CC(=O)O.CC(=O)O.[Pd]
ord-ae9e42c4adac4ee7b754752b65453944,Base,REAGENT,SMILES,C(=O)([O-])[O-].[Cs+].[Cs+]
ord-ae9e42c4adac4ee7b754752b65453944,Solvent,SOLVENT,SMILES,CC1=CC=CC=C1
ord-ae9e42c4adac4ee7b754752b65453944,amine,REACTANT,SMILES,C1COCCN1
ord-ae9e42c4adac4ee7b754752b65453944,aryl halide,REACTANT,SMILES,COC1=C(C=C(C(=C1)Cl)C(=O)OC)Br
ord-ae9e42c4adac4ee7b754752b65453944,metal and ligand,CATALYST,SMILES,C1=CC=C(C=C1)P(C2=CC=CC=C2)C3=C(C4=CC=CC=C4C=C3)C5=C(C=CC6=CC=CC=C65)P(C7=CC=CC=C7)C8=CC=CC=C8
ord-ae9e42c4adac4ee7b754752b65453944,metal and ligand,CATALYST,SMILES,CC(=O)O.CC(=O)O.[Pd]
ord-ae9e42c4adac4ee7b754752b65453944,metal and ligand,CATALYST,SMILES,C1=CC=C(C=C1)P(C2=CC=CC=C2)C3=C(C4=CC=CC=C4C=C3)C5=C(C=CC6=CC=CC=C65)P(C7=CC=CC=C7)C8=CC=CC=C8
ord-ae9e42c4adac4ee7b754752b65453944,metal and ligand,CATALYST,SMILES,CC(=O)O.CC(=O)O.[Pd]
ord-2610125450c14ea7bf8065e49fb7bdae,Base,REAGENT,SMILES,C(=O)([O-])[O-].[Cs+].[Cs+]
ord-2610125450c14ea7bf8065e49fb7bdae,Solvent,SOLVENT,SMILES,CC1=CC=CC=C1
ord-2610125450c14ea7bf8065e49fb7bdae,amine,REACTANT,SMILES,C1COCCN1
ord-2610125450c14ea7bf8065e49fb7bdae,aryl halide,REACTANT,SMILES,COC1=C(C=C(C(=C1)Cl)C(=O)OC)Br
ord-2610125450c14ea7bf8065e49fb7bdae,metal and ligand,CATALYST,SMILES,C1=CC=C(C=C1)P(C2=CC=CC=C2)C3=C(C4=CC=CC=C4C=C3)C5=C(C=CC6=CC=CC=C65)P(C7=CC=CC=C7)C8=CC=CC=C8
ord-2610125450c14ea7bf8065e49fb7bdae,metal and ligand,CATALYST,SMILES,CC(=O)O.CC(=O)O.[Pd]
ord-2610125450c14ea7bf8065e49fb7bdae,metal and ligand,CATALYST,SMILES,C1=CC=C(C=C1)P(C2=CC=CC=C2)C3=C(C4=CC=CC=C4C=C3)C5=C(C=CC6=CC=CC=C65)P(C7=CC=CC=C7)C8=CC=CC=C8
ord-2610125450c14ea7bf8065e49fb7bdae,metal and ligand,CATALYST,SMILES,CC(=O)O.CC(=O)O.[Pd]
ord-75e934c9ac8c4736a342c35dfcb5f15c,Base,REAGENT,SMILES,C(=O)([O-])[O-].[Cs+].[Cs+]
ord-75e934c9ac8c4736a342c35dfcb5f15c,Solvent,SOLVENT,SMILES,C1COCCO1
ord-75e934c9ac8c4736a342c35dfcb5f15c,amine,REACTANT,SMILES,C1=CC2=C(C=NN2C=C1)C3=NC(=NC=C3Cl)N
ord-75e934c9ac8c4736a342c35dfcb5f15c,aryl halide,REACTANT,SMILES,COC1=C(C=C(C=C1)[N+](=O)[O-])Br
ord-75e934c9ac8c4736a342c35dfcb5f15c,metal and ligand,CATALYST,SMILES,CC1(C2=C(C(=CC=C2)P(C3=CC=CC=C3)C4=CC=CC=C4)OC5=C1C=CC=C5P(C6=CC=CC=C6)C7=CC=CC=C7)C
ord-75e934c9ac8c4736a342c35dfcb5f15c,metal and ligand,CATALYST,SMILES,C1=CC=C(C=C1)/C=C/C(=O)/C=C/C2=CC=CC=C2.C1=CC=C(C=C1)/C=C/C(=O)/C=C/C2=CC=CC=C2.C1=CC=C(C=C1)/C=C/C(=O)/C=C/C2=CC=CC=C2.[Pd].[Pd]
ord-75e934c9ac8c4736a342c35dfcb5f15c,metal and ligand,CATALYST,SMILES,CC1(C2=C(C(=CC=C2)P(C3=CC=CC=C3)C4=CC=CC=C4)OC5=C1C=CC=C5P(C6=CC=CC=C6)C7=CC=CC=C7)C
ord-75e934c9ac8c4736a342c35dfcb5f15c,metal and ligand,CATALYST,SMILES,C1=CC=C(C=C1)/C=C/C(=O)/C=C/C2=CC=CC=C2.C1=CC=C(C=C1)/C=C/C(=O)/C=C/C2=CC=CC=C2.C1=CC=C(C=C1)/C=C/C(=O)/C=C/C2=CC=CC=C2.[Pd].[Pd]
ord-d45c4d4f76fd453681edb48cc851d97a,Base,REAGENT,SMILES,C(=O)([O-])[O-].[Cs+].[Cs+]
ord-d45c4d4f76fd453681edb48cc851d97a,Solvent,SOLVENT,SMILES,C1COCCO1
ord-d45c4d4f76fd453681edb48cc851d97a,amine,REACTANT,SMILES,C1=CC2=C(C=NN2C=C1)C3=NC(=NC=C3Cl)N
ord-d45c4d4f76fd453681edb48cc851d97a,aryl halide,REACTANT,SMILES,COC1=C(C=C(C=C1)[N+](=O)[O-])Br
ord-d45c4d4f76fd453681edb48cc851d97a,metal and ligand,CATALYST,SMILES,CC1(C2=C(C(=CC=C2)P(C3=CC=CC=C3)C4=CC=CC=C4)OC5=C1C=CC=C5P(C6=CC=CC=C6)C7=CC=CC=C7)C
ord-d45c4d4f76fd453681edb48cc851d97a,metal and ligand,CATALYST,SMILES,C1=CC=C(C=C1)/C=C/C(=O)/C=C/C2=CC=CC=C2.C1=CC=C(C=C1)/C=C/C(=O)/C=C/C2=CC=CC=C2.C1=CC=C(C=C1)/C=C/C(=O)/C=C/C2=CC=CC=C2.[Pd].[Pd]
ord-d45c4d4f76fd453681edb48cc851d97a,metal and ligand,CATALYST,SMILES,CC1(C2=C(C(=CC=C2)P(C3=CC=CC=C3)C4=CC=CC=C4)OC5=C1C=CC=C5P(C6=CC=CC=C6)C7=CC=CC=C7)C
ord-d45c4d4f76fd453681edb48cc851d97a,metal and ligand,CATALYST,SMILES,C1=CC=C(C=C1)/C=C/C(=O)/C=C/C2=CC=CC=C2.C1=CC=C(C=C1)/C=C/C(=O)/C=C/C2=CC=CC=C2.C1=CC=C(C=C1)/C=C/C(=O)/C=C/C2=CC=CC=C2.[Pd].[Pd]
ord-31e2f0a986f6432689bfa64e01da3c0f,Base,REAGENT,SMILES,C(=O)([O-])[O-].[Cs+].[Cs+]
ord-31e2f0a986f6432689bfa64e01da3c0f,Solvent,SOLVENT,SMILES,C1COCCO1
ord-31e2f0a986f6432689bfa64e01da3c0f,amine,REACTANT,SMILES,C1C[C@@H](C2=NC(=NN2C1)N)C3=CC=C(C=C3)F
ord-31e2f0a986f6432689bfa64e01da3c0f,aryl halide,REACTANT,SMILES,CN(C)C(=O)CC1=CC=C(C=C1)Br
ord-31e2f0a986f6432689bfa64e01da3c0f,metal and ligand,CATALYST,SMILES,C1CCC(CC1)P(C2CCCCC2)C3=CC=CC=C3C4=CC=CC=C4
ord-31e2f0a986f6432689bfa64e01da3c0f,metal and ligand,CATALYST,SMILES,CC(=O)O.CC(=O)O.[Pd]
ord-31e2f0a986f6432689bfa64e01da3c0f,metal and ligand,CATALYST,SMILES,C1CCC(CC1)P(C2CCCCC2)C3=CC=CC=C3C4=CC=CC=C4
ord-31e2f0a986f6432689bfa64e01da3c0f,metal and ligand,CATALYST,SMILES,CC(=O)O.CC(=O)O.[Pd]
ord-bf7cf9ac04cd4fedb1f93e4a263e0d2f,Base,REAGENT,SMILES,C(=O)([O-])[O-].[Cs+].[Cs+]
ord-bf7cf9ac04cd4fedb1f93e4a263e0d2f,Solvent,SOLVENT,SMILES,C1COCCO1
ord-bf7cf9ac04cd4fedb1f93e4a263e0d2f,amine,REACTANT,SMILES,CN1C=C(C=N1)C2=C(N=C(C=C2)N)OC
ord-bf7cf9ac04cd4fedb1f93e4a263e0d2f,aryl halide,REACTANT,SMILES,CN1CC(OC2=C(C1)C=CC(=N2)Cl)C3CC(C3)(F)F
ord-bf7cf9ac04cd4fedb1f93e4a263e0d2f,metal and ligand,CATALYST,SMILES,CC1(C2=C(C(=CC=C2)P(C3=CC=CC=C3)C4=CC=CC=C4)OC5=C1C=CC=C5P(C6=CC=CC=C6)C7=CC=CC=C7)C
ord-bf7cf9ac04cd4fedb1f93e4a263e0d2f,metal and ligand,CATALYST,SMILES,CC(=O)O.CC(=O)O.[Pd]
ord-bf7cf9ac04cd4fedb1f93e4a263e0d2f,metal and ligand,CATALYST,SMILES,CC1(C2=C(C(=CC=C2)P(C3=CC=CC=C3)C4=CC=CC=C4)OC5=C1C=CC=C5P(C6=CC=CC=C6)C7=CC=CC=C7)C
ord-bf7cf9ac04cd4fedb1f93e4a263e0d2f,metal and ligand,CATALYST,SMILES,CC(=O)O.CC(=O)O.[Pd]
ord-9455bd6f5eee4a2d8aef36cf7b2f19e8,Base,REAGENT,SMILES,C(=O)([O-])[O-].[K+].[K+]
ord-9455bd6f5eee4a2d8aef36cf7b2f19e8,Solvent,SOLVENT,SMILES,CC1=CC=CC=C1
ord-9455bd6f5eee4a2d8aef36cf7b2f19e8,amine,REACTANT,SMILES,C1=CC(=C(C=C1Cl)N)C#N
ord-9455bd6f5eee4a2d8aef36cf7b2f19e8,aryl halide,REACTANT,SMILES,C1=CC(=NC(=C1)Cl)Cl
ord-9455bd6f5eee4a2d8aef36cf7b2f19e8,metal and ligand,CATALYST,SMILES,C1=CC=C(C=C1)P(C2=CC=CC=C2)C3=C(C4=CC=CC=C4C=C3)C5=C(C=CC6=CC=CC=C65)P(C7=CC=CC=C7)C8=CC=CC=C8
ord-9455bd6f5eee4a2d8aef36cf7b2f19e8,metal and ligand,CATALYST,SMILES,CC(=O)O.CC(=O)O.[Pd]
ord-9455bd6f5eee4a2d8aef36cf7b2f19e8,metal and ligand,CATALYST,SMILES,C1=CC=C(C=C1)P(C2=CC=CC=C2)C3=C(C4=CC=CC=C4C=C3)C5=C(C=CC6=CC=CC=C65)P(C7=CC=CC=C7)C8=CC=CC=C8
ord-9455bd6f5eee4a2d8aef36cf7b2f19e8,metal and ligand,CATALYST,SMILES,CC(=O)O.CC(=O)O.[Pd]
ord-1d8bd79c0b354417a5f4e9ed2f70cdf8,Base,REAGENT,SMILES,CC(C)(C)[O-].[Na+]
ord-1d8bd79c0b354417a5f4e9ed2f70cdf8,Solvent,SOLVENT,SMILES,CC1=CC=CC=C1
ord-1d8bd79c0b354417a5f4e9ed2f70cdf8,amine,REACTANT,SMILES,CC1=C(C=CC(=N1)S(=O)(=O)C)N
ord-1d8bd79c0b354417a5f4e9ed2f70cdf8,aryl halide,REACTANT,SMILES,CC(C)OC(=O)N1CCC(CC1)OC2=C(C(=NC=N2)Cl)OC
ord-1d8bd79c0b354417a5f4e9ed2f70cdf8,metal and ligand,CATALYST,SMILES,C1=CC=C(C=C1)P(C2=CC=CC=C2)C3=CC=CC=C3OC4=CC=CC=C4P(C5=CC=CC=C5)C6=CC=CC=C6
ord-1d8bd79c0b354417a5f4e9ed2f70cdf8,metal and ligand,CATALYST,SMILES,CC(=O)O.CC(=O)O.[Pd]
ord-1d8bd79c0b354417a5f4e9ed2f70cdf8,metal and ligand,CATALYST,SMILES,C1=CC=C(C=C1)P(C2=CC=CC=C2)C3=CC=CC=C3OC4=CC=CC=C4P(C5=CC=CC=C5)C6=CC=CC=C6
ord-1d8bd79c0b354417a5f4e9ed2f70cdf8,metal and ligand,CATALYST,SMILES,CC(=O)O.CC(=O)O.[Pd]
ord-69afe546f2d1404c8a01676e785a3836,Base,REAGENT,SMILES,CC(C)(C)[O-].[Na+]
ord-69afe546f2d1404c8a01676e785a3836,Solvent,SOLVENT,SMILES,CC1=CC=CC=C1
ord-69afe546f2d1404c8a01676e785a3836,amine,REACTANT,SMILES,CC1=C(C=CC(=N1)S(=O)(=O)C)N
ord-69afe546f2d1404c8a01676e785a3836,aryl halide,REACTANT,SMILES,CC(C)OC(=O)N1CCC(CC1)OC2=C(C(=NC=N2)Cl)OC
ord-69afe546f2d1404c8a01676e785a3836,metal and ligand,CATALYST,SMILES,C1=CC=C(C=C1)P(C2=CC=CC=C2)C3=CC=CC=C3OC4=CC=CC=C4P(C5=CC=CC=C5)C6=CC=CC=C6
ord-69afe546f2d1404c8a01676e785a3836,metal and ligand,CATALYST,SMILES,CC(=O)O.CC(=O)O.[Pd]
ord-69afe546f2d1404c8a01676e785a3836,metal and ligand,CATALYST,SMILES,C1=CC=C(C=C1)P(C2=CC=CC=C2)C3=CC=CC=C3OC4=CC=CC=C4P(C5=CC=CC=C5)C6=CC=CC=C6
ord-69afe546f2d1404c8a01676e785a3836,metal and ligand,CATALYST,SMILES,CC(=O)O.CC(=O)O.[Pd]
ord-db5f6efbde1f4ab4bc3688dd8d2a4d0e,Base,REAGENT,SMILES,CC(C)(C)[O-].[Na+]
ord-db5f6efbde1f4ab4bc3688dd8d2a4d0e,Solvent,SOLVENT,SMILES,COCCOC
ord-db5f6efbde1f4ab4bc3688dd8d2a4d0e,amine,REACTANT,SMILES,C1=CC=C(C=C1)CN
ord-db5f6efbde1f4ab4bc3688dd8d2a4d0e,aryl halide,REACTANT,SMILES,C1=CN=C(C=C1Cl)Cl
ord-db5f6efbde1f4ab4bc3688dd8d2a4d0e,metal and ligand,CATALYST,SMILES,CC(C1CCCC1P(C2CCCCC2)C3CCCCC3)P(C(C)(C)C)C(C)(C)C.C1CCCC1.[Fe]
ord-db5f6efbde1f4ab4bc3688dd8d2a4d0e,metal and ligand,CATALYST,SMILES,CC(=O)O.CC(=O)O.[Pd]
ord-db5f6efbde1f4ab4bc3688dd8d2a4d0e,metal and ligand,CATALYST,SMILES,CC(C1CCCC1P(C2CCCCC2)C3CCCCC3)P(C(C)(C)C)C(C)(C)C.C1CCCC1.[Fe]
ord-db5f6efbde1f4ab4bc3688dd8d2a4d0e,metal and ligand,CATALYST,SMILES,CC(=O)O.CC(=O)O.[Pd]
ord-c8c1812487cb45a2983e445d322bb930,Base,REAGENT,SMILES,C(=O)([O-])[O-].[Cs+].[Cs+]
ord-c8c1812487cb45a2983e445d322bb930,Solvent,SOLVENT,SMILES,C1COCCO1
ord-c8c1812487cb45a2983e445d322bb930,amine,REACTANT,SMILES,C1=CC=C(C=C1)CN
ord-c8c1812487cb45a2983e445d322bb930,aryl halide,REACTANT,SMILES,C1=CN=C(C=C1Cl)Cl
ord-c8c1812487cb45a2983e445d322bb930,metal and ligand,CATALYST,SMILES,CC1(C2=C(C(=CC=C2)P(C3=CC=CC=C3)C4=CC=CC=C4)OC5=C1C=CC=C5P(C6=CC=CC=C6)C7=CC=CC=C7)C
ord-c8c1812487cb45a2983e445d322bb930,metal and ligand,CATALYST,SMILES,CC(=O)O.CC(=O)O.[Pd]
ord-c8c1812487cb45a2983e445d322bb930,metal and ligand,CATALYST,SMILES,CC1(C2=C(C(=CC=C2)P(C3=CC=CC=C3)C4=CC=CC=C4)OC5=C1C=CC=C5P(C6=CC=CC=C6)C7=CC=CC=C7)C
ord-c8c1812487cb45a2983e445d322bb930,metal and ligand,CATALYST,SMILES,CC(=O)O.CC(=O)O.[Pd]
ord-ad988bfa2c604ea4b0ba123e57d761fa,Base,REAGENT,SMILES,CC(C)(C)[O-].[Na+]
ord-ad988bfa2c604ea4b0ba123e57d761fa,Solvent,SOLVENT,SMILES,COCCOC
ord-ad988bfa2c604ea4b0ba123e57d761fa,amine,REACTANT,SMILES,CC(C)CN
ord-ad988bfa2c604ea4b0ba123e57d761fa,aryl halide,REACTANT,SMILES,C1=CN=C(C=C1Cl)Cl
ord-ad988bfa2c604ea4b0ba123e57d761fa,metal and ligand,CATALYST,SMILES,CC(C1CCCC1P(C2CCCCC2)C3CCCCC3)P(C(C)(C)C)C(C)(C)C.C1CCCC1.[Fe]
ord-ad988bfa2c604ea4b0ba123e57d761fa,metal and ligand,CATALYST,SMILES,CC(=O)O.CC(=O)O.[Pd]
ord-ad988bfa2c604ea4b0ba123e57d761fa,metal and ligand,CATALYST,SMILES,CC(C1CCCC1P(C2CCCCC2)C3CCCCC3)P(C(C)(C)C)C(C)(C)C.C1CCCC1.[Fe]
ord-ad988bfa2c604ea4b0ba123e57d761fa,metal and ligand,CATALYST,SMILES,CC(=O)O.CC(=O)O.[Pd]
ord-0addbbece6dc4ca2acdd8d8c9131d423,Base,REAGENT,SMILES,CC(C)(C)[O-].[Na+]
ord-0addbbece6dc4ca2acdd8d8c9131d423,Solvent,SOLVENT,SMILES,CC1=CC=CC=C1
ord-0addbbece6dc4ca2acdd8d8c9131d423,amine,REACTANT,SMILES,CC1=CC2=C(N1)C=C(C=C2)OC(F)(F)F
ord-0addbbece6dc4ca2acdd8d8c9131d423,aryl halide,REACTANT,SMILES,C1=CC=C(C=C1)COC2=CC(=CC=C2)Br
ord-0addbbece6dc4ca2acdd8d8c9131d423,metal and ligand,CATALYST,SMILES,CC(C)(C)P(C1=CC=CC=C1C2=CC=CC=C2)C(C)(C)C
ord-0addbbece6dc4ca2acdd8d8c9131d423,metal and ligand,CATALYST,SMILES,C1=CC=C(C=C1)/C=C/C(=O)/C=C/C2=CC=CC=C2.C1=CC=C(C=C1)/C=C/C(=O)/C=C/C2=CC=CC=C2.C1=CC=C(C=C1)/C=C/C(=O)/C=C/C2=CC=CC=C2.[Pd].[Pd]
ord-0addbbece6dc4ca2acdd8d8c9131d423,metal and ligand,CATALYST,SMILES,CC(C)(C)P(C1=CC=CC=C1C2=CC=CC=C2)C(C)(C)C
ord-0addbbece6dc4ca2acdd8d8c9131d423,metal and ligand,CATALYST,SMILES,C1=CC=C(C=C1)/C=C/C(=O)/C=C/C2=CC=CC=C2.C1=CC=C(C=C1)/C=C/C(=O)/C=C/C2=CC=CC=C2.C1=CC=C(C=C1)/C=C/C(=O)/C=C/C2=CC=CC=C2.[Pd].[Pd]
ord-f89f3a46444e42c0973a5acc34e50e60,Base,REAGENT,SMILES,CC(C)(C)[O-].[Na+]
ord-f89f3a46444e42c0973a5acc34e50e60,Solvent,SOLVENT,SMILES,CC1=CC=CC=C1
ord-f89f3a46444e42c0973a5acc34e50e60,amine,REACTANT,SMILES,CC1=CC2=C(N1)C=C(C=C2)OC(F)(F)F
ord-f89f3a46444e42c0973a5acc34e50e60,aryl halide,REACTANT,SMILES,C1=CC=C(C=C1)COC2=CC(=CC=C2)Br
ord-f89f3a46444e42c0973a5acc34e50e60,metal and ligand,CATALYST,SMILES,CC(C)(C)P(C1=CC=CC=C1C2=CC=CC=C2)C(C)(C)C
ord-f89f3a46444e42c0973a5acc34e50e60,metal and ligand,CATALYST,SMILES,C1=CC=C(C=C1)/C=C/C(=O)/C=C/C2=CC=CC=C2.C1=CC=C(C=C1)/C=C/C(=O)/C=C/C2=CC=CC=C2.C1=CC=C(C=C1)/C=C/C(=O)/C=C/C2=CC=CC=C2.[Pd].[Pd]
ord-f89f3a46444e42c0973a5acc34e50e60,metal and ligand,CATALYST,SMILES,CC(C)(C)P(C1=CC=CC=C1C2=CC=CC=C2)C(C)(C)C
ord-f89f3a46444e42c0973a5acc34e50e60,metal and ligand,CATALYST,SMILES,C1=CC=C(C=C1)/C=C/C(=O)/C=C/C2=CC=CC=C2.C1=CC=C(C=C1)/C=C/C(=O)/C=C/C2=CC=CC=C2.C1=CC=C(C=C1)/C=C/C(=O)/C=C/C2=CC=CC=C2.[Pd].[Pd]
ord-23a7de6b0dd840ca8622691442279b4f,Base,REAGENT,SMILES,CC(C)(C)[O-].[Na+]
ord-23a7de6b0dd840ca8622691442279b4f,Solvent,SOLVENT,SMILES,CC1=CC=CC=C1
ord-23a7de6b0dd840ca8622691442279b4f,amine,REACTANT,SMILES,C1CNC1
ord-23a7de6b0dd840ca8622691442279b4f,aryl halide,REACTANT,SMILES,C1=CC(=CC=C1C#N)Br
ord-23a7de6b0dd840ca8622691442279b4f,metal and ligand,CATALYST,SMILES,CC1(C2=C(C(=CC=C2)P(C3=CC=CC=C3)C4=CC=CC=C4)OC5=C1C=CC=C5P(C6=CC=CC=C6)C7=CC=CC=C7)C
ord-23a7de6b0dd840ca8622691442279b4f,metal and ligand,CATALYST,SMILES,CC(=O)O.CC(=O)O.[Pd]
ord-23a7de6b0dd840ca8622691442279b4f,metal and ligand,CATALYST,SMILES,CC1(C2=C(C(=CC=C2)P(C3=CC=CC=C3)C4=CC=CC=C4)OC5=C1C=CC=C5P(C6=CC=CC=C6)C7=CC=CC=C7)C
ord-23a7de6b0dd840ca8622691442279b4f,metal and ligand,CATALYST,SMILES,CC(=O)O.CC(=O)O.[Pd]
ord-316cf52c137541f4a2a9960bf7cb84d3,Base,REAGENT,SMILES,CC(C)(C)[O-].[Na+]
ord-316cf52c137541f4a2a9960bf7cb84d3,Solvent,SOLVENT,SMILES,CC1=CC=CC=C1
ord-316cf52c137541f4a2a9960bf7cb84d3,amine,REACTANT,SMILES,CC(C)(C)OC(=O)N1CCNCC1
ord-316cf52c137541f4a2a9960bf7cb84d3,aryl halide,REACTANT,SMILES,CC1=C(C=CC=N1)Br
ord-316cf52c137541f4a2a9960bf7cb84d3,metal and ligand,CATALYST,SMILES,CC(C)OC1=C(C(=CC=C1)OC(C)C)C2=CC=CC=C2P(C3CCCCC3)C4CCCCC4
ord-316cf52c137541f4a2a9960bf7cb84d3,metal and ligand,CATALYST,SMILES,CC(=O)O.CC(=O)O.[Pd]
ord-316cf52c137541f4a2a9960bf7cb84d3,metal and ligand,CATALYST,SMILES,CC(C)OC1=C(C(=CC=C1)OC(C)C)C2=CC=CC=C2P(C3CCCCC3)C4CCCCC4
ord-316cf52c137541f4a2a9960bf7cb84d3,metal and ligand,CATALYST,SMILES,CC(=O)O.CC(=O)O.[Pd]
ord-4147e405915e4ea7b4607546c536b535,Base,REAGENT,SMILES,CC(C)(C)[O-].[Na+]
ord-4147e405915e4ea7b4607546c536b535,Solvent,SOLVENT,SMILES,CC1=CC=CC=C1
ord-4147e405915e4ea7b4607546c536b535,amine,REACTANT,SMILES,CC(C)(C)OC(=O)N1CCNCC1
ord-4147e405915e4ea7b4607546c536b535,aryl halide,REACTANT,SMILES,CC1=C(C=CC=N1)Br
ord-4147e405915e4ea7b4607546c536b535,metal and ligand,CATALYST,SMILES,CC(C)OC1=C(C(=CC=C1)OC(C)C)C2=CC=CC=C2P(C3CCCCC3)C4CCCCC4
ord-4147e405915e4ea7b4607546c536b535,metal and ligand,CATALYST,SMILES,CC(=O)O.CC(=O)O.[Pd]
ord-4147e405915e4ea7b4607546c536b535,metal and ligand,CATALYST,SMILES,CC(C)OC1=C(C(=CC=C1)OC(C)C)C2=CC=CC=C2P(C3CCCCC3)C4CCCCC4
ord-4147e405915e4ea7b4607546c536b535,metal and ligand,CATALYST,SMILES,CC(=O)O.CC(=O)O.[Pd]
ord-5f9307492f2b4cadaa0478f3250edc2b,Base,REAGENT,SMILES,CC(C)(C)[O-].[Na+]
ord-5f9307492f2b4cadaa0478f3250edc2b,Solvent,SOLVENT,SMILES,CC1=CC=CC=C1
ord-5f9307492f2b4cadaa0478f3250edc2b,amine,REACTANT,SMILES,CC1=CC2=C(N1)C=C(C=C2)OC(F)(F)F
ord-5f9307492f2b4cadaa0478f3250edc2b,aryl halide,REACTANT,SMILES,COC1=CC(=CC=C1)Br
ord-5f9307492f2b4cadaa0478f3250edc2b,metal and ligand,CATALYST,SMILES,CC(C)(C)P(C1=CC=CC=C1C2=CC=CC=C2)C(C)(C)C
ord-5f9307492f2b4cadaa0478f3250edc2b,metal and ligand,CATALYST,SMILES,C1=CC=C(C=C1)/C=C/C(=O)/C=C/C2=CC=CC=C2.C1=CC=C(C=C1)/C=C/C(=O)/C=C/C2=CC=CC=C2.C1=CC=C(C=C1)/C=C/C(=O)/C=C/C2=CC=CC=C2.[Pd].[Pd]
ord-5f9307492f2b4cadaa0478f3250edc2b,metal and ligand,CATALYST,SMILES,CC(C)(C)P(C1=CC=CC=C1C2=CC=CC=C2)C(C)(C)C
ord-5f9307492f2b4cadaa0478f3250edc2b,metal and ligand,CATALYST,SMILES,C1=CC=C(C=C1)/C=C/C(=O)/C=C/C2=CC=CC=C2.C1=CC=C(C=C1)/C=C/C(=O)/C=C/C2=CC=CC=C2.C1=CC=C(C=C1)/C=C/C(=O)/C=C/C2=CC=CC=C2.[Pd].[Pd]
ord-76b900b67381471d89fef9247f442cb0,Base,REAGENT,SMILES,CC(C)(C)[O-].[Na+]
ord-76b900b67381471d89fef9247f442cb0,Solvent,SOLVENT,SMILES,C1COCCO1
ord-76b900b67381471d89fef9247f442cb0,amine,REACTANT,SMILES,C[C@@H]1CNC[C@@H](N1)C
ord-76b900b67381471d89fef9247f442cb0,aryl halide,REACTANT,SMILES,C1=CC(=CC=C1Br)I
ord-76b900b67381471d89fef9247f442cb0,metal and ligand,CATALYST,SMILES,CC1(C2=C(C(=CC=C2)P(C3=CC=CC=C3)C4=CC=CC=C4)OC5=C1C=CC=C5P(C6=CC=CC=C6)C7=CC=CC=C7)C
ord-76b900b67381471d89fef9247f442cb0,metal and ligand,CATALYST,SMILES,CC(=O)O.CC(=O)O.[Pd]
ord-76b900b67381471d89fef9247f442cb0,metal and ligand,CATALYST,SMILES,CC1(C2=C(C(=CC=C2)P(C3=CC=CC=C3)C4=CC=CC=C4)OC5=C1C=CC=C5P(C6=CC=CC=C6)C7=CC=CC=C7)C
ord-76b900b67381471d89fef9247f442cb0,metal and ligand,CATALYST,SMILES,CC(=O)O.CC(=O)O.[Pd]
ord-609b92e7f381461a936ff9653aaca797,Base,REAGENT,SMILES,CC(C)(C)[O-].[Na+]
ord-609b92e7f381461a936ff9653aaca797,Solvent,SOLVENT,SMILES,C1COCCO1
ord-609b92e7f381461a936ff9653aaca797,amine,REACTANT,SMILES,C[C@@H]1CNC[C@@H](N1)C
ord-609b92e7f381461a936ff9653aaca797,aryl halide,REACTANT,SMILES,C1=CC(=CC=C1Br)I
ord-609b92e7f381461a936ff9653aaca797,metal and ligand,CATALYST,SMILES,CC1(C2=C(C(=CC=C2)P(C3=CC=CC=C3)C4=CC=CC=C4)OC5=C1C=CC=C5P(C6=CC=CC=C6)C7=CC=CC=C7)C
ord-609b92e7f381461a936ff9653aaca797,metal and ligand,CATALYST,SMILES,CC(=O)O.CC(=O)O.[Pd]
ord-609b92e7f381461a936ff9653aaca797,metal and ligand,CATALYST,SMILES,CC1(C2=C(C(=CC=C2)P(C3=CC=CC=C3)C4=CC=CC=C4)OC5=C1C=CC=C5P(C6=CC=CC=C6)C7=CC=CC=C7)C
ord-609b92e7f381461a936ff9653aaca797,metal and ligand,CATALYST,SMILES,CC(=O)O.CC(=O)O.[Pd]
ord-c3293297b4c643b7b38f6be28fe8ecb0,Base,REAGENT,SMILES,C(=O)([O-])[O-].[Cs+].[Cs+]
ord-c3293297b4c643b7b38f6be28fe8ecb0,Solvent,SOLVENT,SMILES,CC1=CC=CC=C1
ord-c3293297b4c643b7b38f6be28fe8ecb0,amine,REACTANT,SMILES,C[C@H](CN)O[Si](C)(C)C(C)(C)C
ord-c3293297b4c643b7b38f6be28fe8ecb0,aryl halide,REACTANT,SMILES,C1=CC(=C(C(=C1)F)C2=CC=C(C=C2)Br)F
ord-c3293297b4c643b7b38f6be28fe8ecb0,metal and ligand,CATALYST,SMILES,CC(C)C1=CC(=C(C(=C1)C(C)C)C2=CC=CC=C2P(C3CCCCC3)C4CCCCC4)C(C)C
ord-c3293297b4c643b7b38f6be28fe8ecb0,metal and ligand,CATALYST,SMILES,CC(=O)O.CC(=O)O.[Pd]
ord-c3293297b4c643b7b38f6be28fe8ecb0,metal and ligand,CATALYST,SMILES,CC(C)C1=CC(=C(C(=C1)C(C)C)C2=CC=CC=C2P(C3CCCCC3)C4CCCCC4)C(C)C
ord-c3293297b4c643b7b38f6be28fe8ecb0,metal and ligand,CATALYST,SMILES,CC(=O)O.CC(=O)O.[Pd]
ord-9f41dcdcc0414ae7bc18304ff07e7d77,Base,REAGENT,SMILES,C(=O)([O-])[O-].[Cs+].[Cs+]
ord-9f41dcdcc0414ae7bc18304ff07e7d77,Solvent,SOLVENT,SMILES,C1COCCO1
ord-9f41dcdcc0414ae7bc18304ff07e7d77,amine,REACTANT,SMILES,COC(=O)C1=CC2=C(C(=C1)C3CCCN3)OC(=CC2=O)N4CCOCC4
ord-9f41dcdcc0414ae7bc18304ff07e7d77,aryl halide,REACTANT,SMILES,C1=C(C=C(C=C1F)Br)F
ord-9f41dcdcc0414ae7bc18304ff07e7d77,metal and ligand,CATALYST,SMILES,CC1(C2=C(C(=CC=C2)P(C3=CC=CC=C3)C4=CC=CC=C4)OC5=C1C=CC=C5P(C6=CC=CC=C6)C7=CC=CC=C7)C
ord-9f41dcdcc0414ae7bc18304ff07e7d77,metal and ligand,CATALYST,SMILES,CC(=O)O.CC(=O)O.[Pd]
ord-9f41dcdcc0414ae7bc18304ff07e7d77,metal and ligand,CATALYST,SMILES,CC1(C2=C(C(=CC=C2)P(C3=CC=CC=C3)C4=CC=CC=C4)OC5=C1C=CC=C5P(C6=CC=CC=C6)C7=CC=CC=C7)C
ord-9f41dcdcc0414ae7bc18304ff07e7d77,metal and ligand,CATALYST,SMILES,CC(=O)O.CC(=O)O.[Pd]
ord-49d23b5c1f9b4ddcb11fd7200ac09018,Base,REAGENT,SMILES,C(=O)([O-])[O-].[Cs+].[Cs+]
ord-49d23b5c1f9b4ddcb11fd7200ac09018,Solvent,SOLVENT,SMILES,C1COCCO1
ord-49d23b5c1f9b4ddcb11fd7200ac09018,amine,REACTANT,SMILES,COC(=O)C1=CC2=C(C(=C1)C3CCCN3)OC(=CC2=O)N4CCOCC4
ord-49d23b5c1f9b4ddcb11fd7200ac09018,aryl halide,REACTANT,SMILES,C1=C(C=C(C=C1F)Br)F
ord-49d23b5c1f9b4ddcb11fd7200ac09018,metal and ligand,CATALYST,SMILES,CC1(C2=C(C(=CC=C2)P(C3=CC=CC=C3)C4=CC=CC=C4)OC5=C1C=CC=C5P(C6=CC=CC=C6)C7=CC=CC=C7)C
ord-49d23b5c1f9b4ddcb11fd7200ac09018,metal and ligand,CATALYST,SMILES,CC(=O)O.CC(=O)O.[Pd]
ord-49d23b5c1f9b4ddcb11fd7200ac09018,metal and ligand,CATALYST,SMILES,CC1(C2=C(C(=CC=C2)P(C3=CC=CC=C3)C4=CC=CC=C4)OC5=C1C=CC=C5P(C6=CC=CC=C6)C7=CC=CC=C7)C
ord-49d23b5c1f9b4ddcb11fd7200ac09018,metal and ligand,CATALYST,SMILES,CC(=O)O.CC(=O)O.[Pd]
ord-c8e3d8ddd10a4c0eb4a987f93f56cea7,Base,REAGENT,SMILES,C(=O)([O-])[O-].[Cs+].[Cs+]
ord-c8e3d8ddd10a4c0eb4a987f93f56cea7,Solvent,SOLVENT,SMILES,C1COCCO1
ord-c8e3d8ddd10a4c0eb4a987f93f56cea7,amine,REACTANT,SMILES,COC(=O)C1=CC2=C(C(=C1)C3CCCN3)OC(=CC2=O)N4CCOCC4
ord-c8e3d8ddd10a4c0eb4a987f93f56cea7,aryl halide,REACTANT,SMILES,C1=C(C=C(C=C1F)Br)F
ord-c8e3d8ddd10a4c0eb4a987f93f56cea7,metal and ligand,CATALYST,SMILES,CC1(C2=C(C(=CC=C2)P(C3=CC=CC=C3)C4=CC=CC=C4)OC5=C1C=CC=C5P(C6=CC=CC=C6)C7=CC=CC=C7)C
ord-c8e3d8ddd10a4c0eb4a987f93f56cea7,metal and ligand,CATALYST,SMILES,CC(=O)O.CC(=O)O.[Pd]
ord-c8e3d8ddd10a4c0eb4a987f93f56cea7,metal and ligand,CATALYST,SMILES,CC1(C2=C(C(=CC=C2)P(C3=CC=CC=C3)C4=CC=CC=C4)OC5=C1C=CC=C5P(C6=CC=CC=C6)C7=CC=CC=C7)C
ord-c8e3d8ddd10a4c0eb4a987f93f56cea7,metal and ligand,CATALYST,SMILES,CC(=O)O.CC(=O)O.[Pd]
ord-e061647f5f0c433f84efb82229734131,Base,REAGENT,SMILES,C(=O)([O-])[O-].[Cs+].[Cs+]
ord-e061647f5f0c433f84efb82229734131,Solvent,SOLVENT,SMILES,C1COCCO1
ord-e061647f5f0c433f84efb82229734131,amine,REACTANT,SMILES,COC(=O)C1=CC2=C(C(=C1)C3CCCN3)OC(=CC2=O)N4CCOCC4
ord-e061647f5f0c433f84efb82229734131,aryl halide,REACTANT,SMILES,C1=C(C=C(C=C1F)Br)F
ord-e061647f5f0c433f84efb82229734131,metal and ligand,CATALYST,SMILES,CC1(C2=C(C(=CC=C2)P(C3=CC=CC=C3)C4=CC=CC=C4)OC5=C1C=CC=C5P(C6=CC=CC=C6)C7=CC=CC=C7)C
ord-e061647f5f0c433f84efb82229734131,metal and ligand,CATALYST,SMILES,CC(=O)O.CC(=O)O.[Pd]
ord-e061647f5f0c433f84efb82229734131,metal and ligand,CATALYST,SMILES,CC1(C2=C(C(=CC=C2)P(C3=CC=CC=C3)C4=CC=CC=C4)OC5=C1C=CC=C5P(C6=CC=CC=C6)C7=CC=CC=C7)C
ord-e061647f5f0c433f84efb82229734131,metal and ligand,CATALYST,SMILES,CC(=O)O.CC(=O)O.[Pd]
ord-e9a88816e360448bba740f2afb6125ad,Base,REAGENT,SMILES,C(=O)([O-])[O-].[Cs+].[Cs+]
ord-e9a88816e360448bba740f2afb6125ad,Solvent,SOLVENT,SMILES,C1COCCO1
ord-e9a88816e360448bba740f2afb6125ad,amine,REACTANT,SMILES,COC(=O)C1=CC2=C(C(=C1)C3CCCN3)OC(=CC2=O)N4CCOCC4
ord-e9a88816e360448bba740f2afb6125ad,aryl halide,REACTANT,SMILES,C1=C(C=C(C=C1F)Br)F
ord-e9a88816e360448bba740f2afb6125ad,metal and ligand,CATALYST,SMILES,CC1(C2=C(C(=CC=C2)P(C3=CC=CC=C3)C4=CC=CC=C4)OC5=C1C=CC=C5P(C6=CC=CC=C6)C7=CC=CC=C7)C
ord-e9a88816e360448bba740f2afb6125ad,metal and ligand,CATALYST,SMILES,CC(=O)O.CC(=O)O.[Pd]
ord-e9a88816e360448bba740f2afb6125ad,metal and ligand,CATALYST,SMILES,CC1(C2=C(C(=CC=C2)P(C3=CC=CC=C3)C4=CC=CC=C4)OC5=C1C=CC=C5P(C6=CC=CC=C6)C7=CC=CC=C7)C
ord-e9a88816e360448bba740f2afb6125ad,metal and ligand,CATALYST,SMILES,CC(=O)O.CC(=O)O.[Pd]
ord-d28f2c89dd6e4f20843405febc9c45d8,Base,REAGENT,SMILES,C(=O)([O-])[O-].[Cs+].[Cs+]
ord-d28f2c89dd6e4f20843405febc9c45d8,Solvent,SOLVENT,SMILES,C1COCCO1
ord-d28f2c89dd6e4f20843405febc9c45d8,amine,REACTANT,SMILES,COC(=O)C1=CC2=C(C(=C1)C3CCCN3)OC(=CC2=O)N4CCOCC4
ord-d28f2c89dd6e4f20843405febc9c45d8,aryl halide,REACTANT,SMILES,C1=C(C=C(C=C1F)Br)F
ord-d28f2c89dd6e4f20843405febc9c45d8,metal and ligand,CATALYST,SMILES,CC1(C2=C(C(=CC=C2)P(C3=CC=CC=C3)C4=CC=CC=C4)OC5=C1C=CC=C5P(C6=CC=CC=C6)C7=CC=CC=C7)C
ord-d28f2c89dd6e4f20843405febc9c45d8,metal and ligand,CATALYST,SMILES,CC(=O)O.CC(=O)O.[Pd]
ord-d28f2c89dd6e4f20843405febc9c45d8,metal and ligand,CATALYST,SMILES,CC1(C2=C(C(=CC=C2)P(C3=CC=CC=C3)C4=CC=CC=C4)OC5=C1C=CC=C5P(C6=CC=CC=C6)C7=CC=CC=C7)C
ord-d28f2c89dd6e4f20843405febc9c45d8,metal and ligand,CATALYST,SMILES,CC(=O)O.CC(=O)O.[Pd]
ord-14e85d02574d4d47b1620f5ef17dbbe5,Base,REAGENT,SMILES,C(=O)([O-])[O-].[Cs+].[Cs+]
ord-14e85d02574d4d47b1620f5ef17dbbe5,Solvent,SOLVENT,SMILES,C1COCCO1
ord-14e85d02574d4d47b1620f5ef17dbbe5,amine,REACTANT,SMILES,COC(=O)C1=CC2=C(C(=C1)C3CCCN3)OC(=CC2=O)N4CCOCC4
ord-14e85d02574d4d47b1620f5ef17dbbe5,aryl halide,REACTANT,SMILES,C1=C(C=C(C=C1F)Br)F
ord-14e85d02574d4d47b1620f5ef17dbbe5,metal and ligand,CATALYST,SMILES,CC1(C2=C(C(=CC=C2)P(C3=CC=CC=C3)C4=CC=CC=C4)OC5=C1C=CC=C5P(C6=CC=CC=C6)C7=CC=CC=C7)C
ord-14e85d02574d4d47b1620f5ef17dbbe5,metal and ligand,CATALYST,SMILES,CC(=O)O.CC(=O)O.[Pd]
ord-14e85d02574d4d47b1620f5ef17dbbe5,metal and ligand,CATALYST,SMILES,CC1(C2=C(C(=CC=C2)P(C3=CC=CC=C3)C4=CC=CC=C4)OC5=C1C=CC=C5P(C6=CC=CC=C6)C7=CC=CC=C7)C
ord-14e85d02574d4d47b1620f5ef17dbbe5,metal and ligand,CATALYST,SMILES,CC(=O)O.CC(=O)O.[Pd]
ord-232b7429c3f0450bb3d4836c8a002e13,Base,REAGENT,SMILES,CC(C)(C)[O-].[Na+]
ord-232b7429c3f0450bb3d4836c8a002e13,Solvent,SOLVENT,SMILES,C1COCCO1
ord-232b7429c3f0450bb3d4836c8a002e13,amine,REACTANT,SMILES,CC1=CC2=C(N1)C=C(C=C2)OC(F)(F)F
ord-232b7429c3f0450bb3d4836c8a002e13,aryl halide,REACTANT,SMILES,C1=CC=C(C=C1)COC2=CC(=CC=C2)I
ord-232b7429c3f0450bb3d4836c8a002e13,metal and ligand,CATALYST,SMILES,CC(C)(C)P(C1=CC=CC=C1C2=CC=CC=C2)C(C)(C)C
ord-232b7429c3f0450bb3d4836c8a002e13,metal and ligand,CATALYST,SMILES,C1=CC=C(C=C1)/C=C/C(=O)/C=C/C2=CC=CC=C2.C1=CC=C(C=C1)/C=C/C(=O)/C=C/C2=CC=CC=C2.C1=CC=C(C=C1)/C=C/C(=O)/C=C/C2=CC=CC=C2.[Pd].[Pd]
ord-232b7429c3f0450bb3d4836c8a002e13,metal and ligand,CATALYST,SMILES,CC(C)(C)P(C1=CC=CC=C1C2=CC=CC=C2)C(C)(C)C
ord-232b7429c3f0450bb3d4836c8a002e13,metal and ligand,CATALYST,SMILES,C1=CC=C(C=C1)/C=C/C(=O)/C=C/C2=CC=CC=C2.C1=CC=C(C=C1)/C=C/C(=O)/C=C/C2=CC=CC=C2.C1=CC=C(C=C1)/C=C/C(=O)/C=C/C2=CC=CC=C2.[Pd].[Pd]
ord-055c0d9926684c29963cad751105f26e,Base,REAGENT,SMILES,CC(C)(C)[O-].[Na+]
ord-055c0d9926684c29963cad751105f26e,Solvent,SOLVENT,SMILES,CC1=CC=CC=C1
ord-055c0d9926684c29963cad751105f26e,amine,REACTANT,SMILES,CC1=CC2=C(N1)C=C(C=C2)OC(F)(F)F
ord-055c0d9926684c29963cad751105f26e,aryl halide,REACTANT,SMILES,C1=CC=C(C=C1)COC2=CC(=CC=C2)I
ord-055c0d9926684c29963cad751105f26e,metal and ligand,CATALYST,SMILES,CC(C)(C)P(C1=CC=CC=C1C2=CC=CC=C2)C(C)(C)C
ord-055c0d9926684c29963cad751105f26e,metal and ligand,CATALYST,SMILES,C1=CC=C(C=C1)/C=C/C(=O)/C=C/C2=CC=CC=C2.C1=CC=C(C=C1)/C=C/C(=O)/C=C/C2=CC=CC=C2.C1=CC=C(C=C1)/C=C/C(=O)/C=C/C2=CC=CC=C2.[Pd].[Pd]
ord-055c0d9926684c29963cad751105f26e,metal and ligand,CATALYST,SMILES,CC(C)(C)P(C1=CC=CC=C1C2=CC=CC=C2)C(C)(C)C
ord-055c0d9926684c29963cad751105f26e,metal and ligand,CATALYST,SMILES,C1=CC=C(C=C1)/C=C/C(=O)/C=C/C2=CC=CC=C2.C1=CC=C(C=C1)/C=C/C(=O)/C=C/C2=CC=CC=C2.C1=CC=C(C=C1)/C=C/C(=O)/C=C/C2=CC=CC=C2.[Pd].[Pd]
ord-a21f7feeefae4ebba3375572e56f8ed0,Base,REAGENT,SMILES,CC(C)(C)[O-].[Na+]
ord-a21f7feeefae4ebba3375572e56f8ed0,Solvent,SOLVENT,SMILES,C1COCCO1
ord-a21f7feeefae4ebba3375572e56f8ed0,amine,REACTANT,SMILES,CC(C)(C)OC(=O)N1C[C@@H]2C[C@H]1CN2
ord-a21f7feeefae4ebba3375572e56f8ed0,aryl halide,REACTANT,SMILES,C1=C(C=NC=C1Br)C(F)(F)F
ord-a21f7feeefae4ebba3375572e56f8ed0,metal and ligand,CATALYST,SMILES,C1=CC=C(C=C1)P(C2=CC=CC=C2)C3=C(C4=CC=CC=C4C=C3)C5=C(C=CC6=CC=CC=C65)P(C7=CC=CC=C7)C8=CC=CC=C8
ord-a21f7feeefae4ebba3375572e56f8ed0,metal and ligand,CATALYST,SMILES,C1=CC=C(C=C1)/C=C/C(=O)/C=C/C2=CC=CC=C2.C1=CC=C(C=C1)/C=C/C(=O)/C=C/C2=CC=CC=C2.C1=CC=C(C=C1)/C=C/C(=O)/C=C/C2=CC=CC=C2.[Pd].[Pd]
ord-a21f7feeefae4ebba3375572e56f8ed0,metal and ligand,CATALYST,SMILES,C1=CC=C(C=C1)P(C2=CC=CC=C2)C3=C(C4=CC=CC=C4C=C3)C5=C(C=CC6=CC=CC=C65)P(C7=CC=CC=C7)C8=CC=CC=C8
ord-a21f7feeefae4ebba3375572e56f8ed0,metal and ligand,CATALYST,SMILES,C1=CC=C(C=C1)/C=C/C(=O)/C=C/C2=CC=CC=C2.C1=CC=C(C=C1)/C=C/C(=O)/C=C/C2=CC=CC=C2.C1=CC=C(C=C1)/C=C/C(=O)/C=C/C2=CC=CC=C2.[Pd].[Pd]
ord-9b1d1f242a294d85b376889807570e77,Base,REAGENT,SMILES,CC(C)(C)[O-].[Na+]
ord-9b1d1f242a294d85b376889807570e77,Solvent,SOLVENT,SMILES,C1COCCO1
ord-9b1d1f242a294d85b376889807570e77,amine,REACTANT,SMILES,CC(C)(C)OC(=O)N1CCNCC1
ord-9b1d1f242a294d85b376889807570e77,aryl halide,REACTANT,SMILES,C1=C(C=NC=C1Br)C(F)(F)F
ord-9b1d1f242a294d85b376889807570e77,metal and ligand,CATALYST,SMILES,C1=CC=C(C=C1)P(C2=CC=CC=C2)C3=C(C4=CC=CC=C4C=C3)C5=C(C=CC6=CC=CC=C65)P(C7=CC=CC=C7)C8=CC=CC=C8
ord-9b1d1f242a294d85b376889807570e77,metal and ligand,CATALYST,SMILES,C1=CC=C(C=C1)/C=C/C(=O)/C=C/C2=CC=CC=C2.C1=CC=C(C=C1)/C=C/C(=O)/C=C/C2=CC=CC=C2.C1=CC=C(C=C1)/C=C/C(=O)/C=C/C2=CC=CC=C2.[Pd].[Pd]
ord-9b1d1f242a294d85b376889807570e77,metal and ligand,CATALYST,SMILES,C1=CC=C(C=C1)P(C2=CC=CC=C2)C3=C(C4=CC=CC=C4C=C3)C5=C(C=CC6=CC=CC=C65)P(C7=CC=CC=C7)C8=CC=CC=C8
ord-9b1d1f242a294d85b376889807570e77,metal and ligand,CATALYST,SMILES,C1=CC=C(C=C1)/C=C/C(=O)/C=C/C2=CC=CC=C2.C1=CC=C(C=C1)/C=C/C(=O)/C=C/C2=CC=CC=C2.C1=CC=C(C=C1)/C=C/C(=O)/C=C/C2=CC=CC=C2.[Pd].[Pd]
ord-45a7a9da12934ab5ab153542a819eb23,Base,REAGENT,SMILES,C(=O)([O-])[O-].[K+].[K+]
ord-45a7a9da12934ab5ab153542a819eb23,Solvent,SOLVENT,SMILES,CC#N
ord-45a7a9da12934ab5ab153542a819eb23,amine,REACTANT,SMILES,CCNCC
ord-45a7a9da12934ab5ab153542a819eb23,aryl halide,REACTANT,SMILES,C1=CC(=CC=C1C#N)Br
ord-45a7a9da12934ab5ab153542a819eb23,metal and ligand,CATALYST,SMILES,CC(C)C1=CC(=C(C(=C1)C(C)C)C2=CC=CC=C2P(C3CCCCC3)C4CCCCC4)C(C)C
ord-45a7a9da12934ab5ab153542a819eb23,metal and ligand,CATALYST,SMILES,CC(=O)O.CC(=O)O.[Pd]
ord-45a7a9da12934ab5ab153542a819eb23,metal and ligand,CATALYST,SMILES,CC(C)C1=CC(=C(C(=C1)C(C)C)C2=CC=CC=C2P(C3CCCCC3)C4CCCCC4)C(C)C
ord-45a7a9da12934ab5ab153542a819eb23,metal and ligand,CATALYST,SMILES,CC(=O)O.CC(=O)O.[Pd]
ord-17225e99c02b4548adfeb78156e8b3d5,Base,REAGENT,SMILES,C(=O)([O-])[O-].[Cs+].[Cs+]
ord-17225e99c02b4548adfeb78156e8b3d5,Solvent,SOLVENT,SMILES,CC(=O)N(C)C
ord-17225e99c02b4548adfeb78156e8b3d5,amine,REACTANT,SMILES,C1=CC(=CC(=C1)S(=O)(=O)N)N
ord-17225e99c02b4548adfeb78156e8b3d5,aryl halide,REACTANT,SMILES,C1=CN=C(C=N1)Cl
ord-17225e99c02b4548adfeb78156e8b3d5,metal and ligand,CATALYST,SMILES,CC1(C2=C(C(=CC=C2)P(C3=CC=CC=C3)C4=CC=CC=C4)OC5=C1C=CC=C5P(C6=CC=CC=C6)C7=CC=CC=C7)C
ord-17225e99c02b4548adfeb78156e8b3d5,metal and ligand,CATALYST,SMILES,CC(=O)O.CC(=O)O.[Pd]
ord-17225e99c02b4548adfeb78156e8b3d5,metal and ligand,CATALYST,SMILES,CC1(C2=C(C(=CC=C2)P(C3=CC=CC=C3)C4=CC=CC=C4)OC5=C1C=CC=C5P(C6=CC=CC=C6)C7=CC=CC=C7)C
ord-17225e99c02b4548adfeb78156e8b3d5,metal and ligand,CATALYST,SMILES,CC(=O)O.CC(=O)O.[Pd]
ord-f980d50ac3ae43a58ddfe2efc500c048,Base,REAGENT,SMILES,C(=O)([O-])[O-].[Cs+].[Cs+]
ord-f980d50ac3ae43a58ddfe2efc500c048,Solvent,SOLVENT,SMILES,CC(=O)N(C)C
ord-f980d50ac3ae43a58ddfe2efc500c048,amine,REACTANT,SMILES,C1=CC(=CC(=C1)S(=O)(=O)N)N
ord-f980d50ac3ae43a58ddfe2efc500c048,aryl halide,REACTANT,SMILES,C1=C(C=NC=N1)Br
ord-f980d50ac3ae43a58ddfe2efc500c048,metal and ligand,CATALYST,SMILES,CC1(C2=C(C(=CC=C2)P(C3=CC=CC=C3)C4=CC=CC=C4)OC5=C1C=CC=C5P(C6=CC=CC=C6)C7=CC=CC=C7)C
ord-f980d50ac3ae43a58ddfe2efc500c048,metal and ligand,CATALYST,SMILES,CC(=O)O.CC(=O)O.[Pd]
ord-f980d50ac3ae43a58ddfe2efc500c048,metal and ligand,CATALYST,SMILES,CC1(C2=C(C(=CC=C2)P(C3=CC=CC=C3)C4=CC=CC=C4)OC5=C1C=CC=C5P(C6=CC=CC=C6)C7=CC=CC=C7)C
ord-f980d50ac3ae43a58ddfe2efc500c048,metal and ligand,CATALYST,SMILES,CC(=O)O.CC(=O)O.[Pd]
ord-8b74efad6e6646bdaf4fdb6de38026cc,Base,REAGENT,SMILES,C(=O)([O-])[O-].[Cs+].[Cs+]
ord-8b74efad6e6646bdaf4fdb6de38026cc,Solvent,SOLVENT,SMILES,C1COCCO1
ord-8b74efad6e6646bdaf4fdb6de38026cc,amine,REACTANT,SMILES,C1C[C@@H](C2=NC(=NN2C1)N)C3=CC=C(C=C3)F
ord-8b74efad6e6646bdaf4fdb6de38026cc,aryl halide,REACTANT,SMILES,C1=CC(=CC=C1CC#N)Br
ord-8b74efad6e6646bdaf4fdb6de38026cc,metal and ligand,CATALYST,SMILES,C1CCC(CC1)P(C2CCCCC2)C3=CC=CC=C3C4=CC=CC=C4
ord-8b74efad6e6646bdaf4fdb6de38026cc,metal and ligand,CATALYST,SMILES,C1CCC(CC1)P(C2CCCCC2)C3=CC=CC=C3C4=CC=CC=C4
ord-2784ae4fbb2641c38c53b79f14f3e80f,Base,REAGENT,SMILES,CC(C)(C)[O-].[Na+]
ord-2784ae4fbb2641c38c53b79f14f3e80f,Solvent,SOLVENT,SMILES,CC1=CC=CC=C1
ord-2784ae4fbb2641c38c53b79f14f3e80f,amine,REACTANT,SMILES,CN1CCC[C@@H]1COC2=CN=C(C=C2)N
ord-2784ae4fbb2641c38c53b79f14f3e80f,aryl halide,REACTANT,SMILES,C1=CC=C2C(=C1)N=CN2C3=CC(=NC=N3)Cl
ord-2784ae4fbb2641c38c53b79f14f3e80f,metal and ligand,CATALYST,SMILES,CC1(C2=C(C(=CC=C2)P(C3=CC=CC=C3)C4=CC=CC=C4)OC5=C1C=CC=C5P(C6=CC=CC=C6)C7=CC=CC=C7)C
ord-2784ae4fbb2641c38c53b79f14f3e80f,metal and ligand,CATALYST,SMILES,C1=CC=C(C=C1)/C=C/C(=O)/C=C/C2=CC=CC=C2.C1=CC=C(C=C1)/C=C/C(=O)/C=C/C2=CC=CC=C2.C1=CC=C(C=C1)/C=C/C(=O)/C=C/C2=CC=CC=C2.[Pd].[Pd]
ord-2784ae4fbb2641c38c53b79f14f3e80f,metal and ligand,CATALYST,SMILES,CC1(C2=C(C(=CC=C2)P(C3=CC=CC=C3)C4=CC=CC=C4)OC5=C1C=CC=C5P(C6=CC=CC=C6)C7=CC=CC=C7)C
ord-2784ae4fbb2641c38c53b79f14f3e80f,metal and ligand,CATALYST,SMILES,C1=CC=C(C=C1)/C=C/C(=O)/C=C/C2=CC=CC=C2.C1=CC=C(C=C1)/C=C/C(=O)/C=C/C2=CC=CC=C2.C1=CC=C(C=C1)/C=C/C(=O)/C=C/C2=CC=CC=C2.[Pd].[Pd]
ord-7ce32a5d4abb4826b07e10a8720e8cf8,Base,REAGENT,SMILES,CC(C)(C)[O-].[Na+]
ord-7ce32a5d4abb4826b07e10a8720e8cf8,Solvent,SOLVENT,SMILES,CC1=CC=CC=C1
ord-7ce32a5d4abb4826b07e10a8720e8cf8,amine,REACTANT,SMILES,C1CNCCC12OCCO2
ord-7ce32a5d4abb4826b07e10a8720e8cf8,aryl halide,REACTANT,SMILES,COC1=CC(=CN=C1)Br
ord-7ce32a5d4abb4826b07e10a8720e8cf8,metal and ligand,CATALYST,SMILES,CC(C)C1=CC(=C(C(=C1)C(C)C)C2=CC=CC=C2P(C3CCCCC3)C4CCCCC4)C(C)C
ord-7ce32a5d4abb4826b07e10a8720e8cf8,metal and ligand,CATALYST,SMILES,CC(=O)O.CC(=O)O.[Pd]
ord-7ce32a5d4abb4826b07e10a8720e8cf8,metal and ligand,CATALYST,SMILES,CC(C)C1=CC(=C(C(=C1)C(C)C)C2=CC=CC=C2P(C3CCCCC3)C4CCCCC4)C(C)C
ord-7ce32a5d4abb4826b07e10a8720e8cf8,metal and ligand,CATALYST,SMILES,CC(=O)O.CC(=O)O.[Pd]
ord-acf9860e722c4b4598d1b2c19d9e27a1,Base,REAGENT,SMILES,CC(C)(C)[O-].[Na+]
ord-acf9860e722c4b4598d1b2c19d9e27a1,Solvent,SOLVENT,SMILES,COCCOC
ord-acf9860e722c4b4598d1b2c19d9e27a1,amine,REACTANT,SMILES,C1=CC(=CN=C1)N
ord-acf9860e722c4b4598d1b2c19d9e27a1,aryl halide,REACTANT,SMILES,C1=CC(=CN=C1)Br
ord-acf9860e722c4b4598d1b2c19d9e27a1,metal and ligand,CATALYST,SMILES,CC(C1CCCC1P(C2CCCCC2)C3CCCCC3)P(C(C)(C)C)C(C)(C)C.C1CCCC1.[Fe]
ord-acf9860e722c4b4598d1b2c19d9e27a1,metal and ligand,CATALYST,SMILES,CC(=O)O.CC(=O)O.[Pd]
ord-acf9860e722c4b4598d1b2c19d9e27a1,metal and ligand,CATALYST,SMILES,CC(C1CCCC1P(C2CCCCC2)C3CCCCC3)P(C(C)(C)C)C(C)(C)C.C1CCCC1.[Fe]
ord-acf9860e722c4b4598d1b2c19d9e27a1,metal and ligand,CATALYST,SMILES,CC(=O)O.CC(=O)O.[Pd]
ord-8d4927e597524dbea6e64f777b1f4296,Base,REAGENT,SMILES,CC(C)(C)[O-].[Na+]
ord-8d4927e597524dbea6e64f777b1f4296,Solvent,SOLVENT,SMILES,COCCOC
ord-8d4927e597524dbea6e64f777b1f4296,amine,REACTANT,SMILES,C1=CC(=CN=C1)N
ord-8d4927e597524dbea6e64f777b1f4296,aryl halide,REACTANT,SMILES,C1=CC(=CN=C1)Br
ord-8d4927e597524dbea6e64f777b1f4296,metal and ligand,CATALYST,SMILES,CC(C1CCCC1P(C2CCCCC2)C3CCCCC3)P(C(C)(C)C)C(C)(C)C.C1CCCC1.[Fe]
ord-8d4927e597524dbea6e64f777b1f4296,metal and ligand,CATALYST,SMILES,CC(=O)O.CC(=O)O.[Pd]
ord-8d4927e597524dbea6e64f777b1f4296,metal and ligand,CATALYST,SMILES,CC(C1CCCC1P(C2CCCCC2)C3CCCCC3)P(C(C)(C)C)C(C)(C)C.C1CCCC1.[Fe]
ord-8d4927e597524dbea6e64f777b1f4296,metal and ligand,CATALYST,SMILES,CC(=O)O.CC(=O)O.[Pd]
ord-d32527b9fef34013a5ae697e40e160a3,Base,REAGENT,SMILES,CC(C)(C)[O-].[Na+]
ord-d32527b9fef34013a5ae697e40e160a3,Solvent,SOLVENT,SMILES,COCCOC
ord-d32527b9fef34013a5ae697e40e160a3,amine,REACTANT,SMILES,C1=CC(=CN=C1)N
ord-d32527b9fef34013a5ae697e40e160a3,aryl halide,REACTANT,SMILES,C1=CC(=CN=C1)Br
ord-d32527b9fef34013a5ae697e40e160a3,metal and ligand,CATALYST,SMILES,CC(C1CCCC1P(C2CCCCC2)C3CCCCC3)P(C(C)(C)C)C(C)(C)C.C1CCCC1.[Fe]
ord-d32527b9fef34013a5ae697e40e160a3,metal and ligand,CATALYST,SMILES,CC(=O)O.CC(=O)O.[Pd]
ord-d32527b9fef34013a5ae697e40e160a3,metal and ligand,CATALYST,SMILES,CC(C1CCCC1P(C2CCCCC2)C3CCCCC3)P(C(C)(C)C)C(C)(C)C.C1CCCC1.[Fe]
ord-d32527b9fef34013a5ae697e40e160a3,metal and ligand,CATALYST,SMILES,CC(=O)O.CC(=O)O.[Pd]
ord-700c6d20880044119041252f015d9cec,Base,REAGENT,SMILES,C(=O)([O-])[O-].[Cs+].[Cs+]
ord-700c6d20880044119041252f015d9cec,Solvent,SOLVENT,SMILES,C1COCCO1
ord-700c6d20880044119041252f015d9cec,amine,REACTANT,SMILES,C1C[C@@H](C2=NC(=NN2C1)N)C3=CC=C(C=C3)F
ord-700c6d20880044119041252f015d9cec,aryl halide,REACTANT,SMILES,CN(C)C(=O)C1=CC=C(C=C1)Br
ord-700c6d20880044119041252f015d9cec,metal and ligand,CATALYST,SMILES,C1CCC(CC1)P(C2CCCCC2)C3=CC=CC=C3C4=CC=CC=C4
ord-700c6d20880044119041252f015d9cec,metal and ligand,CATALYST,SMILES,CC(=O)O.CC(=O)O.[Pd]
ord-700c6d20880044119041252f015d9cec,metal and ligand,CATALYST,SMILES,C1CCC(CC1)P(C2CCCCC2)C3=CC=CC=C3C4=CC=CC=C4
ord-700c6d20880044119041252f015d9cec,metal and ligand,CATALYST,SMILES,CC(=O)O.CC(=O)O.[Pd]
ord-16d84022ddba418d9531ecea75eeae83,Base,REAGENT,SMILES,C(=O)([O-])[O-].[Cs+].[Cs+]
ord-16d84022ddba418d9531ecea75eeae83,Solvent,SOLVENT,SMILES,C1COCCO1
ord-16d84022ddba418d9531ecea75eeae83,amine,REACTANT,SMILES,CN(C)C(=O)C1=CC2=C(C(=C1)C3CCCN3)OC(=CC2=O)N4CCOCC4
ord-16d84022ddba418d9531ecea75eeae83,aryl halide,REACTANT,SMILES,C1=C(C=C(C=C1F)Br)C#N
ord-16d84022ddba418d9531ecea75eeae83,metal and ligand,CATALYST,SMILES,CC1(C2=C(C(=CC=C2)P(C3=CC=CC=C3)C4=CC=CC=C4)OC5=C1C=CC=C5P(C6=CC=CC=C6)C7=CC=CC=C7)C
ord-16d84022ddba418d9531ecea75eeae83,metal and ligand,CATALYST,SMILES,CC(=O)O.CC(=O)O.[Pd]
ord-16d84022ddba418d9531ecea75eeae83,metal and ligand,CATALYST,SMILES,CC1(C2=C(C(=CC=C2)P(C3=CC=CC=C3)C4=CC=CC=C4)OC5=C1C=CC=C5P(C6=CC=CC=C6)C7=CC=CC=C7)C
ord-16d84022ddba418d9531ecea75eeae83,metal and ligand,CATALYST,SMILES,CC(=O)O.CC(=O)O.[Pd]
ord-2ff1a1a6512d42c193b559390cdb44ba,Base,REAGENT,SMILES,C(=O)([O-])[O-].[Cs+].[Cs+]
ord-2ff1a1a6512d42c193b559390cdb44ba,Solvent,SOLVENT,SMILES,C1COCCO1
ord-2ff1a1a6512d42c193b559390cdb44ba,amine,REACTANT,SMILES,CN(C)C(=O)C1=CC2=C(C(=C1)C3CCCN3)OC(=CC2=O)N4CCOCC4
ord-2ff1a1a6512d42c193b559390cdb44ba,aryl halide,REACTANT,SMILES,C1=CC=C(C=C1)Br
ord-2ff1a1a6512d42c193b559390cdb44ba,metal and ligand,CATALYST,SMILES,CC1(C2=C(C(=CC=C2)P(C3=CC=CC=C3)C4=CC=CC=C4)OC5=C1C=CC=C5P(C6=CC=CC=C6)C7=CC=CC=C7)C
ord-2ff1a1a6512d42c193b559390cdb44ba,metal and ligand,CATALYST,SMILES,CC(=O)O.CC(=O)O.[Pd]
ord-2ff1a1a6512d42c193b559390cdb44ba,metal and ligand,CATALYST,SMILES,CC1(C2=C(C(=CC=C2)P(C3=CC=CC=C3)C4=CC=CC=C4)OC5=C1C=CC=C5P(C6=CC=CC=C6)C7=CC=CC=C7)C
ord-2ff1a1a6512d42c193b559390cdb44ba,metal and ligand,CATALYST,SMILES,CC(=O)O.CC(=O)O.[Pd]
ord-d0512d6367704fadb75940a278af6036,Base,REAGENT,SMILES,C(=O)([O-])[O-].[Cs+].[Cs+]
ord-d0512d6367704fadb75940a278af6036,Solvent,SOLVENT,SMILES,C1COCCO1
ord-d0512d6367704fadb75940a278af6036,amine,REACTANT,SMILES,CN(C)C(=O)C1=CC2=C(C(=C1)C3CCCN3)OC(=CC2=O)N4CCOCC4
ord-d0512d6367704fadb75940a278af6036,aryl halide,REACTANT,SMILES,C1=CC(=CC=C1F)Br
ord-d0512d6367704fadb75940a278af6036,metal and ligand,CATALYST,SMILES,CC1(C2=C(C(=CC=C2)P(C3=CC=CC=C3)C4=CC=CC=C4)OC5=C1C=CC=C5P(C6=CC=CC=C6)C7=CC=CC=C7)C
ord-d0512d6367704fadb75940a278af6036,metal and ligand,CATALYST,SMILES,CC(=O)O.CC(=O)O.[Pd]
ord-d0512d6367704fadb75940a278af6036,metal and ligand,CATALYST,SMILES,CC1(C2=C(C(=CC=C2)P(C3=CC=CC=C3)C4=CC=CC=C4)OC5=C1C=CC=C5P(C6=CC=CC=C6)C7=CC=CC=C7)C
ord-d0512d6367704fadb75940a278af6036,metal and ligand,CATALYST,SMILES,CC(=O)O.CC(=O)O.[Pd]
ord-a63ed86656ab46e9b98fdae5bdec4fe4,Base,REAGENT,SMILES,C(=O)([O-])[O-].[Cs+].[Cs+]
ord-a63ed86656ab46e9b98fdae5bdec4fe4,Solvent,SOLVENT,SMILES,C1COCCO1
ord-a63ed86656ab46e9b98fdae5bdec4fe4,amine,REACTANT,SMILES,CN(C)C(=O)C1=CC2=C(C(=C1)C3CCCN3)OC(=CC2=O)N4CCOCC4
ord-a63ed86656ab46e9b98fdae5bdec4fe4,aryl halide,REACTANT,SMILES,C1=CC(=CC=C1F)Br
ord-a63ed86656ab46e9b98fdae5bdec4fe4,metal and ligand,CATALYST,SMILES,CC(C)C1=CC(=C(C(=C1)C(C)C)C2=CC=CC=C2P(C3CCCCC3)C4CCCCC4)C(C)C
ord-a63ed86656ab46e9b98fdae5bdec4fe4,metal and ligand,CATALYST,SMILES,CC(=O)O.CC(=O)O.[Pd]
ord-a63ed86656ab46e9b98fdae5bdec4fe4,metal and ligand,CATALYST,SMILES,CC(C)C1=CC(=C(C(=C1)C(C)C)C2=CC=CC=C2P(C3CCCCC3)C4CCCCC4)C(C)C
ord-a63ed86656ab46e9b98fdae5bdec4fe4,metal and ligand,CATALYST,SMILES,CC(=O)O.CC(=O)O.[Pd]
ord-3af268f385e348b58c53e9a70feadd8e,Base,REAGENT,SMILES,C(=O)([O-])[O-].[Cs+].[Cs+]
ord-3af268f385e348b58c53e9a70feadd8e,Solvent,SOLVENT,SMILES,C1COCCO1
ord-3af268f385e348b58c53e9a70feadd8e,amine,REACTANT,SMILES,CN(C)C(=O)C1=CC2=C(C(=C1)C3CCCN3)OC(=CC2=O)N4CCOCC4
ord-3af268f385e348b58c53e9a70feadd8e,aryl halide,REACTANT,SMILES,C1=CC(=CC=C1F)Br
ord-3af268f385e348b58c53e9a70feadd8e,metal and ligand,CATALYST,SMILES,C1CCC(CC1)P(C2CCCCC2)C3=CC=CC=C3C4=CC=CC=C4
ord-3af268f385e348b58c53e9a70feadd8e,metal and ligand,CATALYST,SMILES,CC(=O)O.CC(=O)O.[Pd]
ord-3af268f385e348b58c53e9a70feadd8e,metal and ligand,CATALYST,SMILES,C1CCC(CC1)P(C2CCCCC2)C3=CC=CC=C3C4=CC=CC=C4
ord-3af268f385e348b58c53e9a70feadd8e,metal and ligand,CATALYST,SMILES,CC(=O)O.CC(=O)O.[Pd]
ord-02be984aa68b424aad9a285d9b990afb,Base,REAGENT,SMILES,C(=O)([O-])[O-].[Cs+].[Cs+]
ord-02be984aa68b424aad9a285d9b990afb,Solvent,SOLVENT,SMILES,C1COCCO1
ord-02be984aa68b424aad9a285d9b990afb,amine,REACTANT,SMILES,CN(C)C(=O)C1=CC2=C(C(=C1)C3CCCN3)OC(=CC2=O)N4CCOCC4
ord-02be984aa68b424aad9a285d9b990afb,aryl halide,REACTANT,SMILES,C1=CC(=CC=C1F)Br
ord-02be984aa68b424aad9a285d9b990afb,metal and ligand,CATALYST,SMILES,C1CCC(CC1)P(C2CCCCC2)C3=CC=CC=C3C4=CC=CC=C4
ord-02be984aa68b424aad9a285d9b990afb,metal and ligand,CATALYST,SMILES,CC(=O)O.CC(=O)O.[Pd]
ord-02be984aa68b424aad9a285d9b990afb,metal and ligand,CATALYST,SMILES,C1CCC(CC1)P(C2CCCCC2)C3=CC=CC=C3C4=CC=CC=C4
ord-02be984aa68b424aad9a285d9b990afb,metal and ligand,CATALYST,SMILES,CC(=O)O.CC(=O)O.[Pd]
ord-3e57a399433c4f5aa6087180dd878e52,Base,REAGENT,SMILES,C(=O)([O-])[O-].[Cs+].[Cs+]
ord-3e57a399433c4f5aa6087180dd878e52,Solvent,SOLVENT,SMILES,C1COCCO1
ord-3e57a399433c4f5aa6087180dd878e52,amine,REACTANT,SMILES,CN(C)C(=O)C1=CC2=C(C(=C1)C3CCCN3)OC(=CC2=O)N4CCOCC4
ord-3e57a399433c4f5aa6087180dd878e52,aryl halide,REACTANT,SMILES,C1=CC(=CC=C1F)Br
ord-3e57a399433c4f5aa6087180dd878e52,metal and ligand,CATALYST,SMILES,CC1(C2=C(C(=CC=C2)P(C3=CC=CC=C3)C4=CC=CC=C4)OC5=C1C=CC=C5P(C6=CC=CC=C6)C7=CC=CC=C7)C
ord-3e57a399433c4f5aa6087180dd878e52,metal and ligand,CATALYST,SMILES,CC(=O)O.CC(=O)O.[Pd]
ord-3e57a399433c4f5aa6087180dd878e52,metal and ligand,CATALYST,SMILES,CC1(C2=C(C(=CC=C2)P(C3=CC=CC=C3)C4=CC=CC=C4)OC5=C1C=CC=C5P(C6=CC=CC=C6)C7=CC=CC=C7)C
ord-3e57a399433c4f5aa6087180dd878e52,metal and ligand,CATALYST,SMILES,CC(=O)O.CC(=O)O.[Pd]
ord-a7df51f0be0a4af98f3bfe87d6600255,Base,REAGENT,SMILES,C(=O)([O-])[O-].[Cs+].[Cs+]
ord-a7df51f0be0a4af98f3bfe87d6600255,Solvent,SOLVENT,SMILES,CC1=CC=CC=C1
ord-a7df51f0be0a4af98f3bfe87d6600255,amine,REACTANT,SMILES,CCOC(=O)CN.Cl
ord-a7df51f0be0a4af98f3bfe87d6600255,aryl halide,REACTANT,SMILES,C1=C(C=NC(=C1N)Br)F
ord-a7df51f0be0a4af98f3bfe87d6600255,metal and ligand,CATALYST,SMILES,C1=CC=C(C=C1)P(C2=CC=CC=C2)C3=C(C4=CC=CC=C4C=C3)C5=C(C=CC6=CC=CC=C65)P(C7=CC=CC=C7)C8=CC=CC=C8
ord-a7df51f0be0a4af98f3bfe87d6600255,metal and ligand,CATALYST,SMILES,CC(=O)O.CC(=O)O.[Pd]
ord-a7df51f0be0a4af98f3bfe87d6600255,metal and ligand,CATALYST,SMILES,C1=CC=C(C=C1)P(C2=CC=CC=C2)C3=C(C4=CC=CC=C4C=C3)C5=C(C=CC6=CC=CC=C65)P(C7=CC=CC=C7)C8=CC=CC=C8
ord-a7df51f0be0a4af98f3bfe87d6600255,metal and ligand,CATALYST,SMILES,CC(=O)O.CC(=O)O.[Pd]
ord-74ae5f362208460ebf2f7ad1b936b06b,Base,REAGENT,SMILES,CC(C)(C)[O-].[Na+]
ord-74ae5f362208460ebf2f7ad1b936b06b,Solvent,SOLVENT,SMILES,CC1=CC=CC=C1
ord-74ae5f362208460ebf2f7ad1b936b06b,amine,REACTANT,SMILES,CC(C1=CC=CC=C1)N
ord-74ae5f362208460ebf2f7ad1b936b06b,aryl halide,REACTANT,SMILES,C1=CN=C(C=N1)Cl
ord-74ae5f362208460ebf2f7ad1b936b06b,metal and ligand,CATALYST,SMILES,C1=CC=C(C=C1)P(C2=CC=CC=C2)C3=C(C4=CC=CC=C4C=C3)C5=C(C=CC6=CC=CC=C65)P(C7=CC=CC=C7)C8=CC=CC=C8
ord-74ae5f362208460ebf2f7ad1b936b06b,metal and ligand,CATALYST,SMILES,CC(=O)O.CC(=O)O.[Pd]
ord-74ae5f362208460ebf2f7ad1b936b06b,metal and ligand,CATALYST,SMILES,C1=CC=C(C=C1)P(C2=CC=CC=C2)C3=C(C4=CC=CC=C4C=C3)C5=C(C=CC6=CC=CC=C65)P(C7=CC=CC=C7)C8=CC=CC=C8
ord-74ae5f362208460ebf2f7ad1b936b06b,metal and ligand,CATALYST,SMILES,CC(=O)O.CC(=O)O.[Pd]
ord-0a36562a530a4f6bb99c0bf4c44fc018,Base,REAGENT,SMILES,C(=O)([O-])[O-].[Cs+].[Cs+]
ord-0a36562a530a4f6bb99c0bf4c44fc018,Solvent,SOLVENT,SMILES,CC(=O)N(C)C
ord-0a36562a530a4f6bb99c0bf4c44fc018,amine,REACTANT,SMILES,CS(=O)(=O)C1=CC=C(C=C1)N
ord-0a36562a530a4f6bb99c0bf4c44fc018,aryl halide,REACTANT,SMILES,CC1=NC(=C(C=C1)OC2=CC(=NC=C2)Cl)C
ord-0a36562a530a4f6bb99c0bf4c44fc018,metal and ligand,CATALYST,SMILES,CC1(C2=C(C(=CC=C2)P(C3=CC=CC=C3)C4=CC=CC=C4)OC5=C1C=CC=C5P(C6=CC=CC=C6)C7=CC=CC=C7)C
ord-0a36562a530a4f6bb99c0bf4c44fc018,metal and ligand,CATALYST,SMILES,CC(=O)O.CC(=O)O.[Pd]
ord-0a36562a530a4f6bb99c0bf4c44fc018,metal and ligand,CATALYST,SMILES,CC1(C2=C(C(=CC=C2)P(C3=CC=CC=C3)C4=CC=CC=C4)OC5=C1C=CC=C5P(C6=CC=CC=C6)C7=CC=CC=C7)C
ord-0a36562a530a4f6bb99c0bf4c44fc018,metal and ligand,CATALYST,SMILES,CC(=O)O.CC(=O)O.[Pd]
ord-7897aa67f78748769844b414acdceeae,Base,REAGENT,SMILES,C(=O)([O-])[O-].[Cs+].[Cs+]
ord-7897aa67f78748769844b414acdceeae,Solvent,SOLVENT,SMILES,CC(=O)N(C)C
ord-7897aa67f78748769844b414acdceeae,amine,REACTANT,SMILES,C1COCCN1CCNS(=O)(=O)C2=CC=C(C=C2)N
ord-7897aa67f78748769844b414acdceeae,aryl halide,REACTANT,SMILES,CC1=NC(=C(C=C1)OC2=CC(=NC=C2)Cl)C
ord-7897aa67f78748769844b414acdceeae,metal and ligand,CATALYST,SMILES,CC1(C2=C(C(=CC=C2)P(C3=CC=CC=C3)C4=CC=CC=C4)OC5=C1C=CC=C5P(C6=CC=CC=C6)C7=CC=CC=C7)C
ord-7897aa67f78748769844b414acdceeae,metal and ligand,CATALYST,SMILES,CC(=O)O.CC(=O)O.[Pd]
ord-7897aa67f78748769844b414acdceeae,metal and ligand,CATALYST,SMILES,CC1(C2=C(C(=CC=C2)P(C3=CC=CC=C3)C4=CC=CC=C4)OC5=C1C=CC=C5P(C6=CC=CC=C6)C7=CC=CC=C7)C
ord-7897aa67f78748769844b414acdceeae,metal and ligand,CATALYST,SMILES,CC(=O)O.CC(=O)O.[Pd]
ord-067637c197bb4672875d64a38b7940ee,Base,REAGENT,SMILES,C(=O)([O-])[O-].[Cs+].[Cs+]
ord-067637c197bb4672875d64a38b7940ee,Solvent,SOLVENT,SMILES,CC(=O)N(C)C
ord-067637c197bb4672875d64a38b7940ee,amine,REACTANT,SMILES,CC(COC)NS(=O)(=O)C1=CC=C(C=C1)N
ord-067637c197bb4672875d64a38b7940ee,aryl halide,REACTANT,SMILES,CC1=NC(=C(C=C1)OC2=CC(=NC=C2)Cl)C
ord-067637c197bb4672875d64a38b7940ee,metal and ligand,CATALYST,SMILES,CC1(C2=C(C(=CC=C2)P(C3=CC=CC=C3)C4=CC=CC=C4)OC5=C1C=CC=C5P(C6=CC=CC=C6)C7=CC=CC=C7)C
ord-067637c197bb4672875d64a38b7940ee,metal and ligand,CATALYST,SMILES,CC(=O)O.CC(=O)O.[Pd]
ord-067637c197bb4672875d64a38b7940ee,metal and ligand,CATALYST,SMILES,CC1(C2=C(C(=CC=C2)P(C3=CC=CC=C3)C4=CC=CC=C4)OC5=C1C=CC=C5P(C6=CC=CC=C6)C7=CC=CC=C7)C
ord-067637c197bb4672875d64a38b7940ee,metal and ligand,CATALYST,SMILES,CC(=O)O.CC(=O)O.[Pd]
ord-bbf1fab9fbf9435cba74991837eb9bf4,Base,REAGENT,SMILES,CC(C)(C)[O-].[Na+]
ord-bbf1fab9fbf9435cba74991837eb9bf4,Solvent,SOLVENT,SMILES,CC1=CC=CC=C1
ord-bbf1fab9fbf9435cba74991837eb9bf4,amine,REACTANT,SMILES,C1COCCC1CN
ord-bbf1fab9fbf9435cba74991837eb9bf4,aryl halide,REACTANT,SMILES,COC1=C(C=C(C=C1)I)Br
ord-bbf1fab9fbf9435cba74991837eb9bf4,metal and ligand,CATALYST,SMILES,C1=CC=C(C=C1)P(C2=CC=CC=C2)C3=C(C4=CC=CC=C4C=C3)C5=C(C=CC6=CC=CC=C65)P(C7=CC=CC=C7)C8=CC=CC=C8
ord-bbf1fab9fbf9435cba74991837eb9bf4,metal and ligand,CATALYST,SMILES,CC(=O)O.CC(=O)O.[Pd]
ord-bbf1fab9fbf9435cba74991837eb9bf4,metal and ligand,CATALYST,SMILES,C1=CC=C(C=C1)P(C2=CC=CC=C2)C3=C(C4=CC=CC=C4C=C3)C5=C(C=CC6=CC=CC=C65)P(C7=CC=CC=C7)C8=CC=CC=C8
ord-bbf1fab9fbf9435cba74991837eb9bf4,metal and ligand,CATALYST,SMILES,CC(=O)O.CC(=O)O.[Pd]
ord-6117c2ee846f49c3a77484ecf172e880,Base,REAGENT,SMILES,CC(C)(C)[O-].[Na+]
ord-6117c2ee846f49c3a77484ecf172e880,Solvent,SOLVENT,SMILES,C1COCCO1
ord-6117c2ee846f49c3a77484ecf172e880,amine,REACTANT,SMILES,C1COCCC1CN
ord-6117c2ee846f49c3a77484ecf172e880,aryl halide,REACTANT,SMILES,COC1=C(C=C(C=C1)I)Br
ord-6117c2ee846f49c3a77484ecf172e880,metal and ligand,CATALYST,SMILES,C1=CC=C(C=C1)P(C2=CC=CC=C2)C3=C(C4=CC=CC=C4C=C3)C5=C(C=CC6=CC=CC=C65)P(C7=CC=CC=C7)C8=CC=CC=C8
ord-6117c2ee846f49c3a77484ecf172e880,metal and ligand,CATALYST,SMILES,CC(=O)O.CC(=O)O.[Pd]
ord-6117c2ee846f49c3a77484ecf172e880,metal and ligand,CATALYST,SMILES,C1=CC=C(C=C1)P(C2=CC=CC=C2)C3=C(C4=CC=CC=C4C=C3)C5=C(C=CC6=CC=CC=C65)P(C7=CC=CC=C7)C8=CC=CC=C8
ord-6117c2ee846f49c3a77484ecf172e880,metal and ligand,CATALYST,SMILES,CC(=O)O.CC(=O)O.[Pd]
ord-5211120ee16b4ae79338b46c711839b3,Base,REAGENT,SMILES,C(=O)([O-])[O-].[Cs+].[Cs+]
ord-5211120ee16b4ae79338b46c711839b3,Solvent,SOLVENT,SMILES,C1COCCO1
ord-5211120ee16b4ae79338b46c711839b3,amine,REACTANT,SMILES,COC(=O)C1=CC2=C(C(=C1)C3CCCN3)OC(=CC2=O)N4CCOCC4
ord-5211120ee16b4ae79338b46c711839b3,aryl halide,REACTANT,SMILES,C1=CC(=CC(=C1)Br)F
ord-5211120ee16b4ae79338b46c711839b3,metal and ligand,CATALYST,SMILES,CC1(C2=C(C(=CC=C2)P(C3=CC=CC=C3)C4=CC=CC=C4)OC5=C1C=CC=C5P(C6=CC=CC=C6)C7=CC=CC=C7)C
ord-5211120ee16b4ae79338b46c711839b3,metal and ligand,CATALYST,SMILES,CC(=O)O.CC(=O)O.[Pd]
ord-5211120ee16b4ae79338b46c711839b3,metal and ligand,CATALYST,SMILES,CC1(C2=C(C(=CC=C2)P(C3=CC=CC=C3)C4=CC=CC=C4)OC5=C1C=CC=C5P(C6=CC=CC=C6)C7=CC=CC=C7)C
ord-5211120ee16b4ae79338b46c711839b3,metal and ligand,CATALYST,SMILES,CC(=O)O.CC(=O)O.[Pd]
ord-62d2a6fe53094d4f9d23ca6c92514364,Base,REAGENT,SMILES,C(=O)([O-])[O-].[Cs+].[Cs+]
ord-62d2a6fe53094d4f9d23ca6c92514364,Solvent,SOLVENT,SMILES,C1COCCO1
ord-62d2a6fe53094d4f9d23ca6c92514364,amine,REACTANT,SMILES,COC(=O)C1=CC2=C(C(=C1)C3CCCN3)OC(=CC2=O)N4CCOCC4
ord-62d2a6fe53094d4f9d23ca6c92514364,aryl halide,REACTANT,SMILES,COC1=CC(=CC=C1)Br
ord-62d2a6fe53094d4f9d23ca6c92514364,metal and ligand,CATALYST,SMILES,CC1(C2=C(C(=CC=C2)P(C3=CC=CC=C3)C4=CC=CC=C4)OC5=C1C=CC=C5P(C6=CC=CC=C6)C7=CC=CC=C7)C
ord-62d2a6fe53094d4f9d23ca6c92514364,metal and ligand,CATALYST,SMILES,CC(=O)O.CC(=O)O.[Pd]
ord-62d2a6fe53094d4f9d23ca6c92514364,metal and ligand,CATALYST,SMILES,CC1(C2=C(C(=CC=C2)P(C3=CC=CC=C3)C4=CC=CC=C4)OC5=C1C=CC=C5P(C6=CC=CC=C6)C7=CC=CC=C7)C
ord-62d2a6fe53094d4f9d23ca6c92514364,metal and ligand,CATALYST,SMILES,CC(=O)O.CC(=O)O.[Pd]
ord-cf737b8f3d9340aca6130b04f75e7c21,Base,REAGENT,SMILES,C(=O)([O-])[O-].[Cs+].[Cs+]
ord-cf737b8f3d9340aca6130b04f75e7c21,Solvent,SOLVENT,SMILES,C1COCCO1
ord-cf737b8f3d9340aca6130b04f75e7c21,amine,REACTANT,SMILES,COC(=O)CN1CCNCC1
ord-cf737b8f3d9340aca6130b04f75e7c21,aryl halide,REACTANT,SMILES,C1=CC(=CC=C1Br)Br
ord-cf737b8f3d9340aca6130b04f75e7c21,metal and ligand,CATALYST,SMILES,C1=CC=C(C=C1)P(C2=CC=CC=C2)C3=C(C4=CC=CC=C4C=C3)C5=C(C=CC6=CC=CC=C65)P(C7=CC=CC=C7)C8=CC=CC=C8
ord-cf737b8f3d9340aca6130b04f75e7c21,metal and ligand,CATALYST,SMILES,C1=CC=C(C=C1)/C=C/C(=O)/C=C/C2=CC=CC=C2.C1=CC=C(C=C1)/C=C/C(=O)/C=C/C2=CC=CC=C2.C1=CC=C(C=C1)/C=C/C(=O)/C=C/C2=CC=CC=C2.[Pd].[Pd]
ord-cf737b8f3d9340aca6130b04f75e7c21,metal and ligand,CATALYST,SMILES,C1=CC=C(C=C1)P(C2=CC=CC=C2)C3=C(C4=CC=CC=C4C=C3)C5=C(C=CC6=CC=CC=C65)P(C7=CC=CC=C7)C8=CC=CC=C8
ord-cf737b8f3d9340aca6130b04f75e7c21,metal and ligand,CATALYST,SMILES,C1=CC=C(C=C1)/C=C/C(=O)/C=C/C2=CC=CC=C2.C1=CC=C(C=C1)/C=C/C(=O)/C=C/C2=CC=CC=C2.C1=CC=C(C=C1)/C=C/C(=O)/C=C/C2=CC=CC=C2.[Pd].[Pd]
ord-498c0c75d66a47609408cbfbddaef8e5,Base,REAGENT,SMILES,CC(C)(C)[O-].[Na+]
ord-498c0c75d66a47609408cbfbddaef8e5,Solvent,SOLVENT,SMILES,CC1=CC=CC=C1
ord-498c0c75d66a47609408cbfbddaef8e5,amine,REACTANT,SMILES,COC(=O)C1CCNCC1
ord-498c0c75d66a47609408cbfbddaef8e5,aryl halide,REACTANT,SMILES,CC1=C(C=CC(=C1)Br)F
ord-498c0c75d66a47609408cbfbddaef8e5,metal and ligand,CATALYST,SMILES,C1=CC=C(C=C1)P(C2=CC=CC=C2)C3=C(C4=CC=CC=C4C=C3)C5=C(C=CC6=CC=CC=C65)P(C7=CC=CC=C7)C8=CC=CC=C8
ord-498c0c75d66a47609408cbfbddaef8e5,metal and ligand,CATALYST,SMILES,C1=CC=C(C=C1)/C=C/C(=O)/C=C/C2=CC=CC=C2.C1=CC=C(C=C1)/C=C/C(=O)/C=C/C2=CC=CC=C2.C1=CC=C(C=C1)/C=C/C(=O)/C=C/C2=CC=CC=C2.[Pd].[Pd]
ord-498c0c75d66a47609408cbfbddaef8e5,metal and ligand,CATALYST,SMILES,C1=CC=C(C=C1)P(C2=CC=CC=C2)C3=C(C4=CC=CC=C4C=C3)C5=C(C=CC6=CC=CC=C65)P(C7=CC=CC=C7)C8=CC=CC=C8
ord-498c0c75d66a47609408cbfbddaef8e5,metal and ligand,CATALYST,SMILES,C1=CC=C(C=C1)/C=C/C(=O)/C=C/C2=CC=CC=C2.C1=CC=C(C=C1)/C=C/C(=O)/C=C/C2=CC=CC=C2.C1=CC=C(C=C1)/C=C/C(=O)/C=C/C2=CC=CC=C2.[Pd].[Pd]
ord-ce627b9c98e74957a0959e5bb6499f88,Base,REAGENT,SMILES,CC(C)(C)[O-].[Na+]
ord-ce627b9c98e74957a0959e5bb6499f88,Solvent,SOLVENT,SMILES,CC1=CC=CC=C1
ord-ce627b9c98e74957a0959e5bb6499f88,amine,REACTANT,SMILES,CC(C)(C)OC(=O)N1CCNCC1
ord-ce627b9c98e74957a0959e5bb6499f88,aryl halide,REACTANT,SMILES,CN1CC2=C(C1=O)C=C(C=C2)Br
ord-ce627b9c98e74957a0959e5bb6499f88,metal and ligand,CATALYST,SMILES,C1=CC=C(C=C1)P(C2=CC=CC=C2)C3=C(C4=CC=CC=C4C=C3)C5=C(C=CC6=CC=CC=C65)P(C7=CC=CC=C7)C8=CC=CC=C8
ord-ce627b9c98e74957a0959e5bb6499f88,metal and ligand,CATALYST,SMILES,C1=CC=C(C=C1)/C=C/C(=O)/C=C/C2=CC=CC=C2.C1=CC=C(C=C1)/C=C/C(=O)/C=C/C2=CC=CC=C2.C1=CC=C(C=C1)/C=C/C(=O)/C=C/C2=CC=CC=C2.[Pd].[Pd]
ord-ce627b9c98e74957a0959e5bb6499f88,metal and ligand,CATALYST,SMILES,C1=CC=C(C=C1)P(C2=CC=CC=C2)C3=C(C4=CC=CC=C4C=C3)C5=C(C=CC6=CC=CC=C65)P(C7=CC=CC=C7)C8=CC=CC=C8
ord-ce627b9c98e74957a0959e5bb6499f88,metal and ligand,CATALYST,SMILES,C1=CC=C(C=C1)/C=C/C(=O)/C=C/C2=CC=CC=C2.C1=CC=C(C=C1)/C=C/C(=O)/C=C/C2=CC=CC=C2.C1=CC=C(C=C1)/C=C/C(=O)/C=C/C2=CC=CC=C2.[Pd].[Pd]
ord-b1c7bfb9b1414262b689b975ba465d86,Base,REAGENT,SMILES,C(=O)([O-])[O-].[Cs+].[Cs+]
ord-b1c7bfb9b1414262b689b975ba465d86,Solvent,SOLVENT,SMILES,CC(C)(C)O
ord-b1c7bfb9b1414262b689b975ba465d86,amine,REACTANT,SMILES,C1COCCN1
ord-b1c7bfb9b1414262b689b975ba465d86,aryl halide,REACTANT,SMILES,C1=CC(=NC(=C1Br)Cl)Cl
ord-b1c7bfb9b1414262b689b975ba465d86,metal and ligand,CATALYST,SMILES,CC(C)OC1=C(C(=CC=C1)OC(C)C)C2=CC=CC=C2P(C3CCCCC3)C4CCCCC4
ord-b1c7bfb9b1414262b689b975ba465d86,metal and ligand,CATALYST,SMILES,C1=CC=C(C=C1)/C=C/C(=O)/C=C/C2=CC=CC=C2.C1=CC=C(C=C1)/C=C/C(=O)/C=C/C2=CC=CC=C2.C1=CC=C(C=C1)/C=C/C(=O)/C=C/C2=CC=CC=C2.[Pd].[Pd]
ord-b1c7bfb9b1414262b689b975ba465d86,metal and ligand,CATALYST,SMILES,CC(C)OC1=C(C(=CC=C1)OC(C)C)C2=CC=CC=C2P(C3CCCCC3)C4CCCCC4
ord-b1c7bfb9b1414262b689b975ba465d86,metal and ligand,CATALYST,SMILES,C1=CC=C(C=C1)/C=C/C(=O)/C=C/C2=CC=CC=C2.C1=CC=C(C=C1)/C=C/C(=O)/C=C/C2=CC=CC=C2.C1=CC=C(C=C1)/C=C/C(=O)/C=C/C2=CC=CC=C2.[Pd].[Pd]
ord-7a326b6af66842839478f845f091880c,Base,REAGENT,SMILES,CC(C)(C)[O-].[Na+]
ord-7a326b6af66842839478f845f091880c,Solvent,SOLVENT,SMILES,C1CCOC1
ord-7a326b6af66842839478f845f091880c,amine,REACTANT,SMILES,C1COCCN1
ord-7a326b6af66842839478f845f091880c,aryl halide,REACTANT,SMILES,C1=CC(=NC(=C1Br)Cl)Cl
ord-7a326b6af66842839478f845f091880c,metal and ligand,CATALYST,SMILES,CC(C)OC1=C(C(=CC=C1)OC(C)C)C2=CC=CC=C2P(C3CCCCC3)C4CCCCC4
ord-7a326b6af66842839478f845f091880c,metal and ligand,CATALYST,SMILES,C1=CC=C(C=C1)/C=C/C(=O)/C=C/C2=CC=CC=C2.C1=CC=C(C=C1)/C=C/C(=O)/C=C/C2=CC=CC=C2.C1=CC=C(C=C1)/C=C/C(=O)/C=C/C2=CC=CC=C2.[Pd].[Pd]
ord-7a326b6af66842839478f845f091880c,metal and ligand,CATALYST,SMILES,CC(C)OC1=C(C(=CC=C1)OC(C)C)C2=CC=CC=C2P(C3CCCCC3)C4CCCCC4
ord-7a326b6af66842839478f845f091880c,metal and ligand,CATALYST,SMILES,C1=CC=C(C=C1)/C=C/C(=O)/C=C/C2=CC=CC=C2.C1=CC=C(C=C1)/C=C/C(=O)/C=C/C2=CC=CC=C2.C1=CC=C(C=C1)/C=C/C(=O)/C=C/C2=CC=CC=C2.[Pd].[Pd]
ord-74d98b785957480d946a0d3ab89bccf5,Base,REAGENT,SMILES,CC(C)(C)[O-].[Na+]
ord-74d98b785957480d946a0d3ab89bccf5,amine,REACTANT,SMILES,C1CNCCC12OCCO2
ord-74d98b785957480d946a0d3ab89bccf5,aryl halide,REACTANT,SMILES,COC1=NC(=CC=C1)Br
ord-74d98b785957480d946a0d3ab89bccf5,metal and ligand,CATALYST,SMILES,CC(C)C1=CC(=C(C(=C1)C(C)C)C2=CC=CC=C2P(C3CCCCC3)C4CCCCC4)C(C)C
ord-74d98b785957480d946a0d3ab89bccf5,metal and ligand,CATALYST,SMILES,CC(=O)O.CC(=O)O.[Pd]
ord-74d98b785957480d946a0d3ab89bccf5,metal and ligand,CATALYST,SMILES,CC(C)C1=CC(=C(C(=C1)C(C)C)C2=CC=CC=C2P(C3CCCCC3)C4CCCCC4)C(C)C
ord-74d98b785957480d946a0d3ab89bccf5,metal and ligand,CATALYST,SMILES,CC(=O)O.CC(=O)O.[Pd]
ord-c6d710180f5249588ab02dc546a2ae67,Base,REAGENT,SMILES,C(=O)([O-])[O-].[Cs+].[Cs+]
ord-c6d710180f5249588ab02dc546a2ae67,Solvent,SOLVENT,SMILES,CC1=CC=CC=C1
ord-c6d710180f5249588ab02dc546a2ae67,amine,REACTANT,SMILES,C1=CC=C(C=C1)N
ord-c6d710180f5249588ab02dc546a2ae67,aryl halide,REACTANT,SMILES,COC(=O)C1=CC(=CC(=C1)Br)Br
ord-c6d710180f5249588ab02dc546a2ae67,metal and ligand,CATALYST,SMILES,CC1(C2=C(C(=CC=C2)P(C3=CC=CC=C3)C4=CC=CC=C4)OC5=C1C=CC=C5P(C6=CC=CC=C6)C7=CC=CC=C7)C
ord-c6d710180f5249588ab02dc546a2ae67,metal and ligand,CATALYST,SMILES,CC(=O)O.CC(=O)O.[Pd]
ord-c6d710180f5249588ab02dc546a2ae67,metal and ligand,CATALYST,SMILES,CC1(C2=C(C(=CC=C2)P(C3=CC=CC=C3)C4=CC=CC=C4)OC5=C1C=CC=C5P(C6=CC=CC=C6)C7=CC=CC=C7)C
ord-c6d710180f5249588ab02dc546a2ae67,metal and ligand,CATALYST,SMILES,CC(=O)O.CC(=O)O.[Pd]
ord-e2f4bb7b7a8a4f84a94e64c143c99234,Base,REAGENT,SMILES,C(=O)([O-])[O-].[Cs+].[Cs+]
ord-e2f4bb7b7a8a4f84a94e64c143c99234,Solvent,SOLVENT,SMILES,CC1=CC=CC=C1
ord-e2f4bb7b7a8a4f84a94e64c143c99234,amine,REACTANT,SMILES,C1=C(C=C(C=C1F)F)CN
ord-e2f4bb7b7a8a4f84a94e64c143c99234,aryl halide,REACTANT,SMILES,COC(=O)C1=CC=C(C=C1)Br
ord-e2f4bb7b7a8a4f84a94e64c143c99234,metal and ligand,CATALYST,SMILES,C1=CC=C(C=C1)P(C2=CC=CC=C2)C3=C(C4=CC=CC=C4C=C3)C5=C(C=CC6=CC=CC=C65)P(C7=CC=CC=C7)C8=CC=CC=C8
ord-e2f4bb7b7a8a4f84a94e64c143c99234,metal and ligand,CATALYST,SMILES,CC(=O)O.CC(=O)O.[Pd]
ord-e2f4bb7b7a8a4f84a94e64c143c99234,metal and ligand,CATALYST,SMILES,C1=CC=C(C=C1)P(C2=CC=CC=C2)C3=C(C4=CC=CC=C4C=C3)C5=C(C=CC6=CC=CC=C65)P(C7=CC=CC=C7)C8=CC=CC=C8
ord-e2f4bb7b7a8a4f84a94e64c143c99234,metal and ligand,CATALYST,SMILES,CC(=O)O.CC(=O)O.[Pd]
ord-a50a848eea9042a19d3b9efbefd39662,Base,REAGENT,SMILES,C(=O)([O-])[O-].[Cs+].[Cs+]
ord-a50a848eea9042a19d3b9efbefd39662,Solvent,SOLVENT,SMILES,CC1=CC=CC=C1
ord-a50a848eea9042a19d3b9efbefd39662,amine,REACTANT,SMILES,C1=C(C=C(C=C1F)F)CN
ord-a50a848eea9042a19d3b9efbefd39662,aryl halide,REACTANT,SMILES,COC(=O)C1=CC=C(C=C1)Br
ord-a50a848eea9042a19d3b9efbefd39662,metal and ligand,CATALYST,SMILES,C1=CC=C(C=C1)P(C2=CC=CC=C2)C3=C(C4=CC=CC=C4C=C3)C5=C(C=CC6=CC=CC=C65)P(C7=CC=CC=C7)C8=CC=CC=C8
ord-a50a848eea9042a19d3b9efbefd39662,metal and ligand,CATALYST,SMILES,CC(=O)O.CC(=O)O.[Pd]
ord-a50a848eea9042a19d3b9efbefd39662,metal and ligand,CATALYST,SMILES,C1=CC=C(C=C1)P(C2=CC=CC=C2)C3=C(C4=CC=CC=C4C=C3)C5=C(C=CC6=CC=CC=C65)P(C7=CC=CC=C7)C8=CC=CC=C8
ord-a50a848eea9042a19d3b9efbefd39662,metal and ligand,CATALYST,SMILES,CC(=O)O.CC(=O)O.[Pd]
ord-d7ba527a2d2d4d7591368f0e50bee26a,Base,REAGENT,SMILES,C(=O)([O-])[O-].[Cs+].[Cs+]
ord-d7ba527a2d2d4d7591368f0e50bee26a,Solvent,SOLVENT,SMILES,CC1=CC=CC=C1
ord-d7ba527a2d2d4d7591368f0e50bee26a,amine,REACTANT,SMILES,C1CNCC2=CC=CC=C21
ord-d7ba527a2d2d4d7591368f0e50bee26a,aryl halide,REACTANT,SMILES,COC(=O)C1=CC=C(C=C1)Br
ord-d7ba527a2d2d4d7591368f0e50bee26a,metal and ligand,CATALYST,SMILES,C1=CC=C(C=C1)P(C2=CC=CC=C2)C3=C(C4=CC=CC=C4C=C3)C5=C(C=CC6=CC=CC=C65)P(C7=CC=CC=C7)C8=CC=CC=C8
ord-d7ba527a2d2d4d7591368f0e50bee26a,metal and ligand,CATALYST,SMILES,CC(=O)O.CC(=O)O.[Pd]
ord-d7ba527a2d2d4d7591368f0e50bee26a,metal and ligand,CATALYST,SMILES,C1=CC=C(C=C1)P(C2=CC=CC=C2)C3=C(C4=CC=CC=C4C=C3)C5=C(C=CC6=CC=CC=C65)P(C7=CC=CC=C7)C8=CC=CC=C8
ord-d7ba527a2d2d4d7591368f0e50bee26a,metal and ligand,CATALYST,SMILES,CC(=O)O.CC(=O)O.[Pd]
ord-b03de5e7ee154175b8ccb76d7202e229,Base,REAGENT,SMILES,C(=O)([O-])[O-].[Cs+].[Cs+]
ord-b03de5e7ee154175b8ccb76d7202e229,Solvent,SOLVENT,SMILES,COCCOC
ord-b03de5e7ee154175b8ccb76d7202e229,amine,REACTANT,SMILES,C1=CC(=CC=C1N)N2C=CN=C2
ord-b03de5e7ee154175b8ccb76d7202e229,aryl halide,REACTANT,SMILES,CN1CC(OC2=C(C1=O)C=CC(=N2)Cl)C3=CC=CC=C3
ord-b03de5e7ee154175b8ccb76d7202e229,metal and ligand,CATALYST,SMILES,C1CCC(CC1)P(C2CCCCC2)C3=CC=CC=C3C4=CC=CC=C4
ord-b03de5e7ee154175b8ccb76d7202e229,metal and ligand,CATALYST,SMILES,CC(=O)O.CC(=O)O.[Pd]
ord-b03de5e7ee154175b8ccb76d7202e229,metal and ligand,CATALYST,SMILES,C1CCC(CC1)P(C2CCCCC2)C3=CC=CC=C3C4=CC=CC=C4
ord-b03de5e7ee154175b8ccb76d7202e229,metal and ligand,CATALYST,SMILES,CC(=O)O.CC(=O)O.[Pd]
ord-f93da8755d504800bf04ba573750bf86,Base,REAGENT,SMILES,CC(C)(C)[O-].[K+]
ord-f93da8755d504800bf04ba573750bf86,Solvent,SOLVENT,SMILES,C1COCCO1
ord-f93da8755d504800bf04ba573750bf86,amine,REACTANT,SMILES,C1COCCN1
ord-f93da8755d504800bf04ba573750bf86,aryl halide,REACTANT,SMILES,CC1=C(C=CC=C1C(F)(F)F)CN2C(=NC3=C(C=C(C=C32)Br)C(=O)OC)C
ord-f93da8755d504800bf04ba573750bf86,metal and ligand,CATALYST,SMILES,CCCCP(CCCC)CCCC
ord-f93da8755d504800bf04ba573750bf86,metal and ligand,CATALYST,SMILES,CC(=O)O.CC(=O)O.[Pd]
ord-f93da8755d504800bf04ba573750bf86,metal and ligand,CATALYST,SMILES,CCCCP(CCCC)CCCC
ord-f93da8755d504800bf04ba573750bf86,metal and ligand,CATALYST,SMILES,CC(=O)O.CC(=O)O.[Pd]
ord-006fb353766e418abd7ffca7f96dda71,Base,REAGENT,SMILES,C(=O)([O-])[O-].[Cs+].[Cs+]
ord-006fb353766e418abd7ffca7f96dda71,Solvent,SOLVENT,SMILES,C1COCCO1
ord-006fb353766e418abd7ffca7f96dda71,amine,REACTANT,SMILES,CCOC(=O)C1=CN=C(O1)N
ord-006fb353766e418abd7ffca7f96dda71,aryl halide,REACTANT,SMILES,C1=CC(=NC(=C1)Cl)C(F)(F)F
ord-006fb353766e418abd7ffca7f96dda71,metal and ligand,CATALYST,SMILES,CC1(C2=C(C(=CC=C2)P(C3=CC=CC=C3)C4=CC=CC=C4)OC5=C1C=CC=C5P(C6=CC=CC=C6)C7=CC=CC=C7)C
ord-006fb353766e418abd7ffca7f96dda71,metal and ligand,CATALYST,SMILES,C1=CC=C(C=C1)/C=C/C(=O)/C=C/C2=CC=CC=C2.C1=CC=C(C=C1)/C=C/C(=O)/C=C/C2=CC=CC=C2.C1=CC=C(C=C1)/C=C/C(=O)/C=C/C2=CC=CC=C2.[Pd].[Pd]
ord-006fb353766e418abd7ffca7f96dda71,metal and ligand,CATALYST,SMILES,CC1(C2=C(C(=CC=C2)P(C3=CC=CC=C3)C4=CC=CC=C4)OC5=C1C=CC=C5P(C6=CC=CC=C6)C7=CC=CC=C7)C
ord-006fb353766e418abd7ffca7f96dda71,metal and ligand,CATALYST,SMILES,C1=CC=C(C=C1)/C=C/C(=O)/C=C/C2=CC=CC=C2.C1=CC=C(C=C1)/C=C/C(=O)/C=C/C2=CC=CC=C2.C1=CC=C(C=C1)/C=C/C(=O)/C=C/C2=CC=CC=C2.[Pd].[Pd]
ord-8c2a9ba6590649f9b70909d38908193a,Base,REAGENT,SMILES,C(=O)([O-])[O-].[Cs+].[Cs+]
ord-8c2a9ba6590649f9b70909d38908193a,Solvent,SOLVENT,SMILES,C1COCCO1
ord-8c2a9ba6590649f9b70909d38908193a,amine,REACTANT,SMILES,CCOC(=O)C1=CN=C(O1)N
ord-8c2a9ba6590649f9b70909d38908193a,aryl halide,REACTANT,SMILES,C1=CN=C(C=C1C#N)Cl
ord-8c2a9ba6590649f9b70909d38908193a,metal and ligand,CATALYST,SMILES,CC1(C2=C(C(=CC=C2)P(C3=CC=CC=C3)C4=CC=CC=C4)OC5=C1C=CC=C5P(C6=CC=CC=C6)C7=CC=CC=C7)C
ord-8c2a9ba6590649f9b70909d38908193a,metal and ligand,CATALYST,SMILES,C1=CC=C(C=C1)/C=C/C(=O)/C=C/C2=CC=CC=C2.C1=CC=C(C=C1)/C=C/C(=O)/C=C/C2=CC=CC=C2.C1=CC=C(C=C1)/C=C/C(=O)/C=C/C2=CC=CC=C2.[Pd].[Pd]
ord-8c2a9ba6590649f9b70909d38908193a,metal and ligand,CATALYST,SMILES,CC1(C2=C(C(=CC=C2)P(C3=CC=CC=C3)C4=CC=CC=C4)OC5=C1C=CC=C5P(C6=CC=CC=C6)C7=CC=CC=C7)C
ord-8c2a9ba6590649f9b70909d38908193a,metal and ligand,CATALYST,SMILES,C1=CC=C(C=C1)/C=C/C(=O)/C=C/C2=CC=CC=C2.C1=CC=C(C=C1)/C=C/C(=O)/C=C/C2=CC=CC=C2.C1=CC=C(C=C1)/C=C/C(=O)/C=C/C2=CC=CC=C2.[Pd].[Pd]
ord-43f679e964f04e22b49e850c529e3849,Base,REAGENT,SMILES,C(=O)([O-])[O-].[Cs+].[Cs+]
ord-43f679e964f04e22b49e850c529e3849,Solvent,SOLVENT,SMILES,C1COCCO1
ord-43f679e964f04e22b49e850c529e3849,amine,REACTANT,SMILES,CCOC(=O)C1=CN=C(O1)N
ord-43f679e964f04e22b49e850c529e3849,aryl halide,REACTANT,SMILES,C1=CC=NC(=C1)Cl
ord-43f679e964f04e22b49e850c529e3849,metal and ligand,CATALYST,SMILES,CC1(C2=C(C(=CC=C2)P(C3=CC=CC=C3)C4=CC=CC=C4)OC5=C1C=CC=C5P(C6=CC=CC=C6)C7=CC=CC=C7)C
ord-43f679e964f04e22b49e850c529e3849,metal and ligand,CATALYST,SMILES,C1=CC=C(C=C1)/C=C/C(=O)/C=C/C2=CC=CC=C2.C1=CC=C(C=C1)/C=C/C(=O)/C=C/C2=CC=CC=C2.C1=CC=C(C=C1)/C=C/C(=O)/C=C/C2=CC=CC=C2.[Pd].[Pd]
ord-43f679e964f04e22b49e850c529e3849,metal and ligand,CATALYST,SMILES,CC1(C2=C(C(=CC=C2)P(C3=CC=CC=C3)C4=CC=CC=C4)OC5=C1C=CC=C5P(C6=CC=CC=C6)C7=CC=CC=C7)C
ord-43f679e964f04e22b49e850c529e3849,metal and ligand,CATALYST,SMILES,C1=CC=C(C=C1)/C=C/C(=O)/C=C/C2=CC=CC=C2.C1=CC=C(C=C1)/C=C/C(=O)/C=C/C2=CC=CC=C2.C1=CC=C(C=C1)/C=C/C(=O)/C=C/C2=CC=CC=C2.[Pd].[Pd]
ord-99625d03cee6403dbb604294d8ab8a9b,Base,REAGENT,SMILES,C(=O)([O-])[O-].[Cs+].[Cs+]
ord-99625d03cee6403dbb604294d8ab8a9b,Solvent,SOLVENT,SMILES,C1COCCO1
ord-99625d03cee6403dbb604294d8ab8a9b,amine,REACTANT,SMILES,CCOC(=O)C1=CN=C(O1)N
ord-99625d03cee6403dbb604294d8ab8a9b,aryl halide,REACTANT,SMILES,C1=CC(=NC=C1[N+](=O)[O-])Cl
ord-99625d03cee6403dbb604294d8ab8a9b,metal and ligand,CATALYST,SMILES,CC1(C2=C(C(=CC=C2)P(C3=CC=CC=C3)C4=CC=CC=C4)OC5=C1C=CC=C5P(C6=CC=CC=C6)C7=CC=CC=C7)C
ord-99625d03cee6403dbb604294d8ab8a9b,metal and ligand,CATALYST,SMILES,C1=CC=C(C=C1)/C=C/C(=O)/C=C/C2=CC=CC=C2.C1=CC=C(C=C1)/C=C/C(=O)/C=C/C2=CC=CC=C2.C1=CC=C(C=C1)/C=C/C(=O)/C=C/C2=CC=CC=C2.[Pd].[Pd]
ord-99625d03cee6403dbb604294d8ab8a9b,metal and ligand,CATALYST,SMILES,CC1(C2=C(C(=CC=C2)P(C3=CC=CC=C3)C4=CC=CC=C4)OC5=C1C=CC=C5P(C6=CC=CC=C6)C7=CC=CC=C7)C
ord-99625d03cee6403dbb604294d8ab8a9b,metal and ligand,CATALYST,SMILES,C1=CC=C(C=C1)/C=C/C(=O)/C=C/C2=CC=CC=C2.C1=CC=C(C=C1)/C=C/C(=O)/C=C/C2=CC=CC=C2.C1=CC=C(C=C1)/C=C/C(=O)/C=C/C2=CC=CC=C2.[Pd].[Pd]
ord-daeef600c38146b5994b548902e1f20b,Base,REAGENT,SMILES,C(=O)([O-])[O-].[Cs+].[Cs+]
ord-daeef600c38146b5994b548902e1f20b,Solvent,SOLVENT,SMILES,C1COCCO1
ord-daeef600c38146b5994b548902e1f20b,amine,REACTANT,SMILES,C1CC(NC1)C2=CC(=CC3=C2OC(=CC3=O)N4CCOCC4)C(=O)N5CCOCC5
ord-daeef600c38146b5994b548902e1f20b,aryl halide,REACTANT,SMILES,C1=CC(=CC=C1F)Br
ord-daeef600c38146b5994b548902e1f20b,metal and ligand,CATALYST,SMILES,C1CCC(CC1)P(C2CCCCC2)C3=CC=CC=C3C4=CC=CC=C4
ord-daeef600c38146b5994b548902e1f20b,metal and ligand,CATALYST,SMILES,CC(=O)O.CC(=O)O.[Pd]
ord-daeef600c38146b5994b548902e1f20b,metal and ligand,CATALYST,SMILES,C1CCC(CC1)P(C2CCCCC2)C3=CC=CC=C3C4=CC=CC=C4
ord-daeef600c38146b5994b548902e1f20b,metal and ligand,CATALYST,SMILES,CC(=O)O.CC(=O)O.[Pd]
ord-7137664b914247a99384dbf76411ea05,Base,REAGENT,SMILES,C(=O)([O-])[O-].[Cs+].[Cs+]
ord-7137664b914247a99384dbf76411ea05,Solvent,SOLVENT,SMILES,C1COCCO1
ord-7137664b914247a99384dbf76411ea05,amine,REACTANT,SMILES,CCOC(=O)C1=CN=C(O1)N
ord-7137664b914247a99384dbf76411ea05,aryl halide,REACTANT,SMILES,CCOC(=O)C1=CN=C(C=C1)Cl
ord-7137664b914247a99384dbf76411ea05,metal and ligand,CATALYST,SMILES,CC1(C2=C(C(=CC=C2)P(C3=CC=CC=C3)C4=CC=CC=C4)OC5=C1C=CC=C5P(C6=CC=CC=C6)C7=CC=CC=C7)C
ord-7137664b914247a99384dbf76411ea05,metal and ligand,CATALYST,SMILES,C1=CC=C(C=C1)/C=C/C(=O)/C=C/C2=CC=CC=C2.C1=CC=C(C=C1)/C=C/C(=O)/C=C/C2=CC=CC=C2.C1=CC=C(C=C1)/C=C/C(=O)/C=C/C2=CC=CC=C2.[Pd].[Pd]
ord-7137664b914247a99384dbf76411ea05,metal and ligand,CATALYST,SMILES,CC1(C2=C(C(=CC=C2)P(C3=CC=CC=C3)C4=CC=CC=C4)OC5=C1C=CC=C5P(C6=CC=CC=C6)C7=CC=CC=C7)C
ord-7137664b914247a99384dbf76411ea05,metal and ligand,CATALYST,SMILES,C1=CC=C(C=C1)/C=C/C(=O)/C=C/C2=CC=CC=C2.C1=CC=C(C=C1)/C=C/C(=O)/C=C/C2=CC=CC=C2.C1=CC=C(C=C1)/C=C/C(=O)/C=C/C2=CC=CC=C2.[Pd].[Pd]
ord-0b0035404bff4099a5e08c9ac05b0329,Base,REAGENT,SMILES,C(=O)([O-])[O-].[Cs+].[Cs+]
ord-0b0035404bff4099a5e08c9ac05b0329,Solvent,SOLVENT,SMILES,C1COCCO1
ord-0b0035404bff4099a5e08c9ac05b0329,amine,REACTANT,SMILES,CCOC(=O)C1=CN=C(O1)N
ord-0b0035404bff4099a5e08c9ac05b0329,aryl halide,REACTANT,SMILES,C1=C(N=C(C=N1)Cl)C#N
ord-0b0035404bff4099a5e08c9ac05b0329,metal and ligand,CATALYST,SMILES,CC1(C2=C(C(=CC=C2)P(C3=CC=CC=C3)C4=CC=CC=C4)OC5=C1C=CC=C5P(C6=CC=CC=C6)C7=CC=CC=C7)C
ord-0b0035404bff4099a5e08c9ac05b0329,metal and ligand,CATALYST,SMILES,C1=CC=C(C=C1)/C=C/C(=O)/C=C/C2=CC=CC=C2.C1=CC=C(C=C1)/C=C/C(=O)/C=C/C2=CC=CC=C2.C1=CC=C(C=C1)/C=C/C(=O)/C=C/C2=CC=CC=C2.[Pd].[Pd]
ord-0b0035404bff4099a5e08c9ac05b0329,metal and ligand,CATALYST,SMILES,CC1(C2=C(C(=CC=C2)P(C3=CC=CC=C3)C4=CC=CC=C4)OC5=C1C=CC=C5P(C6=CC=CC=C6)C7=CC=CC=C7)C
ord-0b0035404bff4099a5e08c9ac05b0329,metal and ligand,CATALYST,SMILES,C1=CC=C(C=C1)/C=C/C(=O)/C=C/C2=CC=CC=C2.C1=CC=C(C=C1)/C=C/C(=O)/C=C/C2=CC=CC=C2.C1=CC=C(C=C1)/C=C/C(=O)/C=C/C2=CC=CC=C2.[Pd].[Pd]
ord-57458b4fbe4c490eb3a4dddc522d1ef4,Base,REAGENT,SMILES,C(=O)([O-])[O-].[Cs+].[Cs+]
ord-57458b4fbe4c490eb3a4dddc522d1ef4,Solvent,SOLVENT,SMILES,COCCOC
ord-57458b4fbe4c490eb3a4dddc522d1ef4,amine,REACTANT,SMILES,CC1=NC=CN1C2=CC=C(C=C2)N
ord-57458b4fbe4c490eb3a4dddc522d1ef4,aryl halide,REACTANT,SMILES,CN1CC(OC2=C(C1=O)C=CC(=N2)Cl)C3=CC=CC=C3
ord-57458b4fbe4c490eb3a4dddc522d1ef4,metal and ligand,CATALYST,SMILES,C1CCC(CC1)P(C2CCCCC2)C3=CC=CC=C3C4=CC=CC=C4
ord-57458b4fbe4c490eb3a4dddc522d1ef4,metal and ligand,CATALYST,SMILES,CC(=O)O.CC(=O)O.[Pd]
ord-57458b4fbe4c490eb3a4dddc522d1ef4,metal and ligand,CATALYST,SMILES,C1CCC(CC1)P(C2CCCCC2)C3=CC=CC=C3C4=CC=CC=C4
ord-57458b4fbe4c490eb3a4dddc522d1ef4,metal and ligand,CATALYST,SMILES,CC(=O)O.CC(=O)O.[Pd]
ord-1df95b34548d48fe94a49234436e46e5,Base,REAGENT,SMILES,C(=O)([O-])[O-].[Cs+].[Cs+]
ord-1df95b34548d48fe94a49234436e46e5,Solvent,SOLVENT,SMILES,COCCOC
ord-1df95b34548d48fe94a49234436e46e5,amine,REACTANT,SMILES,CC1=NC=CN1C2=CC=C(C=C2)N
ord-1df95b34548d48fe94a49234436e46e5,aryl halide,REACTANT,SMILES,CN1CC(OC2=C(C1=O)C=CC(=N2)Cl)C3=CC=CC=C3
ord-1df95b34548d48fe94a49234436e46e5,metal and ligand,CATALYST,SMILES,C1CCC(CC1)P(C2CCCCC2)C3=CC=CC=C3C4=CC=CC=C4
ord-1df95b34548d48fe94a49234436e46e5,metal and ligand,CATALYST,SMILES,CC(=O)O.CC(=O)O.[Pd]
ord-1df95b34548d48fe94a49234436e46e5,metal and ligand,CATALYST,SMILES,C1CCC(CC1)P(C2CCCCC2)C3=CC=CC=C3C4=CC=CC=C4
ord-1df95b34548d48fe94a49234436e46e5,metal and ligand,CATALYST,SMILES,CC(=O)O.CC(=O)O.[Pd]
ord-b66bb670a88e49d4a4b3a67904494b50,Base,REAGENT,SMILES,C(=O)([O-])[O-].[Cs+].[Cs+]
ord-b66bb670a88e49d4a4b3a67904494b50,Solvent,SOLVENT,SMILES,COCCOC
ord-b66bb670a88e49d4a4b3a67904494b50,amine,REACTANT,SMILES,CC1=NC=CN1C2=CC=C(C=C2)N
ord-b66bb670a88e49d4a4b3a67904494b50,aryl halide,REACTANT,SMILES,CN1CC(OC2=C(C1=O)C=CC(=N2)Cl)C3=CC=CC=C3
ord-b66bb670a88e49d4a4b3a67904494b50,metal and ligand,CATALYST,SMILES,C1CCC(CC1)P(C2CCCCC2)C3=CC=CC=C3C4=CC=CC=C4
ord-b66bb670a88e49d4a4b3a67904494b50,metal and ligand,CATALYST,SMILES,CC(=O)O.CC(=O)O.[Pd]
ord-b66bb670a88e49d4a4b3a67904494b50,metal and ligand,CATALYST,SMILES,C1CCC(CC1)P(C2CCCCC2)C3=CC=CC=C3C4=CC=CC=C4
ord-b66bb670a88e49d4a4b3a67904494b50,metal and ligand,CATALYST,SMILES,CC(=O)O.CC(=O)O.[Pd]
ord-1e88fef4eebd41feb29f461d3c9c5a57,Base,REAGENT,SMILES,C(=O)([O-])[O-].[Cs+].[Cs+]
ord-1e88fef4eebd41feb29f461d3c9c5a57,Solvent,SOLVENT,SMILES,C1COCCO1
ord-1e88fef4eebd41feb29f461d3c9c5a57,amine,REACTANT,SMILES,CS(=O)(=O)CC1=CC(=CC=C1)N
ord-1e88fef4eebd41feb29f461d3c9c5a57,aryl halide,REACTANT,SMILES,COC1=C(C=CC(=C1)F)C2=NC(=NC=C2F)Cl
ord-1e88fef4eebd41feb29f461d3c9c5a57,metal and ligand,CATALYST,SMILES,CC1(C2=C(C(=CC=C2)P(C3=CC=CC=C3)C4=CC=CC=C4)OC5=C1C=CC=C5P(C6=CC=CC=C6)C7=CC=CC=C7)C
ord-1e88fef4eebd41feb29f461d3c9c5a57,metal and ligand,CATALYST,SMILES,C1=CC=C(C=C1)/C=C/C(=O)/C=C/C2=CC=CC=C2.C1=CC=C(C=C1)/C=C/C(=O)/C=C/C2=CC=CC=C2.C1=CC=C(C=C1)/C=C/C(=O)/C=C/C2=CC=CC=C2.[Pd].[Pd]
ord-1e88fef4eebd41feb29f461d3c9c5a57,metal and ligand,CATALYST,SMILES,CC1(C2=C(C(=CC=C2)P(C3=CC=CC=C3)C4=CC=CC=C4)OC5=C1C=CC=C5P(C6=CC=CC=C6)C7=CC=CC=C7)C
ord-1e88fef4eebd41feb29f461d3c9c5a57,metal and ligand,CATALYST,SMILES,C1=CC=C(C=C1)/C=C/C(=O)/C=C/C2=CC=CC=C2.C1=CC=C(C=C1)/C=C/C(=O)/C=C/C2=CC=CC=C2.C1=CC=C(C=C1)/C=C/C(=O)/C=C/C2=CC=CC=C2.[Pd].[Pd]
ord-d5d09a4967464981aba1493aa54fbd9b,Base,REAGENT,SMILES,C(=O)([O-])[O-].[Cs+].[Cs+]
ord-d5d09a4967464981aba1493aa54fbd9b,Solvent,SOLVENT,SMILES,C1COCCO1
ord-d5d09a4967464981aba1493aa54fbd9b,amine,REACTANT,SMILES,C1COCCN1
ord-d5d09a4967464981aba1493aa54fbd9b,aryl halide,REACTANT,SMILES,C1=CC(=NC=C1Br)CO
ord-d5d09a4967464981aba1493aa54fbd9b,metal and ligand,CATALYST,SMILES,CC1(C2=C(C(=CC=C2)P(C3=CC=CC=C3)C4=CC=CC=C4)OC5=C1C=CC=C5P(C6=CC=CC=C6)C7=CC=CC=C7)C
ord-d5d09a4967464981aba1493aa54fbd9b,metal and ligand,CATALYST,SMILES,C1=CC=C(C=C1)/C=C/C(=O)/C=C/C2=CC=CC=C2.C1=CC=C(C=C1)/C=C/C(=O)/C=C/C2=CC=CC=C2.C1=CC=C(C=C1)/C=C/C(=O)/C=C/C2=CC=CC=C2.[Pd].[Pd]
ord-d5d09a4967464981aba1493aa54fbd9b,metal and ligand,CATALYST,SMILES,CC1(C2=C(C(=CC=C2)P(C3=CC=CC=C3)C4=CC=CC=C4)OC5=C1C=CC=C5P(C6=CC=CC=C6)C7=CC=CC=C7)C
ord-d5d09a4967464981aba1493aa54fbd9b,metal and ligand,CATALYST,SMILES,C1=CC=C(C=C1)/C=C/C(=O)/C=C/C2=CC=CC=C2.C1=CC=C(C=C1)/C=C/C(=O)/C=C/C2=CC=CC=C2.C1=CC=C(C=C1)/C=C/C(=O)/C=C/C2=CC=CC=C2.[Pd].[Pd]
ord-5ffc5c4a730b4c9fa67430c9657da268,Base,REAGENT,SMILES,CC(C)(C)[O-].[Na+]
ord-5ffc5c4a730b4c9fa67430c9657da268,Solvent,SOLVENT,SMILES,CC1=CC=CC=C1
ord-5ffc5c4a730b4c9fa67430c9657da268,amine,REACTANT,SMILES,C[C@@H]1CNCCN1
ord-5ffc5c4a730b4c9fa67430c9657da268,aryl halide,REACTANT,SMILES,C1=CC(=C(C=C1F)C(F)(F)F)Br
ord-5ffc5c4a730b4c9fa67430c9657da268,metal and ligand,CATALYST,SMILES,C1=CC=C(C=C1)P(C2=CC=CC=C2)C3=C(C4=CC=CC=C4C=C3)C5=C(C=CC6=CC=CC=C65)P(C7=CC=CC=C7)C8=CC=CC=C8
ord-5ffc5c4a730b4c9fa67430c9657da268,metal and ligand,CATALYST,SMILES,C1=CC=C(C=C1)/C=C/C(=O)/C=C/C2=CC=CC=C2.C1=CC=C(C=C1)/C=C/C(=O)/C=C/C2=CC=CC=C2.C1=CC=C(C=C1)/C=C/C(=O)/C=C/C2=CC=CC=C2.[Pd].[Pd]
ord-5ffc5c4a730b4c9fa67430c9657da268,metal and ligand,CATALYST,SMILES,C1=CC=C(C=C1)P(C2=CC=CC=C2)C3=C(C4=CC=CC=C4C=C3)C5=C(C=CC6=CC=CC=C65)P(C7=CC=CC=C7)C8=CC=CC=C8
ord-5ffc5c4a730b4c9fa67430c9657da268,metal and ligand,CATALYST,SMILES,C1=CC=C(C=C1)/C=C/C(=O)/C=C/C2=CC=CC=C2.C1=CC=C(C=C1)/C=C/C(=O)/C=C/C2=CC=CC=C2.C1=CC=C(C=C1)/C=C/C(=O)/C=C/C2=CC=CC=C2.[Pd].[Pd]
ord-d91c4f300cee41c898f5dc5506a9a9f7,Base,REAGENT,SMILES,CC(C)(C)[O-].[Na+]
ord-d91c4f300cee41c898f5dc5506a9a9f7,Solvent,SOLVENT,SMILES,CC1=CC=CC=C1
ord-d91c4f300cee41c898f5dc5506a9a9f7,amine,REACTANT,SMILES,C[C@@H]1CNCCN1
ord-d91c4f300cee41c898f5dc5506a9a9f7,aryl halide,REACTANT,SMILES,C1=CC(=C(C=C1F)C(F)(F)F)Br
ord-d91c4f300cee41c898f5dc5506a9a9f7,metal and ligand,CATALYST,SMILES,C1=CC=C(C=C1)P(C2=CC=CC=C2)C3=C(C4=CC=CC=C4C=C3)C5=C(C=CC6=CC=CC=C65)P(C7=CC=CC=C7)C8=CC=CC=C8
ord-d91c4f300cee41c898f5dc5506a9a9f7,metal and ligand,CATALYST,SMILES,C1=CC=C(C=C1)/C=C/C(=O)/C=C/C2=CC=CC=C2.C1=CC=C(C=C1)/C=C/C(=O)/C=C/C2=CC=CC=C2.C1=CC=C(C=C1)/C=C/C(=O)/C=C/C2=CC=CC=C2.[Pd].[Pd]
ord-d91c4f300cee41c898f5dc5506a9a9f7,metal and ligand,CATALYST,SMILES,C1=CC=C(C=C1)P(C2=CC=CC=C2)C3=C(C4=CC=CC=C4C=C3)C5=C(C=CC6=CC=CC=C65)P(C7=CC=CC=C7)C8=CC=CC=C8
ord-d91c4f300cee41c898f5dc5506a9a9f7,metal and ligand,CATALYST,SMILES,C1=CC=C(C=C1)/C=C/C(=O)/C=C/C2=CC=CC=C2.C1=CC=C(C=C1)/C=C/C(=O)/C=C/C2=CC=CC=C2.C1=CC=C(C=C1)/C=C/C(=O)/C=C/C2=CC=CC=C2.[Pd].[Pd]
ord-fbf696d6dcb34e7c9c731cbe586b831a,Base,REAGENT,SMILES,[O-]P(=O)([O-])[O-].[K+].[K+].[K+]
ord-fbf696d6dcb34e7c9c731cbe586b831a,Solvent,SOLVENT,SMILES,COCCOC
ord-fbf696d6dcb34e7c9c731cbe586b831a,amine,REACTANT,SMILES,C1=CC=C(C=C1)N
ord-fbf696d6dcb34e7c9c731cbe586b831a,aryl halide,REACTANT,SMILES,B1(OC(C(O1)(C)C)(C)C)C2=CC(=CC(=C2)Cl)C(=O)OC
ord-fbf696d6dcb34e7c9c731cbe586b831a,metal and ligand,CATALYST,SMILES,CC(C)(C)P(C(C)(C)C)C(C)(C)C
ord-fbf696d6dcb34e7c9c731cbe586b831a,metal and ligand,CATALYST,SMILES,C1=CC=C(C=C1)/C=C/C(=O)/C=C/C2=CC=CC=C2.C1=CC=C(C=C1)/C=C/C(=O)/C=C/C2=CC=CC=C2.C1=CC=C(C=C1)/C=C/C(=O)/C=C/C2=CC=CC=C2.[Pd].[Pd]
ord-fbf696d6dcb34e7c9c731cbe586b831a,metal and ligand,CATALYST,SMILES,CC(C)(C)P(C(C)(C)C)C(C)(C)C
ord-fbf696d6dcb34e7c9c731cbe586b831a,metal and ligand,CATALYST,SMILES,C1=CC=C(C=C1)/C=C/C(=O)/C=C/C2=CC=CC=C2.C1=CC=C(C=C1)/C=C/C(=O)/C=C/C2=CC=CC=C2.C1=CC=C(C=C1)/C=C/C(=O)/C=C/C2=CC=CC=C2.[Pd].[Pd]
ord-7f4bd58c1e854ed5b839b01e20dd39d2,Base,REAGENT,SMILES,[O-]P(=O)([O-])[O-].[K+].[K+].[K+]
ord-7f4bd58c1e854ed5b839b01e20dd39d2,Solvent,SOLVENT,SMILES,COCCOC
ord-7f4bd58c1e854ed5b839b01e20dd39d2,amine,REACTANT,SMILES,C1=CC=C(C=C1)N
ord-7f4bd58c1e854ed5b839b01e20dd39d2,aryl halide,REACTANT,SMILES,B1(OC(C(O1)(C)C)(C)C)C2=CC(=CC(=C2)Cl)C(=O)OC
ord-7f4bd58c1e854ed5b839b01e20dd39d2,metal and ligand,CATALYST,SMILES,CC(C)(C)P(C(C)(C)C)C(C)(C)C
ord-7f4bd58c1e854ed5b839b01e20dd39d2,metal and ligand,CATALYST,SMILES,C1=CC=C(C=C1)/C=C/C(=O)/C=C/C2=CC=CC=C2.C1=CC=C(C=C1)/C=C/C(=O)/C=C/C2=CC=CC=C2.C1=CC=C(C=C1)/C=C/C(=O)/C=C/C2=CC=CC=C2.[Pd].[Pd]
ord-7f4bd58c1e854ed5b839b01e20dd39d2,metal and ligand,CATALYST,SMILES,CC(C)(C)P(C(C)(C)C)C(C)(C)C
ord-7f4bd58c1e854ed5b839b01e20dd39d2,metal and ligand,CATALYST,SMILES,C1=CC=C(C=C1)/C=C/C(=O)/C=C/C2=CC=CC=C2.C1=CC=C(C=C1)/C=C/C(=O)/C=C/C2=CC=CC=C2.C1=CC=C(C=C1)/C=C/C(=O)/C=C/C2=CC=CC=C2.[Pd].[Pd]
ord-74a05ca9ab9042dbb66a38d995757deb,Base,REAGENT,SMILES,C(=O)([O-])[O-].[K+].[K+]
ord-74a05ca9ab9042dbb66a38d995757deb,Solvent,SOLVENT,SMILES,C1COCCO1
ord-74a05ca9ab9042dbb66a38d995757deb,amine,REACTANT,SMILES,CC1=C(C2=C(N1C)C=CC(=C2)N)Cl
ord-74a05ca9ab9042dbb66a38d995757deb,aryl halide,REACTANT,SMILES,CC1=NN(C=C1CN2CC(C2)O)C3=NC(=NC=C3)Cl
ord-74a05ca9ab9042dbb66a38d995757deb,metal and ligand,CATALYST,SMILES,CC(C)C1=CC(=C(C(=C1)C(C)C)C2=CC=CC=C2P(C3CCCCC3)C4CCCCC4)C(C)C
ord-74a05ca9ab9042dbb66a38d995757deb,metal and ligand,CATALYST,SMILES,CC(=O)O.CC(=O)O.[Pd]
ord-74a05ca9ab9042dbb66a38d995757deb,metal and ligand,CATALYST,SMILES,CC(C)C1=CC(=C(C(=C1)C(C)C)C2=CC=CC=C2P(C3CCCCC3)C4CCCCC4)C(C)C
ord-74a05ca9ab9042dbb66a38d995757deb,metal and ligand,CATALYST,SMILES,CC(=O)O.CC(=O)O.[Pd]
ord-7b12b51966524113889660895d5b1caa,Base,REAGENT,SMILES,CC(C)(C)[O-].[Na+]
ord-7b12b51966524113889660895d5b1caa,Solvent,SOLVENT,SMILES,CC1=CC=CC=C1
ord-7b12b51966524113889660895d5b1caa,amine,REACTANT,SMILES,C1CNCCN1
ord-7b12b51966524113889660895d5b1caa,aryl halide,REACTANT,SMILES,C1=CC=C(C(=C1)Cl)Br
ord-7b12b51966524113889660895d5b1caa,metal and ligand,CATALYST,SMILES,C1=CC=C(C=C1)P(C2=CC=CC=C2)C3=C(C4=CC=CC=C4C=C3)C5=C(C=CC6=CC=CC=C65)P(C7=CC=CC=C7)C8=CC=CC=C8
ord-7b12b51966524113889660895d5b1caa,metal and ligand,CATALYST,SMILES,C1=CC=C(C=C1)/C=C/C(=O)/C=C/C2=CC=CC=C2.C1=CC=C(C=C1)/C=C/C(=O)/C=C/C2=CC=CC=C2.C1=CC=C(C=C1)/C=C/C(=O)/C=C/C2=CC=CC=C2.[Pd].[Pd]
ord-7b12b51966524113889660895d5b1caa,metal and ligand,CATALYST,SMILES,C1=CC=C(C=C1)P(C2=CC=CC=C2)C3=C(C4=CC=CC=C4C=C3)C5=C(C=CC6=CC=CC=C65)P(C7=CC=CC=C7)C8=CC=CC=C8
ord-7b12b51966524113889660895d5b1caa,metal and ligand,CATALYST,SMILES,C1=CC=C(C=C1)/C=C/C(=O)/C=C/C2=CC=CC=C2.C1=CC=C(C=C1)/C=C/C(=O)/C=C/C2=CC=CC=C2.C1=CC=C(C=C1)/C=C/C(=O)/C=C/C2=CC=CC=C2.[Pd].[Pd]
ord-bb7f6619ebed4436b7a7f09c9d4cd82e,Base,REAGENT,SMILES,CC(C)(C)[O-].[Na+]
ord-bb7f6619ebed4436b7a7f09c9d4cd82e,Solvent,SOLVENT,SMILES,CC1=CC=CC=C1
ord-bb7f6619ebed4436b7a7f09c9d4cd82e,amine,REACTANT,SMILES,C1CNCCN1
ord-bb7f6619ebed4436b7a7f09c9d4cd82e,aryl halide,REACTANT,SMILES,C1=CC=C(C(=C1)Cl)Br
ord-bb7f6619ebed4436b7a7f09c9d4cd82e,metal and ligand,CATALYST,SMILES,C1=CC=C(C=C1)P(C2=CC=CC=C2)C3=C(C4=CC=CC=C4C=C3)C5=C(C=CC6=CC=CC=C65)P(C7=CC=CC=C7)C8=CC=CC=C8
ord-bb7f6619ebed4436b7a7f09c9d4cd82e,metal and ligand,CATALYST,SMILES,C1=CC=C(C=C1)/C=C/C(=O)/C=C/C2=CC=CC=C2.C1=CC=C(C=C1)/C=C/C(=O)/C=C/C2=CC=CC=C2.C1=CC=C(C=C1)/C=C/C(=O)/C=C/C2=CC=CC=C2.[Pd].[Pd]
ord-bb7f6619ebed4436b7a7f09c9d4cd82e,metal and ligand,CATALYST,SMILES,C1=CC=C(C=C1)P(C2=CC=CC=C2)C3=C(C4=CC=CC=C4C=C3)C5=C(C=CC6=CC=CC=C65)P(C7=CC=CC=C7)C8=CC=CC=C8
ord-bb7f6619ebed4436b7a7f09c9d4cd82e,metal and ligand,CATALYST,SMILES,C1=CC=C(C=C1)/C=C/C(=O)/C=C/C2=CC=CC=C2.C1=CC=C(C=C1)/C=C/C(=O)/C=C/C2=CC=CC=C2.C1=CC=C(C=C1)/C=C/C(=O)/C=C/C2=CC=CC=C2.[Pd].[Pd]
ord-1e9ec853eb3e43adb71af85c977827e9,Base,REAGENT,SMILES,C(=O)([O-])[O-].[Cs+].[Cs+]
ord-1e9ec853eb3e43adb71af85c977827e9,Solvent,SOLVENT,SMILES,CC1=CC=CC=C1
ord-1e9ec853eb3e43adb71af85c977827e9,amine,REACTANT,SMILES,CC1CNC1
ord-1e9ec853eb3e43adb71af85c977827e9,aryl halide,REACTANT,SMILES,C1=CC(=CC=C1Br)Br
ord-1e9ec853eb3e43adb71af85c977827e9,metal and ligand,CATALYST,SMILES,C1=CC=C(C=C1)P(C2=CC=CC=C2)C3=C(C4=CC=CC=C4C=C3)C5=C(C=CC6=CC=CC=C65)P(C7=CC=CC=C7)C8=CC=CC=C8
ord-1e9ec853eb3e43adb71af85c977827e9,metal and ligand,CATALYST,SMILES,CC(=O)O.CC(=O)O.[Pd]
ord-1e9ec853eb3e43adb71af85c977827e9,metal and ligand,CATALYST,SMILES,C1=CC=C(C=C1)P(C2=CC=CC=C2)C3=C(C4=CC=CC=C4C=C3)C5=C(C=CC6=CC=CC=C65)P(C7=CC=CC=C7)C8=CC=CC=C8
ord-1e9ec853eb3e43adb71af85c977827e9,metal and ligand,CATALYST,SMILES,CC(=O)O.CC(=O)O.[Pd]
ord-4a5932c3579844d8b45d89bc150e08f1,Base,REAGENT,SMILES,C(=O)([O-])[O-].[Cs+].[Cs+]
ord-4a5932c3579844d8b45d89bc150e08f1,Solvent,SOLVENT,SMILES,CC1=CC=CC=C1
ord-4a5932c3579844d8b45d89bc150e08f1,amine,REACTANT,SMILES,C1CC1CNC2=CC=C(C3=CC=CC=C32)Cl.Cl
ord-4a5932c3579844d8b45d89bc150e08f1,aryl halide,REACTANT,SMILES,CCOC(=O)C1CC1C(=O)C2=C(C=C(C=N2)Br)OC
ord-4a5932c3579844d8b45d89bc150e08f1,metal and ligand,CATALYST,SMILES,C1=CC=C(C=C1)P(C2=CC=CC=C2)C3=C(C4=CC=CC=C4C=C3)C5=C(C=CC6=CC=CC=C65)P(C7=CC=CC=C7)C8=CC=CC=C8
ord-4a5932c3579844d8b45d89bc150e08f1,metal and ligand,CATALYST,SMILES,CC(=O)O.CC(=O)O.[Pd]
ord-4a5932c3579844d8b45d89bc150e08f1,metal and ligand,CATALYST,SMILES,C1=CC=C(C=C1)P(C2=CC=CC=C2)C3=C(C4=CC=CC=C4C=C3)C5=C(C=CC6=CC=CC=C65)P(C7=CC=CC=C7)C8=CC=CC=C8
ord-4a5932c3579844d8b45d89bc150e08f1,metal and ligand,CATALYST,SMILES,CC(=O)O.CC(=O)O.[Pd]
ord-2ea0e4e929e149198feaa40dbd6f469f,Base,REAGENT,SMILES,C(=O)([O-])[O-].[Cs+].[Cs+]
ord-2ea0e4e929e149198feaa40dbd6f469f,Solvent,SOLVENT,SMILES,C1COCCO1
ord-2ea0e4e929e149198feaa40dbd6f469f,amine,REACTANT,SMILES,CC(C)(C)OC(=O)N
ord-2ea0e4e929e149198feaa40dbd6f469f,aryl halide,REACTANT,SMILES,C1=CC(=CN=C1)CN2C=CC3=C2C=C(C=C3)Br
ord-2ea0e4e929e149198feaa40dbd6f469f,metal and ligand,CATALYST,SMILES,CC(C)C1=CC(=C(C(=C1)C(C)C)C2=CC=CC=C2P(C3CCCCC3)C4CCCCC4)C(C)C
ord-2ea0e4e929e149198feaa40dbd6f469f,metal and ligand,CATALYST,SMILES,CC(=O)O.CC(=O)O.[Pd]
ord-2ea0e4e929e149198feaa40dbd6f469f,metal and ligand,CATALYST,SMILES,CC(C)C1=CC(=C(C(=C1)C(C)C)C2=CC=CC=C2P(C3CCCCC3)C4CCCCC4)C(C)C
ord-2ea0e4e929e149198feaa40dbd6f469f,metal and ligand,CATALYST,SMILES,CC(=O)O.CC(=O)O.[Pd]
ord-09771da494274543af3440cf05022c0c,Base,REAGENT,SMILES,C(=O)([O-])[O-].[Cs+].[Cs+]
ord-09771da494274543af3440cf05022c0c,Solvent,SOLVENT,SMILES,C1COCCO1
ord-09771da494274543af3440cf05022c0c,amine,REACTANT,SMILES,CC(C)(C)OC(=O)N
ord-09771da494274543af3440cf05022c0c,aryl halide,REACTANT,SMILES,C1=CC(=CN=C1)CN2C=CC3=C2C=C(C=C3)Br
ord-09771da494274543af3440cf05022c0c,metal and ligand,CATALYST,SMILES,CC(C)C1=CC(=C(C(=C1)C(C)C)C2=CC=CC=C2P(C3CCCCC3)C4CCCCC4)C(C)C
ord-09771da494274543af3440cf05022c0c,metal and ligand,CATALYST,SMILES,CC(=O)O.CC(=O)O.[Pd]
ord-09771da494274543af3440cf05022c0c,metal and ligand,CATALYST,SMILES,CC(C)C1=CC(=C(C(=C1)C(C)C)C2=CC=CC=C2P(C3CCCCC3)C4CCCCC4)C(C)C
ord-09771da494274543af3440cf05022c0c,metal and ligand,CATALYST,SMILES,CC(=O)O.CC(=O)O.[Pd]
ord-521dd4e5c36647eca5936a0918a368fd,Base,REAGENT,SMILES,C(=O)([O-])[O-].[Cs+].[Cs+]
ord-521dd4e5c36647eca5936a0918a368fd,Solvent,SOLVENT,SMILES,CC1=CC=CC=C1
ord-521dd4e5c36647eca5936a0918a368fd,amine,REACTANT,SMILES,C1=CC=C(C(=C1)N)Br
ord-521dd4e5c36647eca5936a0918a368fd,aryl halide,REACTANT,SMILES,CCOC(=O)C1=CC=C(C=C1)I
ord-521dd4e5c36647eca5936a0918a368fd,metal and ligand,CATALYST,SMILES,C1=CC=C(C=C1)P(C2=CC=CC=C2)C3=C(C4=CC=CC=C4C=C3)C5=C(C=CC6=CC=CC=C65)P(C7=CC=CC=C7)C8=CC=CC=C8
ord-521dd4e5c36647eca5936a0918a368fd,metal and ligand,CATALYST,SMILES,CC(=O)O.CC(=O)O.[Pd]
ord-521dd4e5c36647eca5936a0918a368fd,metal and ligand,CATALYST,SMILES,C1=CC=C(C=C1)P(C2=CC=CC=C2)C3=C(C4=CC=CC=C4C=C3)C5=C(C=CC6=CC=CC=C65)P(C7=CC=CC=C7)C8=CC=CC=C8
ord-521dd4e5c36647eca5936a0918a368fd,metal and ligand,CATALYST,SMILES,CC(=O)O.CC(=O)O.[Pd]
ord-a21d6ec12c02473a98dce7de6b637849,Base,REAGENT,SMILES,C(=O)([O-])[O-].[Cs+].[Cs+]
ord-a21d6ec12c02473a98dce7de6b637849,Solvent,SOLVENT,SMILES,C1COCCO1
ord-a21d6ec12c02473a98dce7de6b637849,amine,REACTANT,SMILES,C[C@@H]1CN(CCN1)C(=O)OC(C)(C)C
ord-a21d6ec12c02473a98dce7de6b637849,aryl halide,REACTANT,SMILES,C1=CC(=CN=C1)Br
ord-a21d6ec12c02473a98dce7de6b637849,metal and ligand,CATALYST,SMILES,CC(C)OC1=C(C(=CC=C1)OC(C)C)C2=CC=CC=C2P(C3CCCCC3)C4CCCCC4
ord-a21d6ec12c02473a98dce7de6b637849,metal and ligand,CATALYST,SMILES,CC(=O)O.CC(=O)O.[Pd]
ord-a21d6ec12c02473a98dce7de6b637849,metal and ligand,CATALYST,SMILES,CC(C)OC1=C(C(=CC=C1)OC(C)C)C2=CC=CC=C2P(C3CCCCC3)C4CCCCC4
ord-a21d6ec12c02473a98dce7de6b637849,metal and ligand,CATALYST,SMILES,CC(=O)O.CC(=O)O.[Pd]
ord-d7d7e0dc4c0741f08ecfdb907acad13f,Base,REAGENT,SMILES,CC(C)(C)[O-].[Na+]
ord-d7d7e0dc4c0741f08ecfdb907acad13f,Solvent,SOLVENT,SMILES,CC1=CC=CC=C1
ord-d7d7e0dc4c0741f08ecfdb907acad13f,amine,REACTANT,SMILES,C[C@@H]1CN(CCN1)C(=O)OC(C)(C)C
ord-d7d7e0dc4c0741f08ecfdb907acad13f,aryl halide,REACTANT,SMILES,C1=CC(=CN=C1)Br
ord-d7d7e0dc4c0741f08ecfdb907acad13f,metal and ligand,CATALYST,SMILES,CC1(C2=C(C(=CC=C2)P(C3=CC=CC=C3)C4=CC=CC=C4)OC5=C1C=CC=C5P(C6=CC=CC=C6)C7=CC=CC=C7)C
ord-d7d7e0dc4c0741f08ecfdb907acad13f,metal and ligand,CATALYST,SMILES,C1=CC=C(C=C1)/C=C/C(=O)/C=C/C2=CC=CC=C2.C1=CC=C(C=C1)/C=C/C(=O)/C=C/C2=CC=CC=C2.C1=CC=C(C=C1)/C=C/C(=O)/C=C/C2=CC=CC=C2.[Pd].[Pd]
ord-d7d7e0dc4c0741f08ecfdb907acad13f,metal and ligand,CATALYST,SMILES,CC1(C2=C(C(=CC=C2)P(C3=CC=CC=C3)C4=CC=CC=C4)OC5=C1C=CC=C5P(C6=CC=CC=C6)C7=CC=CC=C7)C
ord-d7d7e0dc4c0741f08ecfdb907acad13f,metal and ligand,CATALYST,SMILES,C1=CC=C(C=C1)/C=C/C(=O)/C=C/C2=CC=CC=C2.C1=CC=C(C=C1)/C=C/C(=O)/C=C/C2=CC=CC=C2.C1=CC=C(C=C1)/C=C/C(=O)/C=C/C2=CC=CC=C2.[Pd].[Pd]
ord-b33a6a5e9f314a52b92d41be195f749c,Base,REAGENT,SMILES,CC(C)(C)[O-].[Na+]
ord-b33a6a5e9f314a52b92d41be195f749c,Solvent,SOLVENT,SMILES,CC1=CC=CC=C1
ord-b33a6a5e9f314a52b92d41be195f749c,amine,REACTANT,SMILES,C[C@@H]1CN(CCN1)C(=O)OC(C)(C)C
ord-b33a6a5e9f314a52b92d41be195f749c,aryl halide,REACTANT,SMILES,C1=CC(=CN=C1)Br
ord-b33a6a5e9f314a52b92d41be195f749c,metal and ligand,CATALYST,SMILES,CC(C)OC1=C(C(=CC=C1)OC(C)C)C2=CC=CC=C2P(C3CCCCC3)C4CCCCC4
ord-b33a6a5e9f314a52b92d41be195f749c,metal and ligand,CATALYST,SMILES,CC(=O)O.CC(=O)O.[Pd]
ord-b33a6a5e9f314a52b92d41be195f749c,metal and ligand,CATALYST,SMILES,CC(C)OC1=C(C(=CC=C1)OC(C)C)C2=CC=CC=C2P(C3CCCCC3)C4CCCCC4
ord-b33a6a5e9f314a52b92d41be195f749c,metal and ligand,CATALYST,SMILES,CC(=O)O.CC(=O)O.[Pd]
ord-88ebd75900f542a9b6cc4c328b0f3d84,Base,REAGENT,SMILES,C(=O)([O-])[O-].[Cs+].[Cs+]
ord-88ebd75900f542a9b6cc4c328b0f3d84,Solvent,SOLVENT,SMILES,COCCOC
ord-88ebd75900f542a9b6cc4c328b0f3d84,amine,REACTANT,SMILES,CC1=CN(C=N1)C2=C(N=C(C=C2)N)OC
ord-88ebd75900f542a9b6cc4c328b0f3d84,aryl halide,REACTANT,SMILES,CN1C[C@H](OC2=C(C1)C=CC(=N2)Cl)C3=CC=CC=C3
ord-88ebd75900f542a9b6cc4c328b0f3d84,metal and ligand,CATALYST,SMILES,C1CCC(CC1)P(C2CCCCC2)C3=CC=CC=C3C4=CC=CC=C4
ord-88ebd75900f542a9b6cc4c328b0f3d84,metal and ligand,CATALYST,SMILES,CC(=O)O.CC(=O)O.[Pd]
ord-88ebd75900f542a9b6cc4c328b0f3d84,metal and ligand,CATALYST,SMILES,C1CCC(CC1)P(C2CCCCC2)C3=CC=CC=C3C4=CC=CC=C4
ord-88ebd75900f542a9b6cc4c328b0f3d84,metal and ligand,CATALYST,SMILES,CC(=O)O.CC(=O)O.[Pd]
ord-e2551fd8964c4f0a80ff232c25d61d8a,Base,REAGENT,SMILES,C(=O)([O-])[O-].[Cs+].[Cs+]
ord-e2551fd8964c4f0a80ff232c25d61d8a,Solvent,SOLVENT,SMILES,C1COCCO1
ord-e2551fd8964c4f0a80ff232c25d61d8a,amine,REACTANT,SMILES,CC(C)(C)OC(=O)N
ord-e2551fd8964c4f0a80ff232c25d61d8a,aryl halide,REACTANT,SMILES,CC1=CC(=C(N=C1)Cl)F
ord-e2551fd8964c4f0a80ff232c25d61d8a,metal and ligand,CATALYST,SMILES,CC1(C2=C(C(=CC=C2)P(C3=CC=CC=C3)C4=CC=CC=C4)OC5=C1C=CC=C5P(C6=CC=CC=C6)C7=CC=CC=C7)C
ord-e2551fd8964c4f0a80ff232c25d61d8a,metal and ligand,CATALYST,SMILES,CC(=O)O.CC(=O)O.[Pd]
ord-e2551fd8964c4f0a80ff232c25d61d8a,metal and ligand,CATALYST,SMILES,CC1(C2=C(C(=CC=C2)P(C3=CC=CC=C3)C4=CC=CC=C4)OC5=C1C=CC=C5P(C6=CC=CC=C6)C7=CC=CC=C7)C
ord-e2551fd8964c4f0a80ff232c25d61d8a,metal and ligand,CATALYST,SMILES,CC(=O)O.CC(=O)O.[Pd]
ord-fde5e0f95519439ca9660af435fc14a6,Base,REAGENT,SMILES,[OH-].[Na+]
ord-fde5e0f95519439ca9660af435fc14a6,Solvent,SOLVENT,SMILES,C1COCCO1
ord-fde5e0f95519439ca9660af435fc14a6,amine,REACTANT,SMILES,CC(C)(C)OC(=O)N
ord-fde5e0f95519439ca9660af435fc14a6,aryl halide,REACTANT,SMILES,CC1=CC(=C(N=C1)Cl)F
ord-fde5e0f95519439ca9660af435fc14a6,metal and ligand,CATALYST,SMILES,CC1(C2=C(C(=CC=C2)P(C3=CC=CC=C3)C4=CC=CC=C4)OC5=C1C=CC=C5P(C6=CC=CC=C6)C7=CC=CC=C7)C
ord-fde5e0f95519439ca9660af435fc14a6,metal and ligand,CATALYST,SMILES,CC(=O)O.CC(=O)O.[Pd]
ord-fde5e0f95519439ca9660af435fc14a6,metal and ligand,CATALYST,SMILES,CC1(C2=C(C(=CC=C2)P(C3=CC=CC=C3)C4=CC=CC=C4)OC5=C1C=CC=C5P(C6=CC=CC=C6)C7=CC=CC=C7)C
ord-fde5e0f95519439ca9660af435fc14a6,metal and ligand,CATALYST,SMILES,CC(=O)O.CC(=O)O.[Pd]
ord-5545e57a105549059abb855326d6ce2b,Base,REAGENT,SMILES,C(=O)([O-])[O-].[Cs+].[Cs+]
ord-5545e57a105549059abb855326d6ce2b,Solvent,SOLVENT,SMILES,C1COCCO1
ord-5545e57a105549059abb855326d6ce2b,amine,REACTANT,SMILES,CC(C)(C)OC(=O)N[C@@H]1CCC[C@@H](C1)C(=O)N
ord-5545e57a105549059abb855326d6ce2b,aryl halide,REACTANT,SMILES,C1CCC2=C(C=NN2CC1)C3=CC(=NC=C3F)Cl
ord-5545e57a105549059abb855326d6ce2b,metal and ligand,CATALYST,SMILES,CC1(C2=C(C(=CC=C2)P(C3=CC=CC=C3)C4=CC=CC=C4)OC5=C1C=CC=C5P(C6=CC=CC=C6)C7=CC=CC=C7)C
ord-5545e57a105549059abb855326d6ce2b,metal and ligand,CATALYST,SMILES,C1=CC=C(C=C1)P(C2=CC=CC=C2)C3=CC=CC=C3.C1=CC=C(C=C1)P(C2=CC=CC=C2)C3=CC=CC=C3.C1=CC=C(C=C1)P(C2=CC=CC=C2)C3=CC=CC=C3.C1=CC=C(C=C1)P(C2=CC=CC=C2)C3=CC=CC=C3.[Pd]
ord-5545e57a105549059abb855326d6ce2b,metal and ligand,CATALYST,SMILES,CC1(C2=C(C(=CC=C2)P(C3=CC=CC=C3)C4=CC=CC=C4)OC5=C1C=CC=C5P(C6=CC=CC=C6)C7=CC=CC=C7)C
ord-5545e57a105549059abb855326d6ce2b,metal and ligand,CATALYST,SMILES,C1=CC=C(C=C1)P(C2=CC=CC=C2)C3=CC=CC=C3.C1=CC=C(C=C1)P(C2=CC=CC=C2)C3=CC=CC=C3.C1=CC=C(C=C1)P(C2=CC=CC=C2)C3=CC=CC=C3.C1=CC=C(C=C1)P(C2=CC=CC=C2)C3=CC=CC=C3.[Pd]
ord-6d4c20d55c834a949848dd34c3fa431d,Base,REAGENT,SMILES,CC(C)(C)[O-].[Na+]
ord-6d4c20d55c834a949848dd34c3fa431d,Solvent,SOLVENT,SMILES,CC1=CC=CC=C1
ord-6d4c20d55c834a949848dd34c3fa431d,amine,REACTANT,SMILES,CCOC(=O)C1CCNCC1
ord-6d4c20d55c834a949848dd34c3fa431d,aryl halide,REACTANT,SMILES,C1=CC(=CC=C1Br)Br
ord-6d4c20d55c834a949848dd34c3fa431d,metal and ligand,CATALYST,SMILES,C1=CC=C(C=C1)P(C2=CC=CC=C2)C3=C(C4=CC=CC=C4C=C3)C5=C(C=CC6=CC=CC=C65)P(C7=CC=CC=C7)C8=CC=CC=C8
ord-6d4c20d55c834a949848dd34c3fa431d,metal and ligand,CATALYST,SMILES,C1=CC=C(C=C1)/C=C/C(=O)/C=C/C2=CC=CC=C2.C1=CC=C(C=C1)/C=C/C(=O)/C=C/C2=CC=CC=C2.C1=CC=C(C=C1)/C=C/C(=O)/C=C/C2=CC=CC=C2.[Pd].[Pd]
ord-6d4c20d55c834a949848dd34c3fa431d,metal and ligand,CATALYST,SMILES,C1=CC=C(C=C1)P(C2=CC=CC=C2)C3=C(C4=CC=CC=C4C=C3)C5=C(C=CC6=CC=CC=C65)P(C7=CC=CC=C7)C8=CC=CC=C8
ord-6d4c20d55c834a949848dd34c3fa431d,metal and ligand,CATALYST,SMILES,C1=CC=C(C=C1)/C=C/C(=O)/C=C/C2=CC=CC=C2.C1=CC=C(C=C1)/C=C/C(=O)/C=C/C2=CC=CC=C2.C1=CC=C(C=C1)/C=C/C(=O)/C=C/C2=CC=CC=C2.[Pd].[Pd]
ord-cb0ae83e039e422babb6d81e64a4df69,Base,REAGENT,SMILES,CC(C)(C)[O-].[Na+]
ord-cb0ae83e039e422babb6d81e64a4df69,Solvent,SOLVENT,SMILES,CC1=CC=CC=C1
ord-cb0ae83e039e422babb6d81e64a4df69,amine,REACTANT,SMILES,COC(=O)C1CCNC1
ord-cb0ae83e039e422babb6d81e64a4df69,aryl halide,REACTANT,SMILES,C1=CC(=CC=C1Br)Br
ord-cb0ae83e039e422babb6d81e64a4df69,metal and ligand,CATALYST,SMILES,C1=CC=C(C=C1)P(C2=CC=CC=C2)C3=C(C4=CC=CC=C4C=C3)C5=C(C=CC6=CC=CC=C65)P(C7=CC=CC=C7)C8=CC=CC=C8
ord-cb0ae83e039e422babb6d81e64a4df69,metal and ligand,CATALYST,SMILES,C1=CC=C(C=C1)/C=C/C(=O)/C=C/C2=CC=CC=C2.C1=CC=C(C=C1)/C=C/C(=O)/C=C/C2=CC=CC=C2.C1=CC=C(C=C1)/C=C/C(=O)/C=C/C2=CC=CC=C2.[Pd].[Pd]
ord-cb0ae83e039e422babb6d81e64a4df69,metal and ligand,CATALYST,SMILES,C1=CC=C(C=C1)P(C2=CC=CC=C2)C3=C(C4=CC=CC=C4C=C3)C5=C(C=CC6=CC=CC=C65)P(C7=CC=CC=C7)C8=CC=CC=C8
ord-cb0ae83e039e422babb6d81e64a4df69,metal and ligand,CATALYST,SMILES,C1=CC=C(C=C1)/C=C/C(=O)/C=C/C2=CC=CC=C2.C1=CC=C(C=C1)/C=C/C(=O)/C=C/C2=CC=CC=C2.C1=CC=C(C=C1)/C=C/C(=O)/C=C/C2=CC=CC=C2.[Pd].[Pd]
ord-7673f35cb6ca4307811eaa7801ce679c,Base,REAGENT,SMILES,CC(C)(C)[O-].[Na+]
ord-7673f35cb6ca4307811eaa7801ce679c,Solvent,SOLVENT,SMILES,CC1=CC=CC=C1
ord-7673f35cb6ca4307811eaa7801ce679c,amine,REACTANT,SMILES,COC(=O)C1CCNC1
ord-7673f35cb6ca4307811eaa7801ce679c,aryl halide,REACTANT,SMILES,C1=CC(=CC=C1Br)Br
ord-7673f35cb6ca4307811eaa7801ce679c,metal and ligand,CATALYST,SMILES,C1=CC=C(C=C1)P(C2=CC=CC=C2)C3=C(C4=CC=CC=C4C=C3)C5=C(C=CC6=CC=CC=C65)P(C7=CC=CC=C7)C8=CC=CC=C8
ord-7673f35cb6ca4307811eaa7801ce679c,metal and ligand,CATALYST,SMILES,C1=CC=C(C=C1)/C=C/C(=O)/C=C/C2=CC=CC=C2.C1=CC=C(C=C1)/C=C/C(=O)/C=C/C2=CC=CC=C2.C1=CC=C(C=C1)/C=C/C(=O)/C=C/C2=CC=CC=C2.[Pd].[Pd]
ord-7673f35cb6ca4307811eaa7801ce679c,metal and ligand,CATALYST,SMILES,C1=CC=C(C=C1)P(C2=CC=CC=C2)C3=C(C4=CC=CC=C4C=C3)C5=C(C=CC6=CC=CC=C65)P(C7=CC=CC=C7)C8=CC=CC=C8
ord-7673f35cb6ca4307811eaa7801ce679c,metal and ligand,CATALYST,SMILES,C1=CC=C(C=C1)/C=C/C(=O)/C=C/C2=CC=CC=C2.C1=CC=C(C=C1)/C=C/C(=O)/C=C/C2=CC=CC=C2.C1=CC=C(C=C1)/C=C/C(=O)/C=C/C2=CC=CC=C2.[Pd].[Pd]
ord-d3fce1c8e3204b57a80e5c0d53c5c1f7,Base,REAGENT,SMILES,CC(C)(C)[O-].[Na+]
ord-d3fce1c8e3204b57a80e5c0d53c5c1f7,Solvent,SOLVENT,SMILES,CC1=CC=CC=C1
ord-d3fce1c8e3204b57a80e5c0d53c5c1f7,amine,REACTANT,SMILES,CC(C)(C)OC(=O)N1CCNCC1
ord-d3fce1c8e3204b57a80e5c0d53c5c1f7,aryl halide,REACTANT,SMILES,CC(=O)NC1=CC(=C(C=C1)OC)Br
ord-d3fce1c8e3204b57a80e5c0d53c5c1f7,metal and ligand,CATALYST,SMILES,CC(C)OC1=C(C(=CC=C1)OC(C)C)C2=CC=CC=C2P(C3CCCCC3)C4CCCCC4
ord-d3fce1c8e3204b57a80e5c0d53c5c1f7,metal and ligand,CATALYST,SMILES,CC(=O)O.CC(=O)O.[Pd]
ord-d3fce1c8e3204b57a80e5c0d53c5c1f7,metal and ligand,CATALYST,SMILES,CC(C)OC1=C(C(=CC=C1)OC(C)C)C2=CC=CC=C2P(C3CCCCC3)C4CCCCC4
ord-d3fce1c8e3204b57a80e5c0d53c5c1f7,metal and ligand,CATALYST,SMILES,CC(=O)O.CC(=O)O.[Pd]
ord-00b630fb849d46988bc61ed1eeecad73,Base,REAGENT,SMILES,CC(C)(C)[O-].[Na+]
ord-00b630fb849d46988bc61ed1eeecad73,Solvent,SOLVENT,SMILES,CC1=CC=CC=C1
ord-00b630fb849d46988bc61ed1eeecad73,amine,REACTANT,SMILES,CN1CCN(CC1)CC2=CC(=CC=C2)N
ord-00b630fb849d46988bc61ed1eeecad73,aryl halide,REACTANT,SMILES,CC1=C(C=C(C=C1)NC(=O)C2=CC3=C(C=C2)OCCO3)NC(=O)C4=CN=C(C=C4)Cl
ord-00b630fb849d46988bc61ed1eeecad73,metal and ligand,CATALYST,SMILES,CC1(C2=C(C(=CC=C2)P(C3=CC=CC=C3)C4=CC=CC=C4)OC5=C1C=CC=C5P(C6=CC=CC=C6)C7=CC=CC=C7)C
ord-00b630fb849d46988bc61ed1eeecad73,metal and ligand,CATALYST,SMILES,C1=CC=C(C=C1)/C=C/C(=O)/C=C/C2=CC=CC=C2.C1=CC=C(C=C1)/C=C/C(=O)/C=C/C2=CC=CC=C2.C1=CC=C(C=C1)/C=C/C(=O)/C=C/C2=CC=CC=C2.[Pd].[Pd]
ord-00b630fb849d46988bc61ed1eeecad73,metal and ligand,CATALYST,SMILES,CC1(C2=C(C(=CC=C2)P(C3=CC=CC=C3)C4=CC=CC=C4)OC5=C1C=CC=C5P(C6=CC=CC=C6)C7=CC=CC=C7)C
ord-00b630fb849d46988bc61ed1eeecad73,metal and ligand,CATALYST,SMILES,C1=CC=C(C=C1)/C=C/C(=O)/C=C/C2=CC=CC=C2.C1=CC=C(C=C1)/C=C/C(=O)/C=C/C2=CC=CC=C2.C1=CC=C(C=C1)/C=C/C(=O)/C=C/C2=CC=CC=C2.[Pd].[Pd]
ord-ff2be4fb066f4702ab3412c6fd0e670a,Base,REAGENT,SMILES,CC(C)(C)[O-].[Na+]
ord-ff2be4fb066f4702ab3412c6fd0e670a,Solvent,SOLVENT,SMILES,CC1=CC=CC=C1
ord-ff2be4fb066f4702ab3412c6fd0e670a,amine,REACTANT,SMILES,C1COCCC1CN
ord-ff2be4fb066f4702ab3412c6fd0e670a,aryl halide,REACTANT,SMILES,C1=CC(=CC(=C1)I)Br
ord-ff2be4fb066f4702ab3412c6fd0e670a,metal and ligand,CATALYST,SMILES,C1=CC=C(C=C1)P(C2=CC=CC=C2)C3=C(C4=CC=CC=C4C=C3)C5=C(C=CC6=CC=CC=C65)P(C7=CC=CC=C7)C8=CC=CC=C8
ord-ff2be4fb066f4702ab3412c6fd0e670a,metal and ligand,CATALYST,SMILES,CC(=O)O.CC(=O)O.[Pd]
ord-ff2be4fb066f4702ab3412c6fd0e670a,metal and ligand,CATALYST,SMILES,C1=CC=C(C=C1)P(C2=CC=CC=C2)C3=C(C4=CC=CC=C4C=C3)C5=C(C=CC6=CC=CC=C65)P(C7=CC=CC=C7)C8=CC=CC=C8
ord-ff2be4fb066f4702ab3412c6fd0e670a,metal and ligand,CATALYST,SMILES,CC(=O)O.CC(=O)O.[Pd]
ord-6368febfb34940ba908b28066b8fb22a,Base,REAGENT,SMILES,C(=O)([O-])[O-].[Cs+].[Cs+]
ord-6368febfb34940ba908b28066b8fb22a,Solvent,SOLVENT,SMILES,CC1=CC=CC=C1
ord-6368febfb34940ba908b28066b8fb22a,amine,REACTANT,SMILES,C1=CC=C(C=C1)N
ord-6368febfb34940ba908b28066b8fb22a,aryl halide,REACTANT,SMILES,COC(=O)C1=CC(=CC(=C1)I)Br
ord-6368febfb34940ba908b28066b8fb22a,metal and ligand,CATALYST,SMILES,C1=CC=C(C=C1)P(C2=CC=CC=C2)C3=C(C4=CC=CC=C4C=C3)C5=C(C=CC6=CC=CC=C65)P(C7=CC=CC=C7)C8=CC=CC=C8
ord-6368febfb34940ba908b28066b8fb22a,metal and ligand,CATALYST,SMILES,CC(=O)O.CC(=O)O.[Pd]
ord-6368febfb34940ba908b28066b8fb22a,metal and ligand,CATALYST,SMILES,C1=CC=C(C=C1)P(C2=CC=CC=C2)C3=C(C4=CC=CC=C4C=C3)C5=C(C=CC6=CC=CC=C65)P(C7=CC=CC=C7)C8=CC=CC=C8
ord-6368febfb34940ba908b28066b8fb22a,metal and ligand,CATALYST,SMILES,CC(=O)O.CC(=O)O.[Pd]
ord-4389cfc2af664ae3968b09023440510c,Base,REAGENT,SMILES,CC(C)(C)[O-].[Na+]
ord-4389cfc2af664ae3968b09023440510c,Solvent,SOLVENT,SMILES,CC(=O)N(C)C
ord-4389cfc2af664ae3968b09023440510c,amine,REACTANT,SMILES,C1=CC(=CN=C1)CN
ord-4389cfc2af664ae3968b09023440510c,aryl halide,REACTANT,SMILES,C1=CC=C(C=C1)NC2=NC=CC(=C2)Cl
ord-4389cfc2af664ae3968b09023440510c,metal and ligand,CATALYST,SMILES,CC(C1CCCC1P(C2CCCCC2)C3CCCCC3)P(C(C)(C)C)C(C)(C)C.C1CCCC1.[Fe]
ord-4389cfc2af664ae3968b09023440510c,metal and ligand,CATALYST,SMILES,CC(C1CCCC1P(C2CCCCC2)C3CCCCC3)P(C(C)(C)C)C(C)(C)C.C1CCCC1.[Fe]
ord-3648f11ef3b2438f8cb66069ce02004a,Base,REAGENT,SMILES,C(=O)([O-])[O-].[Cs+].[Cs+]
ord-3648f11ef3b2438f8cb66069ce02004a,Solvent,SOLVENT,SMILES,C1COCCO1
ord-3648f11ef3b2438f8cb66069ce02004a,amine,REACTANT,SMILES,CC(C)(C)OC(=O)N[C@@H]1CCC[C@@H](C1)C(=O)N
ord-3648f11ef3b2438f8cb66069ce02004a,aryl halide,REACTANT,SMILES,CC1(CC2=NC=C(N2C1)C3=CC(=NC=C3F)Cl)C
ord-3648f11ef3b2438f8cb66069ce02004a,metal and ligand,CATALYST,SMILES,CC1(C2=C(C(=CC=C2)P(C3=CC=CC=C3)C4=CC=CC=C4)OC5=C1C=CC=C5P(C6=CC=CC=C6)C7=CC=CC=C7)C
ord-3648f11ef3b2438f8cb66069ce02004a,metal and ligand,CATALYST,SMILES,C1=CC=C(C=C1)P(C2=CC=CC=C2)C3=CC=CC=C3.C1=CC=C(C=C1)P(C2=CC=CC=C2)C3=CC=CC=C3.C1=CC=C(C=C1)P(C2=CC=CC=C2)C3=CC=CC=C3.C1=CC=C(C=C1)P(C2=CC=CC=C2)C3=CC=CC=C3.[Pd]
ord-3648f11ef3b2438f8cb66069ce02004a,metal and ligand,CATALYST,SMILES,CC1(C2=C(C(=CC=C2)P(C3=CC=CC=C3)C4=CC=CC=C4)OC5=C1C=CC=C5P(C6=CC=CC=C6)C7=CC=CC=C7)C
ord-3648f11ef3b2438f8cb66069ce02004a,metal and ligand,CATALYST,SMILES,C1=CC=C(C=C1)P(C2=CC=CC=C2)C3=CC=CC=C3.C1=CC=C(C=C1)P(C2=CC=CC=C2)C3=CC=CC=C3.C1=CC=C(C=C1)P(C2=CC=CC=C2)C3=CC=CC=C3.C1=CC=C(C=C1)P(C2=CC=CC=C2)C3=CC=CC=C3.[Pd]
ord-4d540317a2f04c1c94f4d355d5594da0,Base,REAGENT,SMILES,CC(C)(C)[O-].[Na+]
ord-4d540317a2f04c1c94f4d355d5594da0,Solvent,SOLVENT,SMILES,CC1=CC=CC=C1
ord-4d540317a2f04c1c94f4d355d5594da0,amine,REACTANT,SMILES,CCOC(=O)C1CCNCC1
ord-4d540317a2f04c1c94f4d355d5594da0,aryl halide,REACTANT,SMILES,CC1=CC(=NC=C1Br)Cl
ord-4d540317a2f04c1c94f4d355d5594da0,metal and ligand,CATALYST,SMILES,CC1(C2=C(C(=CC=C2)P(C3=CC=CC=C3)C4=CC=CC=C4)OC5=C1C=CC=C5P(C6=CC=CC=C6)C7=CC=CC=C7)C
ord-4d540317a2f04c1c94f4d355d5594da0,metal and ligand,CATALYST,SMILES,C1=CC=C(C=C1)/C=C/C(=O)/C=C/C2=CC=CC=C2.C1=CC=C(C=C1)/C=C/C(=O)/C=C/C2=CC=CC=C2.C1=CC=C(C=C1)/C=C/C(=O)/C=C/C2=CC=CC=C2.[Pd].[Pd]
ord-4d540317a2f04c1c94f4d355d5594da0,metal and ligand,CATALYST,SMILES,CC1(C2=C(C(=CC=C2)P(C3=CC=CC=C3)C4=CC=CC=C4)OC5=C1C=CC=C5P(C6=CC=CC=C6)C7=CC=CC=C7)C
ord-4d540317a2f04c1c94f4d355d5594da0,metal and ligand,CATALYST,SMILES,C1=CC=C(C=C1)/C=C/C(=O)/C=C/C2=CC=CC=C2.C1=CC=C(C=C1)/C=C/C(=O)/C=C/C2=CC=CC=C2.C1=CC=C(C=C1)/C=C/C(=O)/C=C/C2=CC=CC=C2.[Pd].[Pd]
ord-e4f50ecc5cb146dc9c3dbbd5fbb158a0,Base,REAGENT,SMILES,CC(C)(C)[O-].[Na+]
ord-e4f50ecc5cb146dc9c3dbbd5fbb158a0,Solvent,SOLVENT,SMILES,CC1=CC=CC=C1
ord-e4f50ecc5cb146dc9c3dbbd5fbb158a0,amine,REACTANT,SMILES,CCOC(=O)C1CCNCC1
ord-e4f50ecc5cb146dc9c3dbbd5fbb158a0,aryl halide,REACTANT,SMILES,CC1=CC(=NC=C1Br)Cl
ord-e4f50ecc5cb146dc9c3dbbd5fbb158a0,metal and ligand,CATALYST,SMILES,CC(C)OC1=C(C(=CC=C1)OC(C)C)C2=CC=CC=C2P(C3CCCCC3)C4CCCCC4
ord-e4f50ecc5cb146dc9c3dbbd5fbb158a0,metal and ligand,CATALYST,SMILES,CC(=O)O.CC(=O)O.[Pd]
ord-e4f50ecc5cb146dc9c3dbbd5fbb158a0,metal and ligand,CATALYST,SMILES,CC(C)OC1=C(C(=CC=C1)OC(C)C)C2=CC=CC=C2P(C3CCCCC3)C4CCCCC4
ord-e4f50ecc5cb146dc9c3dbbd5fbb158a0,metal and ligand,CATALYST,SMILES,CC(=O)O.CC(=O)O.[Pd]
ord-a239c4c440984f189e32398ca38ff650,Base,REAGENT,SMILES,CC(C)(C)[O-].[Na+]
ord-a239c4c440984f189e32398ca38ff650,Solvent,SOLVENT,SMILES,CC(=O)N(C)C
ord-a239c4c440984f189e32398ca38ff650,amine,REACTANT,SMILES,COC1=CC=CC=C1CN
ord-a239c4c440984f189e32398ca38ff650,aryl halide,REACTANT,SMILES,C1=CC=C(C=C1)NC2=NC=CC(=C2)Cl
ord-a239c4c440984f189e32398ca38ff650,metal and ligand,CATALYST,SMILES,CC(C1CCCC1P(C2CCCCC2)C3CCCCC3)P(C(C)(C)C)C(C)(C)C.C1CCCC1.[Fe]
ord-a239c4c440984f189e32398ca38ff650,metal and ligand,CATALYST,SMILES,CC(=O)O.CC(=O)O.[Pd]
ord-a239c4c440984f189e32398ca38ff650,metal and ligand,CATALYST,SMILES,CC(C1CCCC1P(C2CCCCC2)C3CCCCC3)P(C(C)(C)C)C(C)(C)C.C1CCCC1.[Fe]
ord-a239c4c440984f189e32398ca38ff650,metal and ligand,CATALYST,SMILES,CC(=O)O.CC(=O)O.[Pd]
ord-c4c7e21fb7f64c3192ea9f0c19be9329,Base,REAGENT,SMILES,CC(C)(C)[O-].[Na+]
ord-c4c7e21fb7f64c3192ea9f0c19be9329,Solvent,SOLVENT,SMILES,CC(=O)N(C)C
ord-c4c7e21fb7f64c3192ea9f0c19be9329,amine,REACTANT,SMILES,COC1=CC=CC=C1CN
ord-c4c7e21fb7f64c3192ea9f0c19be9329,aryl halide,REACTANT,SMILES,C1=CC=C(C=C1)NC2=NC=CC(=C2)Cl
ord-c4c7e21fb7f64c3192ea9f0c19be9329,metal and ligand,CATALYST,SMILES,CC(C1CCCC1P(C2CCCCC2)C3CCCCC3)P(C(C)(C)C)C(C)(C)C.C1CCCC1.[Fe]
ord-c4c7e21fb7f64c3192ea9f0c19be9329,metal and ligand,CATALYST,SMILES,CC(=O)O.CC(=O)O.[Pd]
ord-c4c7e21fb7f64c3192ea9f0c19be9329,metal and ligand,CATALYST,SMILES,CC(C1CCCC1P(C2CCCCC2)C3CCCCC3)P(C(C)(C)C)C(C)(C)C.C1CCCC1.[Fe]
ord-c4c7e21fb7f64c3192ea9f0c19be9329,metal and ligand,CATALYST,SMILES,CC(=O)O.CC(=O)O.[Pd]
ord-1c5be4d17d4d4231816c56243b381f3c,Base,REAGENT,SMILES,CC(C)(C)[O-].[Na+]
ord-1c5be4d17d4d4231816c56243b381f3c,Solvent,SOLVENT,SMILES,CC(=O)N(C)C
ord-1c5be4d17d4d4231816c56243b381f3c,amine,REACTANT,SMILES,C1=CC=C(C=C1)CN
ord-1c5be4d17d4d4231816c56243b381f3c,aryl halide,REACTANT,SMILES,COC1=CC=C(C=C1)NC2=NC=CC(=C2)Cl
ord-1c5be4d17d4d4231816c56243b381f3c,metal and ligand,CATALYST,SMILES,CC(C1CCCC1P(C2CCCCC2)C3CCCCC3)P(C(C)(C)C)C(C)(C)C.C1CCCC1.[Fe]
ord-1c5be4d17d4d4231816c56243b381f3c,metal and ligand,CATALYST,SMILES,CC(=O)O.CC(=O)O.[Pd]
ord-1c5be4d17d4d4231816c56243b381f3c,metal and ligand,CATALYST,SMILES,CC(C1CCCC1P(C2CCCCC2)C3CCCCC3)P(C(C)(C)C)C(C)(C)C.C1CCCC1.[Fe]
ord-1c5be4d17d4d4231816c56243b381f3c,metal and ligand,CATALYST,SMILES,CC(=O)O.CC(=O)O.[Pd]
ord-e7d99d2977b74881941c52721ae6fed1,Base,REAGENT,SMILES,C(=O)([O-])[O-].[K+].[K+]
ord-e7d99d2977b74881941c52721ae6fed1,Solvent,SOLVENT,SMILES,C1COCCO1
ord-e7d99d2977b74881941c52721ae6fed1,amine,REACTANT,SMILES,CC1=C(C2=C(N1C)C=CC(=C2)N)Cl
ord-e7d99d2977b74881941c52721ae6fed1,aryl halide,REACTANT,SMILES,CC1=NN(C=C1C=O)C2=NC(=NC=C2)Cl
ord-e7d99d2977b74881941c52721ae6fed1,metal and ligand,CATALYST,SMILES,CC(C)C1=CC(=C(C(=C1)C(C)C)C2=CC=CC=C2P(C3CCCCC3)C4CCCCC4)C(C)C
ord-e7d99d2977b74881941c52721ae6fed1,metal and ligand,CATALYST,SMILES,CC(=O)O.CC(=O)O.[Pd]
ord-e7d99d2977b74881941c52721ae6fed1,metal and ligand,CATALYST,SMILES,CC(C)C1=CC(=C(C(=C1)C(C)C)C2=CC=CC=C2P(C3CCCCC3)C4CCCCC4)C(C)C
ord-e7d99d2977b74881941c52721ae6fed1,metal and ligand,CATALYST,SMILES,CC(=O)O.CC(=O)O.[Pd]
ord-d1c1c91e4e404216818f2894a49b5c96,Base,REAGENT,SMILES,C(=O)([O-])[O-].[Cs+].[Cs+]
ord-d1c1c91e4e404216818f2894a49b5c96,Solvent,SOLVENT,SMILES,CC1=CC=CC=C1
ord-d1c1c91e4e404216818f2894a49b5c96,amine,REACTANT,SMILES,C1=C2C(=CC(=C1F)F)NC(=O)C=C2Cl
ord-d1c1c91e4e404216818f2894a49b5c96,aryl halide,REACTANT,SMILES,C[C@H]1C[C@@H](CCN1C(=O)C2=C(N(N=C2)C)Cl)N.C(=O)(C(F)(F)F)O
ord-d1c1c91e4e404216818f2894a49b5c96,metal and ligand,CATALYST,SMILES,C1=CC=C(C=C1)P(C2=CC=CC=C2)C3=C(C4=CC=CC=C4C=C3)C5=C(C=CC6=CC=CC=C65)P(C7=CC=CC=C7)C8=CC=CC=C8
ord-d1c1c91e4e404216818f2894a49b5c96,metal and ligand,CATALYST,SMILES,CC(=O)O.CC(=O)O.[Pd]
ord-d1c1c91e4e404216818f2894a49b5c96,metal and ligand,CATALYST,SMILES,C1=CC=C(C=C1)P(C2=CC=CC=C2)C3=C(C4=CC=CC=C4C=C3)C5=C(C=CC6=CC=CC=C65)P(C7=CC=CC=C7)C8=CC=CC=C8
ord-d1c1c91e4e404216818f2894a49b5c96,metal and ligand,CATALYST,SMILES,CC(=O)O.CC(=O)O.[Pd]
ord-eddc21aec4f145cea425a3b68c05d6df,Base,REAGENT,SMILES,C(=O)([O-])[O-].[Cs+].[Cs+]
ord-eddc21aec4f145cea425a3b68c05d6df,Solvent,SOLVENT,SMILES,CC1=CC=CC=C1
ord-eddc21aec4f145cea425a3b68c05d6df,amine,REACTANT,SMILES,C1=C2C(=CC(=C1F)F)NC(=O)C=C2Cl
ord-eddc21aec4f145cea425a3b68c05d6df,aryl halide,REACTANT,SMILES,C[C@H]1C[C@@H](CCN1C(=O)C2=C(N(N=C2)C)Cl)N.C(=O)(C(F)(F)F)O
ord-eddc21aec4f145cea425a3b68c05d6df,metal and ligand,CATALYST,SMILES,C1=CC=C(C=C1)P(C2=CC=CC=C2)C3=C(C4=CC=CC=C4C=C3)C5=C(C=CC6=CC=CC=C65)P(C7=CC=CC=C7)C8=CC=CC=C8
ord-eddc21aec4f145cea425a3b68c05d6df,metal and ligand,CATALYST,SMILES,CC(=O)O.CC(=O)O.[Pd]
ord-eddc21aec4f145cea425a3b68c05d6df,metal and ligand,CATALYST,SMILES,C1=CC=C(C=C1)P(C2=CC=CC=C2)C3=C(C4=CC=CC=C4C=C3)C5=C(C=CC6=CC=CC=C65)P(C7=CC=CC=C7)C8=CC=CC=C8
ord-eddc21aec4f145cea425a3b68c05d6df,metal and ligand,CATALYST,SMILES,CC(=O)O.CC(=O)O.[Pd]
ord-380656799acb406cac72f27fec617ff6,Base,REAGENT,SMILES,CC(C)(C)[O-].[Na+]
ord-380656799acb406cac72f27fec617ff6,Solvent,SOLVENT,SMILES,CC(=O)N(C)C
ord-380656799acb406cac72f27fec617ff6,amine,REACTANT,SMILES,C1=CC(=CC=C1CN)F
ord-380656799acb406cac72f27fec617ff6,aryl halide,REACTANT,SMILES,C1=CC=C(C=C1)NC2=NC=CC(=C2)Cl
ord-380656799acb406cac72f27fec617ff6,metal and ligand,CATALYST,SMILES,CC(C1CCCC1P(C2CCCCC2)C3CCCCC3)P(C(C)(C)C)C(C)(C)C.C1CCCC1.[Fe]
ord-380656799acb406cac72f27fec617ff6,metal and ligand,CATALYST,SMILES,CC(=O)O.CC(=O)O.[Pd]
ord-380656799acb406cac72f27fec617ff6,metal and ligand,CATALYST,SMILES,CC(C1CCCC1P(C2CCCCC2)C3CCCCC3)P(C(C)(C)C)C(C)(C)C.C1CCCC1.[Fe]
ord-380656799acb406cac72f27fec617ff6,metal and ligand,CATALYST,SMILES,CC(=O)O.CC(=O)O.[Pd]
ord-c4dfba23f3204e1a90cbbf5ad1b6ca0b,Base,REAGENT,SMILES,CC(C)(C)[O-].[Na+]
ord-c4dfba23f3204e1a90cbbf5ad1b6ca0b,Solvent,SOLVENT,SMILES,CC1=CC=CC=C1
ord-c4dfba23f3204e1a90cbbf5ad1b6ca0b,amine,REACTANT,SMILES,C1COCCC1CN
ord-c4dfba23f3204e1a90cbbf5ad1b6ca0b,aryl halide,REACTANT,SMILES,COC1=CC=C(C=C1)Br
ord-c4dfba23f3204e1a90cbbf5ad1b6ca0b,metal and ligand,CATALYST,SMILES,CC1(C2=C(C(=CC=C2)P(C3=CC=CC=C3)C4=CC=CC=C4)OC5=C1C=CC=C5P(C6=CC=CC=C6)C7=CC=CC=C7)C
ord-c4dfba23f3204e1a90cbbf5ad1b6ca0b,metal and ligand,CATALYST,SMILES,CC(=O)O.CC(=O)O.[Pd]
ord-c4dfba23f3204e1a90cbbf5ad1b6ca0b,metal and ligand,CATALYST,SMILES,CC1(C2=C(C(=CC=C2)P(C3=CC=CC=C3)C4=CC=CC=C4)OC5=C1C=CC=C5P(C6=CC=CC=C6)C7=CC=CC=C7)C
ord-c4dfba23f3204e1a90cbbf5ad1b6ca0b,metal and ligand,CATALYST,SMILES,CC(=O)O.CC(=O)O.[Pd]
ord-6ec08990002f44da89217320c1b9e8f7,Base,REAGENT,SMILES,CC(C)(C)[O-].[Na+]
ord-6ec08990002f44da89217320c1b9e8f7,Solvent,SOLVENT,SMILES,CC(=O)N(C)C
ord-6ec08990002f44da89217320c1b9e8f7,amine,REACTANT,SMILES,C1=CC=C(C=C1)CN
ord-6ec08990002f44da89217320c1b9e8f7,aryl halide,REACTANT,SMILES,C1=CC=C(C=C1)NC2=NC=CC(=C2)Cl
ord-6ec08990002f44da89217320c1b9e8f7,metal and ligand,CATALYST,SMILES,CC(C)OC1=C(C(=CC=C1)OC(C)C)C2=CC=CC=C2P(C3CCCCC3)C4CCCCC4
ord-6ec08990002f44da89217320c1b9e8f7,metal and ligand,CATALYST,SMILES,CC(=O)O.CC(=O)O.[Pd]
ord-6ec08990002f44da89217320c1b9e8f7,metal and ligand,CATALYST,SMILES,CC(C)OC1=C(C(=CC=C1)OC(C)C)C2=CC=CC=C2P(C3CCCCC3)C4CCCCC4
ord-6ec08990002f44da89217320c1b9e8f7,metal and ligand,CATALYST,SMILES,CC(=O)O.CC(=O)O.[Pd]
ord-34a984f4da874bc6bcf03a1eda073eec,Base,REAGENT,SMILES,CC(C)(C)[O-].[Na+]
ord-34a984f4da874bc6bcf03a1eda073eec,Solvent,SOLVENT,SMILES,CC(=O)N(C)C
ord-34a984f4da874bc6bcf03a1eda073eec,amine,REACTANT,SMILES,C1=CC=C(C=C1)CN
ord-34a984f4da874bc6bcf03a1eda073eec,aryl halide,REACTANT,SMILES,C1=CC=C(C=C1)NC2=NC=CC(=C2)Cl
ord-34a984f4da874bc6bcf03a1eda073eec,metal and ligand,CATALYST,SMILES,CC(C)C1=CC(=C(C(=C1)C(C)C)C2=C(C=CC(=C2P(C3CCCCC3)C4CCCCC4)OC)OC)C(C)C
ord-34a984f4da874bc6bcf03a1eda073eec,metal and ligand,CATALYST,SMILES,CC(=O)O.CC(=O)O.[Pd]
ord-34a984f4da874bc6bcf03a1eda073eec,metal and ligand,CATALYST,SMILES,CC(C)C1=CC(=C(C(=C1)C(C)C)C2=C(C=CC(=C2P(C3CCCCC3)C4CCCCC4)OC)OC)C(C)C
ord-34a984f4da874bc6bcf03a1eda073eec,metal and ligand,CATALYST,SMILES,CC(=O)O.CC(=O)O.[Pd]
ord-ca21e23d9a8e4bdaa490a5abf62f7063,Base,REAGENT,SMILES,CC(C)(C)[O-].[Na+]
ord-ca21e23d9a8e4bdaa490a5abf62f7063,Solvent,SOLVENT,SMILES,CC(=O)N(C)C
ord-ca21e23d9a8e4bdaa490a5abf62f7063,amine,REACTANT,SMILES,C1=CC=C(C=C1)CN
ord-ca21e23d9a8e4bdaa490a5abf62f7063,aryl halide,REACTANT,SMILES,C1=CC=C(C=C1)NC2=NC=CC(=C2)Cl
ord-ca21e23d9a8e4bdaa490a5abf62f7063,metal and ligand,CATALYST,SMILES,CC(C1CCCC1P(C2CCCCC2)C3CCCCC3)P(C(C)(C)C)C(C)(C)C.C1CCCC1.[Fe]
ord-ca21e23d9a8e4bdaa490a5abf62f7063,metal and ligand,CATALYST,SMILES,CC(=O)O.CC(=O)O.[Pd]
ord-ca21e23d9a8e4bdaa490a5abf62f7063,metal and ligand,CATALYST,SMILES,CC(C1CCCC1P(C2CCCCC2)C3CCCCC3)P(C(C)(C)C)C(C)(C)C.C1CCCC1.[Fe]
ord-ca21e23d9a8e4bdaa490a5abf62f7063,metal and ligand,CATALYST,SMILES,CC(=O)O.CC(=O)O.[Pd]
ord-9f517fc394904161a1e1cc39959a4dbc,Base,REAGENT,SMILES,CC(C)(C)[O-].[Na+]
ord-9f517fc394904161a1e1cc39959a4dbc,Solvent,SOLVENT,SMILES,CC(=O)N(C)C
ord-9f517fc394904161a1e1cc39959a4dbc,amine,REACTANT,SMILES,C1=CC=C(C=C1)CN
ord-9f517fc394904161a1e1cc39959a4dbc,aryl halide,REACTANT,SMILES,C1=CC=C(C=C1)NC2=NC=CC(=C2)Cl
ord-9f517fc394904161a1e1cc39959a4dbc,metal and ligand,CATALYST,SMILES,CC(C1CCCC1P(C2CCCCC2)C3CCCCC3)P(C(C)(C)C)C(C)(C)C.C1CCCC1.[Fe]
ord-9f517fc394904161a1e1cc39959a4dbc,metal and ligand,CATALYST,SMILES,CC(=O)O.CC(=O)O.[Pd]
ord-9f517fc394904161a1e1cc39959a4dbc,metal and ligand,CATALYST,SMILES,CC(C1CCCC1P(C2CCCCC2)C3CCCCC3)P(C(C)(C)C)C(C)(C)C.C1CCCC1.[Fe]
ord-9f517fc394904161a1e1cc39959a4dbc,metal and ligand,CATALYST,SMILES,CC(=O)O.CC(=O)O.[Pd]
ord-e3d2333fa0e548d69e486a455cc155f4,Base,REAGENT,SMILES,CC(C)(C)[O-].[Na+]
ord-e3d2333fa0e548d69e486a455cc155f4,Solvent,SOLVENT,SMILES,CC(=O)N(C)C
ord-e3d2333fa0e548d69e486a455cc155f4,amine,REACTANT,SMILES,C1=CC=C(C=C1)CN
ord-e3d2333fa0e548d69e486a455cc155f4,aryl halide,REACTANT,SMILES,C1=CC=C(C=C1)NC2=NC=CC(=C2)Cl
ord-e3d2333fa0e548d69e486a455cc155f4,metal and ligand,CATALYST,SMILES,CC(C)C1=CC(=C(C(=C1)C(C)C)C2=C(C=CC(=C2P(C3CCCCC3)C4CCCCC4)OC)OC)C(C)C
ord-e3d2333fa0e548d69e486a455cc155f4,metal and ligand,CATALYST,SMILES,CC(=O)O.CC(=O)O.[Pd]
ord-e3d2333fa0e548d69e486a455cc155f4,metal and ligand,CATALYST,SMILES,CC(C)C1=CC(=C(C(=C1)C(C)C)C2=C(C=CC(=C2P(C3CCCCC3)C4CCCCC4)OC)OC)C(C)C
ord-e3d2333fa0e548d69e486a455cc155f4,metal and ligand,CATALYST,SMILES,CC(=O)O.CC(=O)O.[Pd]
ord-5536c4f8409a4be1989b2939dc8c1cbe,Base,REAGENT,SMILES,CC(C)(C)[O-].[Na+]
ord-5536c4f8409a4be1989b2939dc8c1cbe,Solvent,SOLVENT,SMILES,CC(=O)N(C)C
ord-5536c4f8409a4be1989b2939dc8c1cbe,amine,REACTANT,SMILES,C1=CC=C(C=C1)CN
ord-5536c4f8409a4be1989b2939dc8c1cbe,aryl halide,REACTANT,SMILES,C1=CC=C(C=C1)NC2=NC=CC(=C2)Cl
ord-5536c4f8409a4be1989b2939dc8c1cbe,metal and ligand,CATALYST,SMILES,CC(C)C1=CC(=C(C(=C1)C(C)C)C2=C(C=CC(=C2P(C3CCCCC3)C4CCCCC4)OC)OC)C(C)C
ord-5536c4f8409a4be1989b2939dc8c1cbe,metal and ligand,CATALYST,SMILES,CC(=O)O.CC(=O)O.[Pd]
ord-5536c4f8409a4be1989b2939dc8c1cbe,metal and ligand,CATALYST,SMILES,CC(C)C1=CC(=C(C(=C1)C(C)C)C2=C(C=CC(=C2P(C3CCCCC3)C4CCCCC4)OC)OC)C(C)C
ord-5536c4f8409a4be1989b2939dc8c1cbe,metal and ligand,CATALYST,SMILES,CC(=O)O.CC(=O)O.[Pd]
ord-a3160d640f594550bd2649e07be8658f,Base,REAGENT,SMILES,CC(C)(C)[O-].[Na+]
ord-a3160d640f594550bd2649e07be8658f,Solvent,SOLVENT,SMILES,CC(=O)N(C)C
ord-a3160d640f594550bd2649e07be8658f,amine,REACTANT,SMILES,C1=CC=C(C=C1)CN
ord-a3160d640f594550bd2649e07be8658f,aryl halide,REACTANT,SMILES,C1=CC=C(C=C1)NC2=NC=CC(=C2)Cl
ord-a3160d640f594550bd2649e07be8658f,metal and ligand,CATALYST,SMILES,CC(C)OC1=C(C(=CC=C1)OC(C)C)C2=CC=CC=C2P(C3CCCCC3)C4CCCCC4
ord-a3160d640f594550bd2649e07be8658f,metal and ligand,CATALYST,SMILES,CC(=O)O.CC(=O)O.[Pd]
ord-a3160d640f594550bd2649e07be8658f,metal and ligand,CATALYST,SMILES,CC(C)OC1=C(C(=CC=C1)OC(C)C)C2=CC=CC=C2P(C3CCCCC3)C4CCCCC4
ord-a3160d640f594550bd2649e07be8658f,metal and ligand,CATALYST,SMILES,CC(=O)O.CC(=O)O.[Pd]
ord-101cdc30e8364adba8cbaa6b2be6e3e8,Base,REAGENT,SMILES,CC(C)(C)[O-].[Na+]
ord-101cdc30e8364adba8cbaa6b2be6e3e8,Solvent,SOLVENT,SMILES,CC(=O)N(C)C
ord-101cdc30e8364adba8cbaa6b2be6e3e8,amine,REACTANT,SMILES,C1=CC=C(C=C1)CN
ord-101cdc30e8364adba8cbaa6b2be6e3e8,aryl halide,REACTANT,SMILES,C1=CC=C(C=C1)NC2=NC=CC(=C2)Cl
ord-101cdc30e8364adba8cbaa6b2be6e3e8,metal and ligand,CATALYST,SMILES,CC(C1CCCC1P(C2CCCCC2)C3CCCCC3)P(C(C)(C)C)C(C)(C)C.C1CCCC1.[Fe]
ord-101cdc30e8364adba8cbaa6b2be6e3e8,metal and ligand,CATALYST,SMILES,CC(=O)O.CC(=O)O.[Pd]
ord-101cdc30e8364adba8cbaa6b2be6e3e8,metal and ligand,CATALYST,SMILES,CC(C1CCCC1P(C2CCCCC2)C3CCCCC3)P(C(C)(C)C)C(C)(C)C.C1CCCC1.[Fe]
ord-101cdc30e8364adba8cbaa6b2be6e3e8,metal and ligand,CATALYST,SMILES,CC(=O)O.CC(=O)O.[Pd]
ord-edb6c9cf54a940259581c192883091b5,Base,REAGENT,SMILES,CC(C)(C)[O-].[Na+]
ord-edb6c9cf54a940259581c192883091b5,Solvent,SOLVENT,SMILES,CC(=O)N(C)C
ord-edb6c9cf54a940259581c192883091b5,amine,REACTANT,SMILES,C1=CC=C(C=C1)CN
ord-edb6c9cf54a940259581c192883091b5,aryl halide,REACTANT,SMILES,C1=CC=C(C=C1)NC2=NC=CC(=C2)Cl
ord-edb6c9cf54a940259581c192883091b5,metal and ligand,CATALYST,SMILES,CC(C1CCCC1P(C2CCCCC2)C3CCCCC3)P(C(C)(C)C)C(C)(C)C.C1CCCC1.[Fe]
ord-edb6c9cf54a940259581c192883091b5,metal and ligand,CATALYST,SMILES,CC(=O)O.CC(=O)O.[Pd]
ord-edb6c9cf54a940259581c192883091b5,metal and ligand,CATALYST,SMILES,CC(C1CCCC1P(C2CCCCC2)C3CCCCC3)P(C(C)(C)C)C(C)(C)C.C1CCCC1.[Fe]
ord-edb6c9cf54a940259581c192883091b5,metal and ligand,CATALYST,SMILES,CC(=O)O.CC(=O)O.[Pd]
ord-e2437538f4f34f1fbc2e869de8f1a2bb,Base,REAGENT,SMILES,CC(C)(C)[O-].[Na+]
ord-e2437538f4f34f1fbc2e869de8f1a2bb,Solvent,SOLVENT,SMILES,CC(=O)N(C)C
ord-e2437538f4f34f1fbc2e869de8f1a2bb,amine,REACTANT,SMILES,C1=CC=C(C=C1)CN
ord-e2437538f4f34f1fbc2e869de8f1a2bb,aryl halide,REACTANT,SMILES,C1=CC=C(C=C1)NC2=NC=CC(=C2)Cl
ord-e2437538f4f34f1fbc2e869de8f1a2bb,metal and ligand,CATALYST,SMILES,CC(C1CCCC1P(C2CCCCC2)C3CCCCC3)P(C(C)(C)C)C(C)(C)C.C1CCCC1.[Fe]
ord-e2437538f4f34f1fbc2e869de8f1a2bb,metal and ligand,CATALYST,SMILES,CC(=O)O.CC(=O)O.[Pd]
ord-e2437538f4f34f1fbc2e869de8f1a2bb,metal and ligand,CATALYST,SMILES,CC(C1CCCC1P(C2CCCCC2)C3CCCCC3)P(C(C)(C)C)C(C)(C)C.C1CCCC1.[Fe]
ord-e2437538f4f34f1fbc2e869de8f1a2bb,metal and ligand,CATALYST,SMILES,CC(=O)O.CC(=O)O.[Pd]
ord-7f46e7191dbd43e493e0ec8cf7b58457,Base,REAGENT,SMILES,CC(C)(C)[O-].[Na+]
ord-7f46e7191dbd43e493e0ec8cf7b58457,Solvent,SOLVENT,SMILES,CC(=O)N(C)C
ord-7f46e7191dbd43e493e0ec8cf7b58457,amine,REACTANT,SMILES,C1=CC=C(C=C1)CN
ord-7f46e7191dbd43e493e0ec8cf7b58457,aryl halide,REACTANT,SMILES,C1=CC=C(C=C1)NC2=NC=CC(=C2)Cl
ord-7f46e7191dbd43e493e0ec8cf7b58457,metal and ligand,CATALYST,SMILES,CC(C1CCCC1P(C2CCCCC2)C3CCCCC3)P(C(C)(C)C)C(C)(C)C.C1CCCC1.[Fe]
ord-7f46e7191dbd43e493e0ec8cf7b58457,metal and ligand,CATALYST,SMILES,CC(=O)O.CC(=O)O.[Pd]
ord-7f46e7191dbd43e493e0ec8cf7b58457,metal and ligand,CATALYST,SMILES,CC(C1CCCC1P(C2CCCCC2)C3CCCCC3)P(C(C)(C)C)C(C)(C)C.C1CCCC1.[Fe]
ord-7f46e7191dbd43e493e0ec8cf7b58457,metal and ligand,CATALYST,SMILES,CC(=O)O.CC(=O)O.[Pd]
ord-fa6dd91ea9f54dd39e4d31da62d4aa71,Base,REAGENT,SMILES,CC(C)(C)[O-].[Na+]
ord-fa6dd91ea9f54dd39e4d31da62d4aa71,Solvent,SOLVENT,SMILES,CC(=O)N(C)C
ord-fa6dd91ea9f54dd39e4d31da62d4aa71,amine,REACTANT,SMILES,C1=CC=C(C=C1)CN
ord-fa6dd91ea9f54dd39e4d31da62d4aa71,aryl halide,REACTANT,SMILES,C1=CC=C(C=C1)NC2=NC=CC(=C2)Cl
ord-fa6dd91ea9f54dd39e4d31da62d4aa71,metal and ligand,CATALYST,SMILES,CC(C1CCCC1P(C2CCCCC2)C3CCCCC3)P(C(C)(C)C)C(C)(C)C.C1CCCC1.[Fe]
ord-fa6dd91ea9f54dd39e4d31da62d4aa71,metal and ligand,CATALYST,SMILES,CC(=O)O.CC(=O)O.[Pd]
ord-fa6dd91ea9f54dd39e4d31da62d4aa71,metal and ligand,CATALYST,SMILES,CC(C1CCCC1P(C2CCCCC2)C3CCCCC3)P(C(C)(C)C)C(C)(C)C.C1CCCC1.[Fe]
ord-fa6dd91ea9f54dd39e4d31da62d4aa71,metal and ligand,CATALYST,SMILES,CC(=O)O.CC(=O)O.[Pd]
ord-63156f7134e84c509ea49c365b3cf954,Base,REAGENT,SMILES,CC(C)(C)[O-].[Na+]
ord-63156f7134e84c509ea49c365b3cf954,Solvent,SOLVENT,SMILES,CC(=O)N(C)C
ord-63156f7134e84c509ea49c365b3cf954,amine,REACTANT,SMILES,C1=CC=C(C=C1)CN
ord-63156f7134e84c509ea49c365b3cf954,aryl halide,REACTANT,SMILES,C1=CC=C(C=C1)NC2=NC=CC(=C2)Cl
ord-63156f7134e84c509ea49c365b3cf954,metal and ligand,CATALYST,SMILES,CC(C1CCCC1P(C2CCCCC2)C3CCCCC3)P(C(C)(C)C)C(C)(C)C.C1CCCC1.[Fe]
ord-63156f7134e84c509ea49c365b3cf954,metal and ligand,CATALYST,SMILES,CC(=O)O.CC(=O)O.[Pd]
ord-63156f7134e84c509ea49c365b3cf954,metal and ligand,CATALYST,SMILES,CC(C1CCCC1P(C2CCCCC2)C3CCCCC3)P(C(C)(C)C)C(C)(C)C.C1CCCC1.[Fe]
ord-63156f7134e84c509ea49c365b3cf954,metal and ligand,CATALYST,SMILES,CC(=O)O.CC(=O)O.[Pd]
ord-0c726797efaf4f12802e1de309e7f336,Base,REAGENT,SMILES,CC(C)(C)[O-].[Na+]
ord-0c726797efaf4f12802e1de309e7f336,Solvent,SOLVENT,SMILES,CC1=CC=CC=C1
ord-0c726797efaf4f12802e1de309e7f336,amine,REACTANT,SMILES,CC(C)(C)OC(=O)N1C[C@@H]2C[C@H]1CN2
ord-0c726797efaf4f12802e1de309e7f336,aryl halide,REACTANT,SMILES,COC1=CC=CC=C1Br
ord-0c726797efaf4f12802e1de309e7f336,metal and ligand,CATALYST,SMILES,C1=CC=C(C=C1)P(C2=CC=CC=C2)C3=C(C4=CC=CC=C4C=C3)C5=C(C=CC6=CC=CC=C65)P(C7=CC=CC=C7)C8=CC=CC=C8
ord-0c726797efaf4f12802e1de309e7f336,metal and ligand,CATALYST,SMILES,C1=CC=C(C=C1)/C=C/C(=O)/C=C/C2=CC=CC=C2.C1=CC=C(C=C1)/C=C/C(=O)/C=C/C2=CC=CC=C2.C1=CC=C(C=C1)/C=C/C(=O)/C=C/C2=CC=CC=C2.[Pd].[Pd]
ord-0c726797efaf4f12802e1de309e7f336,metal and ligand,CATALYST,SMILES,C1=CC=C(C=C1)P(C2=CC=CC=C2)C3=C(C4=CC=CC=C4C=C3)C5=C(C=CC6=CC=CC=C65)P(C7=CC=CC=C7)C8=CC=CC=C8
ord-0c726797efaf4f12802e1de309e7f336,metal and ligand,CATALYST,SMILES,C1=CC=C(C=C1)/C=C/C(=O)/C=C/C2=CC=CC=C2.C1=CC=C(C=C1)/C=C/C(=O)/C=C/C2=CC=CC=C2.C1=CC=C(C=C1)/C=C/C(=O)/C=C/C2=CC=CC=C2.[Pd].[Pd]
ord-398e791076cd44778e3b80090d8d8371,Base,REAGENT,SMILES,CC(C)(C)[O-].[Na+]
ord-398e791076cd44778e3b80090d8d8371,Solvent,SOLVENT,SMILES,CC1=CC=CC=C1
ord-398e791076cd44778e3b80090d8d8371,amine,REACTANT,SMILES,C1CCNCC1
ord-398e791076cd44778e3b80090d8d8371,aryl halide,REACTANT,SMILES,C1=CC(=C(C=C1C(=O)O)Cl)Br
ord-398e791076cd44778e3b80090d8d8371,metal and ligand,CATALYST,SMILES,C1=CC=C(C=C1)P(C2=CC=CC=C2)C3=C(C4=CC=CC=C4C=C3)C5=C(C=CC6=CC=CC=C65)P(C7=CC=CC=C7)C8=CC=CC=C8
ord-398e791076cd44778e3b80090d8d8371,metal and ligand,CATALYST,SMILES,C1=CC=C(C=C1)/C=C/C(=O)/C=C/C2=CC=CC=C2.C1=CC=C(C=C1)/C=C/C(=O)/C=C/C2=CC=CC=C2.C1=CC=C(C=C1)/C=C/C(=O)/C=C/C2=CC=CC=C2.[Pd].[Pd]
ord-398e791076cd44778e3b80090d8d8371,metal and ligand,CATALYST,SMILES,C1=CC=C(C=C1)P(C2=CC=CC=C2)C3=C(C4=CC=CC=C4C=C3)C5=C(C=CC6=CC=CC=C65)P(C7=CC=CC=C7)C8=CC=CC=C8
ord-398e791076cd44778e3b80090d8d8371,metal and ligand,CATALYST,SMILES,C1=CC=C(C=C1)/C=C/C(=O)/C=C/C2=CC=CC=C2.C1=CC=C(C=C1)/C=C/C(=O)/C=C/C2=CC=CC=C2.C1=CC=C(C=C1)/C=C/C(=O)/C=C/C2=CC=CC=C2.[Pd].[Pd]
ord-c0d27ca6d70a4e629ed6ea0a3371d1c9,Base,REAGENT,SMILES,[Li+].C[Si](C)(C)[N-][Si](C)(C)C
ord-c0d27ca6d70a4e629ed6ea0a3371d1c9,Solvent,SOLVENT,SMILES,C1CCOC1
ord-c0d27ca6d70a4e629ed6ea0a3371d1c9,amine,REACTANT,SMILES,C1CCNC1
ord-c0d27ca6d70a4e629ed6ea0a3371d1c9,aryl halide,REACTANT,SMILES,C1=CC2=C(C=C1Br)NN=C2
ord-c0d27ca6d70a4e629ed6ea0a3371d1c9,metal and ligand,CATALYST,SMILES,CC(C)OC1=C(C(=CC=C1)OC(C)C)C2=CC=CC=C2P(C3CCCCC3)C4CCCCC4
ord-c0d27ca6d70a4e629ed6ea0a3371d1c9,metal and ligand,CATALYST,SMILES,CC(C)OC1=C(C(=CC=C1)OC(C)C)C2=CC=CC=C2P(C3CCCCC3)C4CCCCC4.C1=CC=C([C-]=C1)CCN.[Cl-].[Pd+2]
ord-c0d27ca6d70a4e629ed6ea0a3371d1c9,metal and ligand,CATALYST,SMILES,CC(C)OC1=C(C(=CC=C1)OC(C)C)C2=CC=CC=C2P(C3CCCCC3)C4CCCCC4
ord-c0d27ca6d70a4e629ed6ea0a3371d1c9,metal and ligand,CATALYST,SMILES,CC(C)OC1=C(C(=CC=C1)OC(C)C)C2=CC=CC=C2P(C3CCCCC3)C4CCCCC4.C1=CC=C([C-]=C1)CCN.[Cl-].[Pd+2]
ord-775ba0e2a4c14f008f392711cc2a587a,Base,REAGENT,SMILES,CC(C)(C)[O-].[Na+]
ord-775ba0e2a4c14f008f392711cc2a587a,Solvent,SOLVENT,SMILES,CC1=CC=CC=C1
ord-775ba0e2a4c14f008f392711cc2a587a,amine,REACTANT,SMILES,CN1CCNCC1
ord-775ba0e2a4c14f008f392711cc2a587a,aryl halide,REACTANT,SMILES,CN1C(=NC(=N1)Br)Br
ord-775ba0e2a4c14f008f392711cc2a587a,metal and ligand,CATALYST,SMILES,C1=CC=C(C=C1)P(C2=CC=CC=C2)C3=C(C4=CC=CC=C4C=C3)C5=C(C=CC6=CC=CC=C65)P(C7=CC=CC=C7)C8=CC=CC=C8
ord-775ba0e2a4c14f008f392711cc2a587a,metal and ligand,CATALYST,SMILES,C1=CC=C(C=C1)/C=C/C(=O)/C=C/C2=CC=CC=C2.C1=CC=C(C=C1)/C=C/C(=O)/C=C/C2=CC=CC=C2.C1=CC=C(C=C1)/C=C/C(=O)/C=C/C2=CC=CC=C2.[Pd].[Pd]
ord-775ba0e2a4c14f008f392711cc2a587a,metal and ligand,CATALYST,SMILES,C1=CC=C(C=C1)P(C2=CC=CC=C2)C3=C(C4=CC=CC=C4C=C3)C5=C(C=CC6=CC=CC=C65)P(C7=CC=CC=C7)C8=CC=CC=C8
ord-775ba0e2a4c14f008f392711cc2a587a,metal and ligand,CATALYST,SMILES,C1=CC=C(C=C1)/C=C/C(=O)/C=C/C2=CC=CC=C2.C1=CC=C(C=C1)/C=C/C(=O)/C=C/C2=CC=CC=C2.C1=CC=C(C=C1)/C=C/C(=O)/C=C/C2=CC=CC=C2.[Pd].[Pd]
ord-a75ed1ad0e7c4cabb7785476d93cfc86,Base,REAGENT,SMILES,CC(C)(C)[O-].[Na+]
ord-a75ed1ad0e7c4cabb7785476d93cfc86,Solvent,SOLVENT,SMILES,CC1=CC=CC=C1
ord-a75ed1ad0e7c4cabb7785476d93cfc86,amine,REACTANT,SMILES,C1CC(C1)N
ord-a75ed1ad0e7c4cabb7785476d93cfc86,aryl halide,REACTANT,SMILES,C1=CC(=C(N=C1)Br)Cl
ord-a75ed1ad0e7c4cabb7785476d93cfc86,metal and ligand,CATALYST,SMILES,C1=CC=C(C=C1)P(C2=CC=CC=C2)C3=C(C4=CC=CC=C4C=C3)C5=C(C=CC6=CC=CC=C65)P(C7=CC=CC=C7)C8=CC=CC=C8
ord-a75ed1ad0e7c4cabb7785476d93cfc86,metal and ligand,CATALYST,SMILES,C1=CC=C(C=C1)/C=C/C(=O)/C=C/C2=CC=CC=C2.C1=CC=C(C=C1)/C=C/C(=O)/C=C/C2=CC=CC=C2.C1=CC=C(C=C1)/C=C/C(=O)/C=C/C2=CC=CC=C2.[Pd].[Pd]
ord-a75ed1ad0e7c4cabb7785476d93cfc86,metal and ligand,CATALYST,SMILES,C1=CC=C(C=C1)P(C2=CC=CC=C2)C3=C(C4=CC=CC=C4C=C3)C5=C(C=CC6=CC=CC=C65)P(C7=CC=CC=C7)C8=CC=CC=C8
ord-a75ed1ad0e7c4cabb7785476d93cfc86,metal and ligand,CATALYST,SMILES,C1=CC=C(C=C1)/C=C/C(=O)/C=C/C2=CC=CC=C2.C1=CC=C(C=C1)/C=C/C(=O)/C=C/C2=CC=CC=C2.C1=CC=C(C=C1)/C=C/C(=O)/C=C/C2=CC=CC=C2.[Pd].[Pd]
ord-15613520ef9b4d099659a0a3ac545228,Base,REAGENT,SMILES,[Li+].C[Si](C)(C)[N-][Si](C)(C)C
ord-15613520ef9b4d099659a0a3ac545228,Solvent,SOLVENT,SMILES,C1CCOC1
ord-15613520ef9b4d099659a0a3ac545228,amine,REACTANT,SMILES,C1CNCC1O
ord-15613520ef9b4d099659a0a3ac545228,aryl halide,REACTANT,SMILES,C1=CN=CC=C1Br
ord-15613520ef9b4d099659a0a3ac545228,metal and ligand,CATALYST,SMILES,CN(C)C1=CC=CC=C1C2=CC=CC=C2P(C3CCCCC3)C4CCCCC4
ord-15613520ef9b4d099659a0a3ac545228,metal and ligand,CATALYST,SMILES,C1=CC=C(C=C1)/C=C/C(=O)/C=C/C2=CC=CC=C2.C1=CC=C(C=C1)/C=C/C(=O)/C=C/C2=CC=CC=C2.C1=CC=C(C=C1)/C=C/C(=O)/C=C/C2=CC=CC=C2.[Pd].[Pd]
ord-15613520ef9b4d099659a0a3ac545228,metal and ligand,CATALYST,SMILES,CN(C)C1=CC=CC=C1C2=CC=CC=C2P(C3CCCCC3)C4CCCCC4
ord-15613520ef9b4d099659a0a3ac545228,metal and ligand,CATALYST,SMILES,C1=CC=C(C=C1)/C=C/C(=O)/C=C/C2=CC=CC=C2.C1=CC=C(C=C1)/C=C/C(=O)/C=C/C2=CC=CC=C2.C1=CC=C(C=C1)/C=C/C(=O)/C=C/C2=CC=CC=C2.[Pd].[Pd]
ord-ebc6b887cbeb4bbabe382ad2ba715693,Base,REAGENT,SMILES,C(=O)([O-])[O-].[Cs+].[Cs+]
ord-ebc6b887cbeb4bbabe382ad2ba715693,Solvent,SOLVENT,SMILES,CN(C)C=O
ord-ebc6b887cbeb4bbabe382ad2ba715693,amine,REACTANT,SMILES,C1C(CN1)(F)F.Cl
ord-ebc6b887cbeb4bbabe382ad2ba715693,aryl halide,REACTANT,SMILES,COC(=O)CC1=NC=CC(=C1)Br
ord-ebc6b887cbeb4bbabe382ad2ba715693,metal and ligand,CATALYST,SMILES,C1=CC=C(C=C1)P(C2=CC=CC=C2)C3=C(C4=CC=CC=C4C=C3)C5=C(C=CC6=CC=CC=C65)P(C7=CC=CC=C7)C8=CC=CC=C8
ord-ebc6b887cbeb4bbabe382ad2ba715693,metal and ligand,CATALYST,SMILES,CC(=O)O.CC(=O)O.[Pd]
ord-ebc6b887cbeb4bbabe382ad2ba715693,metal and ligand,CATALYST,SMILES,C1=CC=C(C=C1)P(C2=CC=CC=C2)C3=C(C4=CC=CC=C4C=C3)C5=C(C=CC6=CC=CC=C65)P(C7=CC=CC=C7)C8=CC=CC=C8
ord-ebc6b887cbeb4bbabe382ad2ba715693,metal and ligand,CATALYST,SMILES,CC(=O)O.CC(=O)O.[Pd]
ord-c7d1825ed35e4dffbc57a0b9b8fa9354,Base,REAGENT,SMILES,C(=O)([O-])[O-].[Cs+].[Cs+]
ord-c7d1825ed35e4dffbc57a0b9b8fa9354,Solvent,SOLVENT,SMILES,CC1=CC=CC=C1
ord-c7d1825ed35e4dffbc57a0b9b8fa9354,amine,REACTANT,SMILES,CC(C)(C)OC(=O)N1CCNCC1
ord-c7d1825ed35e4dffbc57a0b9b8fa9354,aryl halide,REACTANT,SMILES,CC(=O)C1=CC=C(C=C1)Br
ord-c7d1825ed35e4dffbc57a0b9b8fa9354,metal and ligand,CATALYST,SMILES,C1=CC=C(C=C1)P(C2=CC=CC=C2)C3=C(C4=CC=CC=C4C=C3)C5=C(C=CC6=CC=CC=C65)P(C7=CC=CC=C7)C8=CC=CC=C8
ord-c7d1825ed35e4dffbc57a0b9b8fa9354,metal and ligand,CATALYST,SMILES,CC(=O)O.CC(=O)O.[Pd]
ord-c7d1825ed35e4dffbc57a0b9b8fa9354,metal and ligand,CATALYST,SMILES,C1=CC=C(C=C1)P(C2=CC=CC=C2)C3=C(C4=CC=CC=C4C=C3)C5=C(C=CC6=CC=CC=C65)P(C7=CC=CC=C7)C8=CC=CC=C8
ord-c7d1825ed35e4dffbc57a0b9b8fa9354,metal and ligand,CATALYST,SMILES,CC(=O)O.CC(=O)O.[Pd]
ord-91d62f2c93df477a8b3df11f707f23e4,Base,REAGENT,SMILES,CC(C)(C)[O-].[Na+]
ord-91d62f2c93df477a8b3df11f707f23e4,Solvent,SOLVENT,SMILES,CC1=CC=CC=C1
ord-91d62f2c93df477a8b3df11f707f23e4,amine,REACTANT,SMILES,CC1=CC(=C(C(=C1)C)S(=O)(=O)N[C@H](CN)C(C)C)C
ord-91d62f2c93df477a8b3df11f707f23e4,aryl halide,REACTANT,SMILES,C1=CC2=C(C=NN2C3=CC=C(C=C3)F)C(=C1)Br
ord-91d62f2c93df477a8b3df11f707f23e4,metal and ligand,CATALYST,SMILES,C1=CC=C(C=C1)P(C2=CC=CC=C2)C3=C(C4=CC=CC=C4C=C3)C5=C(C=CC6=CC=CC=C65)P(C7=CC=CC=C7)C8=CC=CC=C8
ord-91d62f2c93df477a8b3df11f707f23e4,metal and ligand,CATALYST,SMILES,C1=CC=C(C=C1)/C=C/C(=O)/C=C/C2=CC=CC=C2.C1=CC=C(C=C1)/C=C/C(=O)/C=C/C2=CC=CC=C2.C1=CC=C(C=C1)/C=C/C(=O)/C=C/C2=CC=CC=C2.[Pd].[Pd]
ord-91d62f2c93df477a8b3df11f707f23e4,metal and ligand,CATALYST,SMILES,C1=CC=C(C=C1)P(C2=CC=CC=C2)C3=C(C4=CC=CC=C4C=C3)C5=C(C=CC6=CC=CC=C65)P(C7=CC=CC=C7)C8=CC=CC=C8
ord-91d62f2c93df477a8b3df11f707f23e4,metal and ligand,CATALYST,SMILES,C1=CC=C(C=C1)/C=C/C(=O)/C=C/C2=CC=CC=C2.C1=CC=C(C=C1)/C=C/C(=O)/C=C/C2=CC=CC=C2.C1=CC=C(C=C1)/C=C/C(=O)/C=C/C2=CC=CC=C2.[Pd].[Pd]
ord-805e4c9d19604f5ca8a6f376906a62c5,Base,REAGENT,SMILES,C(=O)([O-])[O-].[Cs+].[Cs+]
ord-805e4c9d19604f5ca8a6f376906a62c5,Solvent,SOLVENT,SMILES,C1COCCO1
ord-805e4c9d19604f5ca8a6f376906a62c5,amine,REACTANT,SMILES,CN1CCNCC1
ord-805e4c9d19604f5ca8a6f376906a62c5,aryl halide,REACTANT,SMILES,CCOC(=O)C1=C(C2=CC(=C(C=C2N=C1)OC)Br)NC3=C(C=C(C=C3)Cl)Cl
ord-805e4c9d19604f5ca8a6f376906a62c5,metal and ligand,CATALYST,SMILES,C1=CC=C(C=C1)P(C2=CC=CC=C2)C3=C(C4=CC=CC=C4C=C3)C5=C(C=CC6=CC=CC=C65)P(C7=CC=CC=C7)C8=CC=CC=C8
ord-805e4c9d19604f5ca8a6f376906a62c5,metal and ligand,CATALYST,SMILES,C1=CC=C(C=C1)/C=C/C(=O)/C=C/C2=CC=CC=C2.C1=CC=C(C=C1)/C=C/C(=O)/C=C/C2=CC=CC=C2.C1=CC=C(C=C1)/C=C/C(=O)/C=C/C2=CC=CC=C2.[Pd].[Pd]
ord-805e4c9d19604f5ca8a6f376906a62c5,metal and ligand,CATALYST,SMILES,C1=CC=C(C=C1)P(C2=CC=CC=C2)C3=C(C4=CC=CC=C4C=C3)C5=C(C=CC6=CC=CC=C65)P(C7=CC=CC=C7)C8=CC=CC=C8
ord-805e4c9d19604f5ca8a6f376906a62c5,metal and ligand,CATALYST,SMILES,C1=CC=C(C=C1)/C=C/C(=O)/C=C/C2=CC=CC=C2.C1=CC=C(C=C1)/C=C/C(=O)/C=C/C2=CC=CC=C2.C1=CC=C(C=C1)/C=C/C(=O)/C=C/C2=CC=CC=C2.[Pd].[Pd]
ord-2949f6d733cb41eb863993e4ce1f0a88,Base,REAGENT,SMILES,CC(C)(C)[O-].[Na+]
ord-2949f6d733cb41eb863993e4ce1f0a88,Solvent,SOLVENT,SMILES,CC1=CC=CC=C1
ord-2949f6d733cb41eb863993e4ce1f0a88,amine,REACTANT,SMILES,CC(C)(C)OC(=O)N1CCC[C@H](C1)N
ord-2949f6d733cb41eb863993e4ce1f0a88,aryl halide,REACTANT,SMILES,CC1=C(N=CC=C1)Br
ord-2949f6d733cb41eb863993e4ce1f0a88,metal and ligand,CATALYST,SMILES,C1=CC=C(C=C1)P(C2=CC=CC=C2)C3=C(C4=CC=CC=C4C=C3)C5=C(C=CC6=CC=CC=C65)P(C7=CC=CC=C7)C8=CC=CC=C8
ord-2949f6d733cb41eb863993e4ce1f0a88,metal and ligand,CATALYST,SMILES,C1=CC=C(C=C1)/C=C/C(=O)/C=C/C2=CC=CC=C2.C1=CC=C(C=C1)/C=C/C(=O)/C=C/C2=CC=CC=C2.C1=CC=C(C=C1)/C=C/C(=O)/C=C/C2=CC=CC=C2.[Pd].[Pd]
ord-2949f6d733cb41eb863993e4ce1f0a88,metal and ligand,CATALYST,SMILES,C1=CC=C(C=C1)P(C2=CC=CC=C2)C3=C(C4=CC=CC=C4C=C3)C5=C(C=CC6=CC=CC=C65)P(C7=CC=CC=C7)C8=CC=CC=C8
ord-2949f6d733cb41eb863993e4ce1f0a88,metal and ligand,CATALYST,SMILES,C1=CC=C(C=C1)/C=C/C(=O)/C=C/C2=CC=CC=C2.C1=CC=C(C=C1)/C=C/C(=O)/C=C/C2=CC=CC=C2.C1=CC=C(C=C1)/C=C/C(=O)/C=C/C2=CC=CC=C2.[Pd].[Pd]
ord-1fab0d514b4b411abf5f6ef0f4a2b24e,Base,REAGENT,SMILES,CC(C)(C)[O-].[Na+]
ord-1fab0d514b4b411abf5f6ef0f4a2b24e,Solvent,SOLVENT,SMILES,CC1=CC=CC=C1
ord-1fab0d514b4b411abf5f6ef0f4a2b24e,amine,REACTANT,SMILES,CC(C)(C)OC(=O)N1CCC[C@H](C1)N
ord-1fab0d514b4b411abf5f6ef0f4a2b24e,aryl halide,REACTANT,SMILES,CC1=C(N=CC=C1)Br
ord-1fab0d514b4b411abf5f6ef0f4a2b24e,metal and ligand,CATALYST,SMILES,C1=CC=C(C=C1)P(C2=CC=CC=C2)C3=C(C4=CC=CC=C4C=C3)C5=C(C=CC6=CC=CC=C65)P(C7=CC=CC=C7)C8=CC=CC=C8
ord-1fab0d514b4b411abf5f6ef0f4a2b24e,metal and ligand,CATALYST,SMILES,C1=CC=C(C=C1)/C=C/C(=O)/C=C/C2=CC=CC=C2.C1=CC=C(C=C1)/C=C/C(=O)/C=C/C2=CC=CC=C2.C1=CC=C(C=C1)/C=C/C(=O)/C=C/C2=CC=CC=C2.[Pd].[Pd]
ord-1fab0d514b4b411abf5f6ef0f4a2b24e,metal and ligand,CATALYST,SMILES,C1=CC=C(C=C1)P(C2=CC=CC=C2)C3=C(C4=CC=CC=C4C=C3)C5=C(C=CC6=CC=CC=C65)P(C7=CC=CC=C7)C8=CC=CC=C8
ord-1fab0d514b4b411abf5f6ef0f4a2b24e,metal and ligand,CATALYST,SMILES,C1=CC=C(C=C1)/C=C/C(=O)/C=C/C2=CC=CC=C2.C1=CC=C(C=C1)/C=C/C(=O)/C=C/C2=CC=CC=C2.C1=CC=C(C=C1)/C=C/C(=O)/C=C/C2=CC=CC=C2.[Pd].[Pd]
ord-cf1404eae16044b48089126b4e1896af,Base,REAGENT,SMILES,C(=O)([O-])[O-].[Cs+].[Cs+]
ord-cf1404eae16044b48089126b4e1896af,Solvent,SOLVENT,SMILES,C1COCCO1
ord-cf1404eae16044b48089126b4e1896af,amine,REACTANT,SMILES,CN1CCNCC1
ord-cf1404eae16044b48089126b4e1896af,aryl halide,REACTANT,SMILES,CCOC(=O)C1=CN=C2C=CC(=CC2=C1NC3=C(C=C(C=C3)F)F)Br.Cl
ord-cf1404eae16044b48089126b4e1896af,metal and ligand,CATALYST,SMILES,C1=CC=C(C=C1)P(C2=CC=CC=C2)C3=C(C4=CC=CC=C4C=C3)C5=C(C=CC6=CC=CC=C65)P(C7=CC=CC=C7)C8=CC=CC=C8
ord-cf1404eae16044b48089126b4e1896af,metal and ligand,CATALYST,SMILES,C1=CC=C(C=C1)/C=C/C(=O)/C=C/C2=CC=CC=C2.C1=CC=C(C=C1)/C=C/C(=O)/C=C/C2=CC=CC=C2.C1=CC=C(C=C1)/C=C/C(=O)/C=C/C2=CC=CC=C2.[Pd].[Pd]
ord-cf1404eae16044b48089126b4e1896af,metal and ligand,CATALYST,SMILES,C1=CC=C(C=C1)P(C2=CC=CC=C2)C3=C(C4=CC=CC=C4C=C3)C5=C(C=CC6=CC=CC=C65)P(C7=CC=CC=C7)C8=CC=CC=C8
ord-cf1404eae16044b48089126b4e1896af,metal and ligand,CATALYST,SMILES,C1=CC=C(C=C1)/C=C/C(=O)/C=C/C2=CC=CC=C2.C1=CC=C(C=C1)/C=C/C(=O)/C=C/C2=CC=CC=C2.C1=CC=C(C=C1)/C=C/C(=O)/C=C/C2=CC=CC=C2.[Pd].[Pd]
ord-b6527d32ba054a8395bc5ea7808e53a8,Base,REAGENT,SMILES,CC(C)(C)[O-].[Na+]
ord-b6527d32ba054a8395bc5ea7808e53a8,Solvent,SOLVENT,SMILES,CC1=CC=CC=C1
ord-b6527d32ba054a8395bc5ea7808e53a8,amine,REACTANT,SMILES,CC(C)(C)OC(=O)N1CCNCC1
ord-b6527d32ba054a8395bc5ea7808e53a8,aryl halide,REACTANT,SMILES,C1=CC2=C(C(=C1)Br)NC=C2
ord-b6527d32ba054a8395bc5ea7808e53a8,metal and ligand,CATALYST,SMILES,CC(C)OC1=C(C(=CC=C1)OC(C)C)C2=CC=CC=C2P(C3CCCCC3)C4CCCCC4
ord-b6527d32ba054a8395bc5ea7808e53a8,metal and ligand,CATALYST,SMILES,CC(=O)O.CC(=O)O.[Pd]
ord-b6527d32ba054a8395bc5ea7808e53a8,metal and ligand,CATALYST,SMILES,CC(C)OC1=C(C(=CC=C1)OC(C)C)C2=CC=CC=C2P(C3CCCCC3)C4CCCCC4
ord-b6527d32ba054a8395bc5ea7808e53a8,metal and ligand,CATALYST,SMILES,CC(=O)O.CC(=O)O.[Pd]
ord-636da506499347d7aba99b6e3204f5ba,Base,REAGENT,SMILES,CC(C)(C)[O-].[Na+]
ord-636da506499347d7aba99b6e3204f5ba,Solvent,SOLVENT,SMILES,CC1=CC=CC=C1
ord-636da506499347d7aba99b6e3204f5ba,amine,REACTANT,SMILES,CC(C)(C)OC(=O)N1CCNCC1
ord-636da506499347d7aba99b6e3204f5ba,aryl halide,REACTANT,SMILES,COC1=CC=CC=C1Br
ord-636da506499347d7aba99b6e3204f5ba,metal and ligand,CATALYST,SMILES,C1=CC=C(C=C1)P(C2=CC=CC=C2)C3=C(C4=CC=CC=C4C=C3)C5=C(C=CC6=CC=CC=C65)P(C7=CC=CC=C7)C8=CC=CC=C8
ord-636da506499347d7aba99b6e3204f5ba,metal and ligand,CATALYST,SMILES,C1=CC=C(C=C1)/C=C/C(=O)/C=C/C2=CC=CC=C2.C1=CC=C(C=C1)/C=C/C(=O)/C=C/C2=CC=CC=C2.C1=CC=C(C=C1)/C=C/C(=O)/C=C/C2=CC=CC=C2.[Pd].[Pd]
ord-636da506499347d7aba99b6e3204f5ba,metal and ligand,CATALYST,SMILES,C1=CC=C(C=C1)P(C2=CC=CC=C2)C3=C(C4=CC=CC=C4C=C3)C5=C(C=CC6=CC=CC=C65)P(C7=CC=CC=C7)C8=CC=CC=C8
ord-636da506499347d7aba99b6e3204f5ba,metal and ligand,CATALYST,SMILES,C1=CC=C(C=C1)/C=C/C(=O)/C=C/C2=CC=CC=C2.C1=CC=C(C=C1)/C=C/C(=O)/C=C/C2=CC=CC=C2.C1=CC=C(C=C1)/C=C/C(=O)/C=C/C2=CC=CC=C2.[Pd].[Pd]
ord-6e943c9408c04e8290b1b5ad8908a7f2,Base,REAGENT,SMILES,C(=O)([O-])[O-].[Cs+].[Cs+]
ord-6e943c9408c04e8290b1b5ad8908a7f2,Solvent,SOLVENT,SMILES,C1COCCO1
ord-6e943c9408c04e8290b1b5ad8908a7f2,amine,REACTANT,SMILES,CC(C)(C)OC(=O)N[C@@H]1CCC[C@@H](C1)C(=O)N
ord-6e943c9408c04e8290b1b5ad8908a7f2,aryl halide,REACTANT,SMILES,CC1(CCN2C(=C(C=N2)C3=CC(=NC=C3F)Cl)C1)C
ord-6e943c9408c04e8290b1b5ad8908a7f2,metal and ligand,CATALYST,SMILES,CC1(C2=C(C(=CC=C2)P(C3=CC=CC=C3)C4=CC=CC=C4)OC5=C1C=CC=C5P(C6=CC=CC=C6)C7=CC=CC=C7)C
ord-6e943c9408c04e8290b1b5ad8908a7f2,metal and ligand,CATALYST,SMILES,C1=CC=C(C=C1)P(C2=CC=CC=C2)C3=CC=CC=C3.C1=CC=C(C=C1)P(C2=CC=CC=C2)C3=CC=CC=C3.C1=CC=C(C=C1)P(C2=CC=CC=C2)C3=CC=CC=C3.C1=CC=C(C=C1)P(C2=CC=CC=C2)C3=CC=CC=C3.[Pd]
ord-6e943c9408c04e8290b1b5ad8908a7f2,metal and ligand,CATALYST,SMILES,CC1(C2=C(C(=CC=C2)P(C3=CC=CC=C3)C4=CC=CC=C4)OC5=C1C=CC=C5P(C6=CC=CC=C6)C7=CC=CC=C7)C
ord-6e943c9408c04e8290b1b5ad8908a7f2,metal and ligand,CATALYST,SMILES,C1=CC=C(C=C1)P(C2=CC=CC=C2)C3=CC=CC=C3.C1=CC=C(C=C1)P(C2=CC=CC=C2)C3=CC=CC=C3.C1=CC=C(C=C1)P(C2=CC=CC=C2)C3=CC=CC=C3.C1=CC=C(C=C1)P(C2=CC=CC=C2)C3=CC=CC=C3.[Pd]
ord-bdce974c72714a5996ad19d3b75acd9c,Base,REAGENT,SMILES,C(=O)([O-])[O-].[Cs+].[Cs+]
ord-bdce974c72714a5996ad19d3b75acd9c,Solvent,SOLVENT,SMILES,C1COCCO1
ord-bdce974c72714a5996ad19d3b75acd9c,amine,REACTANT,SMILES,CS(=O)(=O)CC1=CC(=CC(=C1)F)N
ord-bdce974c72714a5996ad19d3b75acd9c,aryl halide,REACTANT,SMILES,COC1=C(C=CC(=C1)F)C2=NC(=NC=C2F)Cl
ord-bdce974c72714a5996ad19d3b75acd9c,metal and ligand,CATALYST,SMILES,CC1(C2=C(C(=CC=C2)P(C3=CC=CC=C3)C4=CC=CC=C4)OC5=C1C=CC=C5P(C6=CC=CC=C6)C7=CC=CC=C7)C
ord-bdce974c72714a5996ad19d3b75acd9c,metal and ligand,CATALYST,SMILES,C1=CC=C(C=C1)/C=C/C(=O)/C=C/C2=CC=CC=C2.C1=CC=C(C=C1)/C=C/C(=O)/C=C/C2=CC=CC=C2.C1=CC=C(C=C1)/C=C/C(=O)/C=C/C2=CC=CC=C2.[Pd].[Pd]
ord-bdce974c72714a5996ad19d3b75acd9c,metal and ligand,CATALYST,SMILES,CC1(C2=C(C(=CC=C2)P(C3=CC=CC=C3)C4=CC=CC=C4)OC5=C1C=CC=C5P(C6=CC=CC=C6)C7=CC=CC=C7)C
ord-bdce974c72714a5996ad19d3b75acd9c,metal and ligand,CATALYST,SMILES,C1=CC=C(C=C1)/C=C/C(=O)/C=C/C2=CC=CC=C2.C1=CC=C(C=C1)/C=C/C(=O)/C=C/C2=CC=CC=C2.C1=CC=C(C=C1)/C=C/C(=O)/C=C/C2=CC=CC=C2.[Pd].[Pd]
ord-8563d32d81ef4e67b37807469f34e85c,Base,REAGENT,SMILES,C(=O)([O-])[O-].[Cs+].[Cs+]
ord-8563d32d81ef4e67b37807469f34e85c,Solvent,SOLVENT,SMILES,C1COCCO1
ord-8563d32d81ef4e67b37807469f34e85c,amine,REACTANT,SMILES,CC(C)(C)OC(=O)N[C@@H]1CCC[C@@H](C1)C(=O)N
ord-8563d32d81ef4e67b37807469f34e85c,aryl halide,REACTANT,SMILES,CC1(CC2=C(C=NN2C1)C3=CC(=NC=C3F)Cl)C
ord-8563d32d81ef4e67b37807469f34e85c,metal and ligand,CATALYST,SMILES,CC1(C2=C(C(=CC=C2)P(C3=CC=CC=C3)C4=CC=CC=C4)OC5=C1C=CC=C5P(C6=CC=CC=C6)C7=CC=CC=C7)C
ord-8563d32d81ef4e67b37807469f34e85c,metal and ligand,CATALYST,SMILES,C1=CC=C(C=C1)P(C2=CC=CC=C2)C3=CC=CC=C3.C1=CC=C(C=C1)P(C2=CC=CC=C2)C3=CC=CC=C3.C1=CC=C(C=C1)P(C2=CC=CC=C2)C3=CC=CC=C3.C1=CC=C(C=C1)P(C2=CC=CC=C2)C3=CC=CC=C3.[Pd]
ord-8563d32d81ef4e67b37807469f34e85c,metal and ligand,CATALYST,SMILES,CC1(C2=C(C(=CC=C2)P(C3=CC=CC=C3)C4=CC=CC=C4)OC5=C1C=CC=C5P(C6=CC=CC=C6)C7=CC=CC=C7)C
ord-8563d32d81ef4e67b37807469f34e85c,metal and ligand,CATALYST,SMILES,C1=CC=C(C=C1)P(C2=CC=CC=C2)C3=CC=CC=C3.C1=CC=C(C=C1)P(C2=CC=CC=C2)C3=CC=CC=C3.C1=CC=C(C=C1)P(C2=CC=CC=C2)C3=CC=CC=C3.C1=CC=C(C=C1)P(C2=CC=CC=C2)C3=CC=CC=C3.[Pd]
ord-180ffbd2722940d2bf70ecaf0fc8e2ac,Base,REAGENT,SMILES,C(=O)([O-])[O-].[Cs+].[Cs+]
ord-180ffbd2722940d2bf70ecaf0fc8e2ac,Solvent,SOLVENT,SMILES,C1COCCO1
ord-180ffbd2722940d2bf70ecaf0fc8e2ac,amine,REACTANT,SMILES,CC(C)(C)OC(=O)N[C@@H]1CCC[C@@H](C1)C(=O)N
ord-180ffbd2722940d2bf70ecaf0fc8e2ac,aryl halide,REACTANT,SMILES,CC1(CC2=C(C=NN2C1)C3=CC(=NC=C3F)Cl)C
ord-180ffbd2722940d2bf70ecaf0fc8e2ac,metal and ligand,CATALYST,SMILES,CC1(C2=C(C(=CC=C2)P(C3=CC=CC=C3)C4=CC=CC=C4)OC5=C1C=CC=C5P(C6=CC=CC=C6)C7=CC=CC=C7)C
ord-180ffbd2722940d2bf70ecaf0fc8e2ac,metal and ligand,CATALYST,SMILES,C1=CC=C(C=C1)P(C2=CC=CC=C2)C3=CC=CC=C3.C1=CC=C(C=C1)P(C2=CC=CC=C2)C3=CC=CC=C3.C1=CC=C(C=C1)P(C2=CC=CC=C2)C3=CC=CC=C3.C1=CC=C(C=C1)P(C2=CC=CC=C2)C3=CC=CC=C3.[Pd]
ord-180ffbd2722940d2bf70ecaf0fc8e2ac,metal and ligand,CATALYST,SMILES,CC1(C2=C(C(=CC=C2)P(C3=CC=CC=C3)C4=CC=CC=C4)OC5=C1C=CC=C5P(C6=CC=CC=C6)C7=CC=CC=C7)C
ord-180ffbd2722940d2bf70ecaf0fc8e2ac,metal and ligand,CATALYST,SMILES,C1=CC=C(C=C1)P(C2=CC=CC=C2)C3=CC=CC=C3.C1=CC=C(C=C1)P(C2=CC=CC=C2)C3=CC=CC=C3.C1=CC=C(C=C1)P(C2=CC=CC=C2)C3=CC=CC=C3.C1=CC=C(C=C1)P(C2=CC=CC=C2)C3=CC=CC=C3.[Pd]
ord-bd4700a79525457dbcfd3c5e1368118f,Base,REAGENT,SMILES,C(=O)([O-])[O-].[Cs+].[Cs+]
ord-bd4700a79525457dbcfd3c5e1368118f,Solvent,SOLVENT,SMILES,C1COCCO1
ord-bd4700a79525457dbcfd3c5e1368118f,amine,REACTANT,SMILES,C1CCNC(C1)C2=CC=CC=C2
ord-bd4700a79525457dbcfd3c5e1368118f,aryl halide,REACTANT,SMILES,C1=CC=C(C=C1)Br
ord-bd4700a79525457dbcfd3c5e1368118f,metal and ligand,CATALYST,SMILES,CC(C)OC1=C(C(=CC=C1)OC(C)C)C2=CC=CC=C2P(C3CCCCC3)C4CCCCC4
ord-bd4700a79525457dbcfd3c5e1368118f,metal and ligand,CATALYST,SMILES,C1=CC=C(C=C1)/C=C/C(=O)/C=C/C2=CC=CC=C2.C1=CC=C(C=C1)/C=C/C(=O)/C=C/C2=CC=CC=C2.C1=CC=C(C=C1)/C=C/C(=O)/C=C/C2=CC=CC=C2.[Pd].[Pd]
ord-bd4700a79525457dbcfd3c5e1368118f,metal and ligand,CATALYST,SMILES,CC(C)OC1=C(C(=CC=C1)OC(C)C)C2=CC=CC=C2P(C3CCCCC3)C4CCCCC4
ord-bd4700a79525457dbcfd3c5e1368118f,metal and ligand,CATALYST,SMILES,C1=CC=C(C=C1)/C=C/C(=O)/C=C/C2=CC=CC=C2.C1=CC=C(C=C1)/C=C/C(=O)/C=C/C2=CC=CC=C2.C1=CC=C(C=C1)/C=C/C(=O)/C=C/C2=CC=CC=C2.[Pd].[Pd]
ord-87941c7f7d4a47aaba74791eabfbedf7,Base,REAGENT,SMILES,CC(C)(C)[O-].[Na+]
ord-87941c7f7d4a47aaba74791eabfbedf7,Solvent,SOLVENT,SMILES,CC1=CC=CC=C1
ord-87941c7f7d4a47aaba74791eabfbedf7,amine,REACTANT,SMILES,CC(C)(C)OC(=O)N1CCNCC1
ord-87941c7f7d4a47aaba74791eabfbedf7,aryl halide,REACTANT,SMILES,COC1=C(C=CC(=C1)Br)OCC2=CC=CC=C2
ord-87941c7f7d4a47aaba74791eabfbedf7,metal and ligand,CATALYST,SMILES,C1=CC=C(C=C1)P(C2=CC=CC=C2)C3=C(C4=CC=CC=C4C=C3)C5=C(C=CC6=CC=CC=C65)P(C7=CC=CC=C7)C8=CC=CC=C8
ord-87941c7f7d4a47aaba74791eabfbedf7,metal and ligand,CATALYST,SMILES,C1=CC=C(C=C1)/C=C/C(=O)/C=C/C2=CC=CC=C2.C1=CC=C(C=C1)/C=C/C(=O)/C=C/C2=CC=CC=C2.C1=CC=C(C=C1)/C=C/C(=O)/C=C/C2=CC=CC=C2.[Pd].[Pd]
ord-87941c7f7d4a47aaba74791eabfbedf7,metal and ligand,CATALYST,SMILES,C1=CC=C(C=C1)P(C2=CC=CC=C2)C3=C(C4=CC=CC=C4C=C3)C5=C(C=CC6=CC=CC=C65)P(C7=CC=CC=C7)C8=CC=CC=C8
ord-87941c7f7d4a47aaba74791eabfbedf7,metal and ligand,CATALYST,SMILES,C1=CC=C(C=C1)/C=C/C(=O)/C=C/C2=CC=CC=C2.C1=CC=C(C=C1)/C=C/C(=O)/C=C/C2=CC=CC=C2.C1=CC=C(C=C1)/C=C/C(=O)/C=C/C2=CC=CC=C2.[Pd].[Pd]
ord-72db1f71b9ee4c528872b1ba0810230a,Base,REAGENT,SMILES,CC(C)(C)[O-].[Na+]
ord-72db1f71b9ee4c528872b1ba0810230a,Solvent,SOLVENT,SMILES,CC1=CC=CC=C1
ord-72db1f71b9ee4c528872b1ba0810230a,amine,REACTANT,SMILES,C1=CC=C(C=C1)N
ord-72db1f71b9ee4c528872b1ba0810230a,aryl halide,REACTANT,SMILES,C1=CN=CC=C1Br
ord-72db1f71b9ee4c528872b1ba0810230a,metal and ligand,CATALYST,SMILES,CC1(C2=C(C(=CC=C2)P(C3=CC=CC=C3)C4=CC=CC=C4)OC5=C1C=CC=C5P(C6=CC=CC=C6)C7=CC=CC=C7)C
ord-72db1f71b9ee4c528872b1ba0810230a,metal and ligand,CATALYST,SMILES,CC(=O)O.CC(=O)O.[Pd]
ord-72db1f71b9ee4c528872b1ba0810230a,metal and ligand,CATALYST,SMILES,CC1(C2=C(C(=CC=C2)P(C3=CC=CC=C3)C4=CC=CC=C4)OC5=C1C=CC=C5P(C6=CC=CC=C6)C7=CC=CC=C7)C
ord-72db1f71b9ee4c528872b1ba0810230a,metal and ligand,CATALYST,SMILES,CC(=O)O.CC(=O)O.[Pd]
ord-b128920e4d7f4cc2b5aeb697ff28a01f,Base,REAGENT,SMILES,CC(C)(C)[O-].[Na+]
ord-b128920e4d7f4cc2b5aeb697ff28a01f,Solvent,SOLVENT,SMILES,CC1=CC=CC=C1
ord-b128920e4d7f4cc2b5aeb697ff28a01f,amine,REACTANT,SMILES,C1=CC=C(C=C1)N
ord-b128920e4d7f4cc2b5aeb697ff28a01f,aryl halide,REACTANT,SMILES,C1=CN=CC=C1Br
ord-b128920e4d7f4cc2b5aeb697ff28a01f,metal and ligand,CATALYST,SMILES,CC1(C2=C(C(=CC=C2)P(C3=CC=CC=C3)C4=CC=CC=C4)OC5=C1C=CC=C5P(C6=CC=CC=C6)C7=CC=CC=C7)C
ord-b128920e4d7f4cc2b5aeb697ff28a01f,metal and ligand,CATALYST,SMILES,CC(=O)O.CC(=O)O.[Pd]
ord-b128920e4d7f4cc2b5aeb697ff28a01f,metal and ligand,CATALYST,SMILES,CC1(C2=C(C(=CC=C2)P(C3=CC=CC=C3)C4=CC=CC=C4)OC5=C1C=CC=C5P(C6=CC=CC=C6)C7=CC=CC=C7)C
ord-b128920e4d7f4cc2b5aeb697ff28a01f,metal and ligand,CATALYST,SMILES,CC(=O)O.CC(=O)O.[Pd]
ord-3201a37afe8b4b36ad112c88df6755f7,Base,REAGENT,SMILES,CC(C)(C)[O-].[Na+]
ord-3201a37afe8b4b36ad112c88df6755f7,Solvent,SOLVENT,SMILES,CC1=CC=CC=C1
ord-3201a37afe8b4b36ad112c88df6755f7,amine,REACTANT,SMILES,C1=CC=C(C=C1)N
ord-3201a37afe8b4b36ad112c88df6755f7,aryl halide,REACTANT,SMILES,C1=CN=CC=C1Br
ord-3201a37afe8b4b36ad112c88df6755f7,metal and ligand,CATALYST,SMILES,CC1(C2=C(C(=CC=C2)P(C3=CC=CC=C3)C4=CC=CC=C4)OC5=C1C=CC=C5P(C6=CC=CC=C6)C7=CC=CC=C7)C
ord-3201a37afe8b4b36ad112c88df6755f7,metal and ligand,CATALYST,SMILES,CC(=O)O.CC(=O)O.[Pd]
ord-3201a37afe8b4b36ad112c88df6755f7,metal and ligand,CATALYST,SMILES,CC1(C2=C(C(=CC=C2)P(C3=CC=CC=C3)C4=CC=CC=C4)OC5=C1C=CC=C5P(C6=CC=CC=C6)C7=CC=CC=C7)C
ord-3201a37afe8b4b36ad112c88df6755f7,metal and ligand,CATALYST,SMILES,CC(=O)O.CC(=O)O.[Pd]
ord-1208d74fc7a748139625e9e704ab1724,Base,REAGENT,SMILES,CC(C)(C)[O-].[Na+]
ord-1208d74fc7a748139625e9e704ab1724,Solvent,SOLVENT,SMILES,CC1=CC=CC=C1
ord-1208d74fc7a748139625e9e704ab1724,amine,REACTANT,SMILES,CC(C)(C)OC(=O)N1CCNCC1
ord-1208d74fc7a748139625e9e704ab1724,aryl halide,REACTANT,SMILES,CC(C)(C)OC(=O)N1C=CC2=C1C(=CC=C2)Br
ord-1208d74fc7a748139625e9e704ab1724,metal and ligand,CATALYST,SMILES,CC(C)OC1=C(C(=CC=C1)OC(C)C)C2=CC=CC=C2P(C3CCCCC3)C4CCCCC4
ord-1208d74fc7a748139625e9e704ab1724,metal and ligand,CATALYST,SMILES,CC(=O)O.CC(=O)O.[Pd]
ord-1208d74fc7a748139625e9e704ab1724,metal and ligand,CATALYST,SMILES,CC(C)OC1=C(C(=CC=C1)OC(C)C)C2=CC=CC=C2P(C3CCCCC3)C4CCCCC4
ord-1208d74fc7a748139625e9e704ab1724,metal and ligand,CATALYST,SMILES,CC(=O)O.CC(=O)O.[Pd]
ord-5c1e7b0afe1e4c2ea268d161da8ff7be,Base,REAGENT,SMILES,C(=O)([O-])[O-].[Cs+].[Cs+]
ord-5c1e7b0afe1e4c2ea268d161da8ff7be,Solvent,SOLVENT,SMILES,C1COCCO1
ord-5c1e7b0afe1e4c2ea268d161da8ff7be,amine,REACTANT,SMILES,CC(C)(C)OC(=O)N1CCNCC1
ord-5c1e7b0afe1e4c2ea268d161da8ff7be,aryl halide,REACTANT,SMILES,CC(C)(C)OC(=O)N1C=CC2=C1C(=CC=C2)Br
ord-5c1e7b0afe1e4c2ea268d161da8ff7be,metal and ligand,CATALYST,SMILES,CC(C)OC1=C(C(=CC=C1)OC(C)C)C2=CC=CC=C2P(C3CCCCC3)C4CCCCC4
ord-5c1e7b0afe1e4c2ea268d161da8ff7be,metal and ligand,CATALYST,SMILES,CC(=O)O.CC(=O)O.[Pd]
ord-5c1e7b0afe1e4c2ea268d161da8ff7be,metal and ligand,CATALYST,SMILES,CC(C)OC1=C(C(=CC=C1)OC(C)C)C2=CC=CC=C2P(C3CCCCC3)C4CCCCC4
ord-5c1e7b0afe1e4c2ea268d161da8ff7be,metal and ligand,CATALYST,SMILES,CC(=O)O.CC(=O)O.[Pd]
ord-cdacdc2f62e2433897c344ea48603986,Base,REAGENT,SMILES,C(=O)([O-])[O-].[Cs+].[Cs+]
ord-cdacdc2f62e2433897c344ea48603986,Solvent,SOLVENT,SMILES,C1COCCO1
ord-cdacdc2f62e2433897c344ea48603986,amine,REACTANT,SMILES,C1=COC(=N1)N
ord-cdacdc2f62e2433897c344ea48603986,aryl halide,REACTANT,SMILES,C1=CC=NC(=C1)Cl
ord-cdacdc2f62e2433897c344ea48603986,metal and ligand,CATALYST,SMILES,CC1(C2=C(C(=CC=C2)P(C3=CC=CC=C3)C4=CC=CC=C4)OC5=C1C=CC=C5P(C6=CC=CC=C6)C7=CC=CC=C7)C
ord-cdacdc2f62e2433897c344ea48603986,metal and ligand,CATALYST,SMILES,CC(=O)O.CC(=O)O.[Pd]
ord-cdacdc2f62e2433897c344ea48603986,metal and ligand,CATALYST,SMILES,CC1(C2=C(C(=CC=C2)P(C3=CC=CC=C3)C4=CC=CC=C4)OC5=C1C=CC=C5P(C6=CC=CC=C6)C7=CC=CC=C7)C
ord-cdacdc2f62e2433897c344ea48603986,metal and ligand,CATALYST,SMILES,CC(=O)O.CC(=O)O.[Pd]
ord-05c9f5ab86694790884a2465aacb6f95,Base,REAGENT,SMILES,C(=O)([O-])[O-].[K+].[K+]
ord-05c9f5ab86694790884a2465aacb6f95,Solvent,SOLVENT,SMILES,C1COCCO1
ord-05c9f5ab86694790884a2465aacb6f95,amine,REACTANT,SMILES,C1=COC(=N1)N
ord-05c9f5ab86694790884a2465aacb6f95,aryl halide,REACTANT,SMILES,C1=CC=NC(=C1)Cl
ord-05c9f5ab86694790884a2465aacb6f95,metal and ligand,CATALYST,SMILES,CC(C)(C)P(C1=CC2=CC=CC=C2N1C3=CC=CC=C3)C(C)(C)C
ord-05c9f5ab86694790884a2465aacb6f95,metal and ligand,CATALYST,SMILES,C1=CC=C(C=C1)/C=C/C(=O)/C=C/C2=CC=CC=C2.C1=CC=C(C=C1)/C=C/C(=O)/C=C/C2=CC=CC=C2.C1=CC=C(C=C1)/C=C/C(=O)/C=C/C2=CC=CC=C2.[Pd].[Pd]
ord-05c9f5ab86694790884a2465aacb6f95,metal and ligand,CATALYST,SMILES,CC(C)(C)P(C1=CC2=CC=CC=C2N1C3=CC=CC=C3)C(C)(C)C
ord-05c9f5ab86694790884a2465aacb6f95,metal and ligand,CATALYST,SMILES,C1=CC=C(C=C1)/C=C/C(=O)/C=C/C2=CC=CC=C2.C1=CC=C(C=C1)/C=C/C(=O)/C=C/C2=CC=CC=C2.C1=CC=C(C=C1)/C=C/C(=O)/C=C/C2=CC=CC=C2.[Pd].[Pd]
ord-97b674af3d2f488bb5058b76b82c316b,Base,REAGENT,SMILES,C(=O)([O-])[O-].[K+].[K+]
ord-97b674af3d2f488bb5058b76b82c316b,Solvent,SOLVENT,SMILES,C1COCCO1
ord-97b674af3d2f488bb5058b76b82c316b,amine,REACTANT,SMILES,C1=COC(=N1)N
ord-97b674af3d2f488bb5058b76b82c316b,aryl halide,REACTANT,SMILES,C1=CC=NC(=C1)Cl
ord-97b674af3d2f488bb5058b76b82c316b,metal and ligand,CATALYST,SMILES,CC(C)C1=CC(=C(C(=C1)C(C)C)C2=C(C=CC(=C2P(C3CCCCC3)C4CCCCC4)OC)OC)C(C)C
ord-97b674af3d2f488bb5058b76b82c316b,metal and ligand,CATALYST,SMILES,C1=CC=C(C=C1)/C=C/C(=O)/C=C/C2=CC=CC=C2.C1=CC=C(C=C1)/C=C/C(=O)/C=C/C2=CC=CC=C2.C1=CC=C(C=C1)/C=C/C(=O)/C=C/C2=CC=CC=C2.[Pd].[Pd]
ord-97b674af3d2f488bb5058b76b82c316b,metal and ligand,CATALYST,SMILES,CC(C)C1=CC(=C(C(=C1)C(C)C)C2=C(C=CC(=C2P(C3CCCCC3)C4CCCCC4)OC)OC)C(C)C
ord-97b674af3d2f488bb5058b76b82c316b,metal and ligand,CATALYST,SMILES,C1=CC=C(C=C1)/C=C/C(=O)/C=C/C2=CC=CC=C2.C1=CC=C(C=C1)/C=C/C(=O)/C=C/C2=CC=CC=C2.C1=CC=C(C=C1)/C=C/C(=O)/C=C/C2=CC=CC=C2.[Pd].[Pd]
ord-8dd14463cf6743e7a0d8b8896c9d7de0,Base,REAGENT,SMILES,CC(C)(C)[O-].[Na+]
ord-8dd14463cf6743e7a0d8b8896c9d7de0,Solvent,SOLVENT,SMILES,C1COCCO1
ord-8dd14463cf6743e7a0d8b8896c9d7de0,amine,REACTANT,SMILES,C1COCCN1
ord-8dd14463cf6743e7a0d8b8896c9d7de0,aryl halide,REACTANT,SMILES,C1=CNC2=NC=C(C=C21)Br
ord-8dd14463cf6743e7a0d8b8896c9d7de0,metal and ligand,CATALYST,SMILES,CC(C)OC1=C(C(=CC=C1)OC(C)C)C2=CC=CC=C2P(C3CCCCC3)C4CCCCC4
ord-8dd14463cf6743e7a0d8b8896c9d7de0,metal and ligand,CATALYST,SMILES,CC(=O)O.CC(=O)O.[Pd]
ord-8dd14463cf6743e7a0d8b8896c9d7de0,metal and ligand,CATALYST,SMILES,CC(C)OC1=C(C(=CC=C1)OC(C)C)C2=CC=CC=C2P(C3CCCCC3)C4CCCCC4
ord-8dd14463cf6743e7a0d8b8896c9d7de0,metal and ligand,CATALYST,SMILES,CC(=O)O.CC(=O)O.[Pd]
ord-c34fe67f0c724f1db0a5e6644d227638,Base,REAGENT,SMILES,CC(C)(C)[O-].[Na+]
ord-c34fe67f0c724f1db0a5e6644d227638,Solvent,SOLVENT,SMILES,C1COCCO1
ord-c34fe67f0c724f1db0a5e6644d227638,amine,REACTANT,SMILES,C1COCCN1
ord-c34fe67f0c724f1db0a5e6644d227638,aryl halide,REACTANT,SMILES,C1=CNC2=NC=C(C=C21)Br
ord-c34fe67f0c724f1db0a5e6644d227638,metal and ligand,CATALYST,SMILES,CC(C)OC1=C(C(=CC=C1)OC(C)C)C2=CC=CC=C2P(C3CCCCC3)C4CCCCC4
ord-c34fe67f0c724f1db0a5e6644d227638,metal and ligand,CATALYST,SMILES,CC(=O)O.CC(=O)O.[Pd]
ord-c34fe67f0c724f1db0a5e6644d227638,metal and ligand,CATALYST,SMILES,CC(C)OC1=C(C(=CC=C1)OC(C)C)C2=CC=CC=C2P(C3CCCCC3)C4CCCCC4
ord-c34fe67f0c724f1db0a5e6644d227638,metal and ligand,CATALYST,SMILES,CC(=O)O.CC(=O)O.[Pd]
ord-d96d0e3f2950466bac2ca8525ac77415,Base,REAGENT,SMILES,CC(C)(C)[O-].[Na+]
ord-d96d0e3f2950466bac2ca8525ac77415,Solvent,SOLVENT,SMILES,C1COCCO1
ord-d96d0e3f2950466bac2ca8525ac77415,amine,REACTANT,SMILES,C1COCCN1
ord-d96d0e3f2950466bac2ca8525ac77415,aryl halide,REACTANT,SMILES,C1=CNC2=NC=C(C=C21)Br
ord-d96d0e3f2950466bac2ca8525ac77415,metal and ligand,CATALYST,SMILES,CC(C)OC1=C(C(=CC=C1)OC(C)C)C2=CC=CC=C2P(C3CCCCC3)C4CCCCC4
ord-d96d0e3f2950466bac2ca8525ac77415,metal and ligand,CATALYST,SMILES,CC(=O)O.CC(=O)O.[Pd]
ord-d96d0e3f2950466bac2ca8525ac77415,metal and ligand,CATALYST,SMILES,CC(C)OC1=C(C(=CC=C1)OC(C)C)C2=CC=CC=C2P(C3CCCCC3)C4CCCCC4
ord-d96d0e3f2950466bac2ca8525ac77415,metal and ligand,CATALYST,SMILES,CC(=O)O.CC(=O)O.[Pd]
ord-fd407bedbf534487940a2a1f79aacfca,Base,REAGENT,SMILES,C(=O)([O-])[O-].[Cs+].[Cs+]
ord-fd407bedbf534487940a2a1f79aacfca,Solvent,SOLVENT,SMILES,CC1=CC=CC=C1
ord-fd407bedbf534487940a2a1f79aacfca,amine,REACTANT,SMILES,CC(C)(C)[Si](C)(C)OCCN
ord-fd407bedbf534487940a2a1f79aacfca,aryl halide,REACTANT,SMILES,C1=CC=C(C=C1)COC2=C(C=C(C=C2)Br)F
ord-fd407bedbf534487940a2a1f79aacfca,metal and ligand,CATALYST,SMILES,CC(C)C1=CC(=C(C(=C1)C(C)C)C2=CC=CC=C2P(C3CCCCC3)C4CCCCC4)C(C)C
ord-fd407bedbf534487940a2a1f79aacfca,metal and ligand,CATALYST,SMILES,CC(=O)O.CC(=O)O.[Pd]
ord-fd407bedbf534487940a2a1f79aacfca,metal and ligand,CATALYST,SMILES,CC(C)C1=CC(=C(C(=C1)C(C)C)C2=CC=CC=C2P(C3CCCCC3)C4CCCCC4)C(C)C
ord-fd407bedbf534487940a2a1f79aacfca,metal and ligand,CATALYST,SMILES,CC(=O)O.CC(=O)O.[Pd]
ord-c8028b7fd0b24a71a931a3ca28fc4dd0,Base,REAGENT,SMILES,C(=O)([O-])[O-].[Cs+].[Cs+]
ord-c8028b7fd0b24a71a931a3ca28fc4dd0,Solvent,SOLVENT,SMILES,CC1=CC=CC=C1
ord-c8028b7fd0b24a71a931a3ca28fc4dd0,amine,REACTANT,SMILES,CC(C)(C)[Si](C)(C)OCCN
ord-c8028b7fd0b24a71a931a3ca28fc4dd0,aryl halide,REACTANT,SMILES,C1=CC=C(C=C1)COC2=C(C=C(C=C2)Br)F
ord-c8028b7fd0b24a71a931a3ca28fc4dd0,metal and ligand,CATALYST,SMILES,CC(C)C1=CC(=C(C(=C1)C(C)C)C2=CC=CC=C2P(C3CCCCC3)C4CCCCC4)C(C)C
ord-c8028b7fd0b24a71a931a3ca28fc4dd0,metal and ligand,CATALYST,SMILES,CC(=O)O.CC(=O)O.[Pd]
ord-c8028b7fd0b24a71a931a3ca28fc4dd0,metal and ligand,CATALYST,SMILES,CC(C)C1=CC(=C(C(=C1)C(C)C)C2=CC=CC=C2P(C3CCCCC3)C4CCCCC4)C(C)C
ord-c8028b7fd0b24a71a931a3ca28fc4dd0,metal and ligand,CATALYST,SMILES,CC(=O)O.CC(=O)O.[Pd]
ord-3a62166a30464afb9cbe502b267cbcba,Base,REAGENT,SMILES,C(=O)([O-])[O-].[Cs+].[Cs+]
ord-3a62166a30464afb9cbe502b267cbcba,Solvent,SOLVENT,SMILES,CC1=CC=CC=C1
ord-3a62166a30464afb9cbe502b267cbcba,amine,REACTANT,SMILES,CNC1=CC=C(C=C1)F
ord-3a62166a30464afb9cbe502b267cbcba,aryl halide,REACTANT,SMILES,COC(=O)C1=CC(=NC=C1)Br
ord-3a62166a30464afb9cbe502b267cbcba,metal and ligand,CATALYST,SMILES,C1CCC(CC1)P(C2CCCCC2)C3=CC=CC=C3C4=CC=CC=C4
ord-3a62166a30464afb9cbe502b267cbcba,metal and ligand,CATALYST,SMILES,C1=CC=C(C=C1)/C=C/C(=O)/C=C/C2=CC=CC=C2.C1=CC=C(C=C1)/C=C/C(=O)/C=C/C2=CC=CC=C2.C1=CC=C(C=C1)/C=C/C(=O)/C=C/C2=CC=CC=C2.[Pd].[Pd]
ord-3a62166a30464afb9cbe502b267cbcba,metal and ligand,CATALYST,SMILES,C1CCC(CC1)P(C2CCCCC2)C3=CC=CC=C3C4=CC=CC=C4
ord-3a62166a30464afb9cbe502b267cbcba,metal and ligand,CATALYST,SMILES,C1=CC=C(C=C1)/C=C/C(=O)/C=C/C2=CC=CC=C2.C1=CC=C(C=C1)/C=C/C(=O)/C=C/C2=CC=CC=C2.C1=CC=C(C=C1)/C=C/C(=O)/C=C/C2=CC=CC=C2.[Pd].[Pd]
ord-8fdcadcf8d694b72a4ad9ff8119e3e79,Base,REAGENT,SMILES,C(=O)([O-])[O-].[Cs+].[Cs+]
ord-8fdcadcf8d694b72a4ad9ff8119e3e79,Solvent,SOLVENT,SMILES,CC1=CC=CC=C1
ord-8fdcadcf8d694b72a4ad9ff8119e3e79,amine,REACTANT,SMILES,CNC1=CC=C(C=C1)F
ord-8fdcadcf8d694b72a4ad9ff8119e3e79,aryl halide,REACTANT,SMILES,COC(=O)C1=CC(=NC=C1)Br
ord-8fdcadcf8d694b72a4ad9ff8119e3e79,metal and ligand,CATALYST,SMILES,C1CCC(CC1)P(C2CCCCC2)C3=CC=CC=C3C4=CC=CC=C4
ord-8fdcadcf8d694b72a4ad9ff8119e3e79,metal and ligand,CATALYST,SMILES,C1=CC=C(C=C1)/C=C/C(=O)/C=C/C2=CC=CC=C2.C1=CC=C(C=C1)/C=C/C(=O)/C=C/C2=CC=CC=C2.C1=CC=C(C=C1)/C=C/C(=O)/C=C/C2=CC=CC=C2.[Pd].[Pd]
ord-8fdcadcf8d694b72a4ad9ff8119e3e79,metal and ligand,CATALYST,SMILES,C1CCC(CC1)P(C2CCCCC2)C3=CC=CC=C3C4=CC=CC=C4
ord-8fdcadcf8d694b72a4ad9ff8119e3e79,metal and ligand,CATALYST,SMILES,C1=CC=C(C=C1)/C=C/C(=O)/C=C/C2=CC=CC=C2.C1=CC=C(C=C1)/C=C/C(=O)/C=C/C2=CC=CC=C2.C1=CC=C(C=C1)/C=C/C(=O)/C=C/C2=CC=CC=C2.[Pd].[Pd]
ord-1f9578b402a0413a8d3c28c86e02d21e,Base,REAGENT,SMILES,C(=O)([O-])[O-].[Cs+].[Cs+]
ord-1f9578b402a0413a8d3c28c86e02d21e,Solvent,SOLVENT,SMILES,CC1=CC=CC=C1
ord-1f9578b402a0413a8d3c28c86e02d21e,amine,REACTANT,SMILES,COC1=NC(=NC=C1Br)N
ord-1f9578b402a0413a8d3c28c86e02d21e,aryl halide,REACTANT,SMILES,C1=CC(=CC(=C1)I)C(F)(F)F
ord-1f9578b402a0413a8d3c28c86e02d21e,metal and ligand,CATALYST,SMILES,CC1(C2=C(C(=CC=C2)P(C3=CC=CC=C3)C4=CC=CC=C4)OC5=C1C=CC=C5P(C6=CC=CC=C6)C7=CC=CC=C7)C
ord-1f9578b402a0413a8d3c28c86e02d21e,metal and ligand,CATALYST,SMILES,CC(=O)O.CC(=O)O.[Pd]
ord-1f9578b402a0413a8d3c28c86e02d21e,metal and ligand,CATALYST,SMILES,CC1(C2=C(C(=CC=C2)P(C3=CC=CC=C3)C4=CC=CC=C4)OC5=C1C=CC=C5P(C6=CC=CC=C6)C7=CC=CC=C7)C
ord-1f9578b402a0413a8d3c28c86e02d21e,metal and ligand,CATALYST,SMILES,CC(=O)O.CC(=O)O.[Pd]
ord-81f0402c864a4618afac454715899838,Base,REAGENT,SMILES,C(=O)([O-])[O-].[Cs+].[Cs+]
ord-81f0402c864a4618afac454715899838,amine,REACTANT,SMILES,CN1C(=CC=N1)N
ord-81f0402c864a4618afac454715899838,aryl halide,REACTANT,SMILES,CC1=CN=C(N=C1C2=CN3C[C@H](N(C(=O)C3=N2)CC4=CC(=C(C=C4)F)F)COC)Cl
ord-81f0402c864a4618afac454715899838,metal and ligand,CATALYST,SMILES,C1=CC=C(C=C1)P(C2=CC=CC=C2)C3=C(C4=CC=CC=C4C=C3)C5=C(C=CC6=CC=CC=C65)P(C7=CC=CC=C7)C8=CC=CC=C8
ord-81f0402c864a4618afac454715899838,metal and ligand,CATALYST,SMILES,CC(=O)O.CC(=O)O.[Pd]
ord-81f0402c864a4618afac454715899838,metal and ligand,CATALYST,SMILES,C1=CC=C(C=C1)P(C2=CC=CC=C2)C3=C(C4=CC=CC=C4C=C3)C5=C(C=CC6=CC=CC=C65)P(C7=CC=CC=C7)C8=CC=CC=C8
ord-81f0402c864a4618afac454715899838,metal and ligand,CATALYST,SMILES,CC(=O)O.CC(=O)O.[Pd]
ord-77fa1d8a9ea647299df5929297f3aa17,Base,REAGENT,SMILES,C(=O)([O-])[O-].[Cs+].[Cs+]
ord-77fa1d8a9ea647299df5929297f3aa17,Solvent,SOLVENT,SMILES,CC1=CC=CC=C1
ord-77fa1d8a9ea647299df5929297f3aa17,amine,REACTANT,SMILES,CC(C)CNC1=C(C=CC(=C1)C(F)(F)F)F
ord-77fa1d8a9ea647299df5929297f3aa17,aryl halide,REACTANT,SMILES,CCOC(=O)C1CC1C(=O)C2=C(C=C(C=N2)Br)OC
ord-77fa1d8a9ea647299df5929297f3aa17,metal and ligand,CATALYST,SMILES,C1=CC=C(C=C1)P(C2=CC=CC=C2)C3=C(C4=CC=CC=C4C=C3)C5=C(C=CC6=CC=CC=C65)P(C7=CC=CC=C7)C8=CC=CC=C8
ord-77fa1d8a9ea647299df5929297f3aa17,metal and ligand,CATALYST,SMILES,CC(=O)O.CC(=O)O.[Pd]
ord-77fa1d8a9ea647299df5929297f3aa17,metal and ligand,CATALYST,SMILES,C1=CC=C(C=C1)P(C2=CC=CC=C2)C3=C(C4=CC=CC=C4C=C3)C5=C(C=CC6=CC=CC=C65)P(C7=CC=CC=C7)C8=CC=CC=C8
ord-77fa1d8a9ea647299df5929297f3aa17,metal and ligand,CATALYST,SMILES,CC(=O)O.CC(=O)O.[Pd]
ord-2d0a333d9cfc43c6a6709471b22f0443,Base,REAGENT,SMILES,C(=O)([O-])[O-].[Cs+].[Cs+]
ord-2d0a333d9cfc43c6a6709471b22f0443,Solvent,SOLVENT,SMILES,CC1CCCO1
ord-2d0a333d9cfc43c6a6709471b22f0443,amine,REACTANT,SMILES,CN1C(=CC=N1)N
ord-2d0a333d9cfc43c6a6709471b22f0443,aryl halide,REACTANT,SMILES,CC1=CN=C(N=C1C2=CN3C[C@H](N(C(=O)C3=N2)CC4=CC(=C(C=C4)F)F)COC)Cl
ord-2d0a333d9cfc43c6a6709471b22f0443,metal and ligand,CATALYST,SMILES,CN(C)C1=CC=CC=C1C2=CC=CC=C2P(C3CCCCC3)C4CCCCC4
ord-2d0a333d9cfc43c6a6709471b22f0443,metal and ligand,CATALYST,SMILES,C1=CC=C(C=C1)/C=C/C(=O)/C=C/C2=CC=CC=C2.C1=CC=C(C=C1)/C=C/C(=O)/C=C/C2=CC=CC=C2.C1=CC=C(C=C1)/C=C/C(=O)/C=C/C2=CC=CC=C2.[Pd].[Pd]
ord-2d0a333d9cfc43c6a6709471b22f0443,metal and ligand,CATALYST,SMILES,CN(C)C1=CC=CC=C1C2=CC=CC=C2P(C3CCCCC3)C4CCCCC4
ord-2d0a333d9cfc43c6a6709471b22f0443,metal and ligand,CATALYST,SMILES,C1=CC=C(C=C1)/C=C/C(=O)/C=C/C2=CC=CC=C2.C1=CC=C(C=C1)/C=C/C(=O)/C=C/C2=CC=CC=C2.C1=CC=C(C=C1)/C=C/C(=O)/C=C/C2=CC=CC=C2.[Pd].[Pd]
ord-f95171c2975240019dea4c87294370ec,Base,REAGENT,SMILES,[Li+].C[Si](C)(C)[N-][Si](C)(C)C
ord-f95171c2975240019dea4c87294370ec,Solvent,SOLVENT,SMILES,C1CCOC1
ord-f95171c2975240019dea4c87294370ec,amine,REACTANT,SMILES,C(CN)C(=O)N.Cl
ord-f95171c2975240019dea4c87294370ec,aryl halide,REACTANT,SMILES,C1=CC(=CC=C1C(=O)O)Br
ord-f95171c2975240019dea4c87294370ec,metal and ligand,CATALYST,SMILES,CC(C1CCCC1P(C2CCCCC2)C3CCCCC3)P(C(C)(C)C)C(C)(C)C.C1CCCC1.[Fe]
ord-f95171c2975240019dea4c87294370ec,metal and ligand,CATALYST,SMILES,CC(=O)O.CC(=O)O.[Pd]
ord-f95171c2975240019dea4c87294370ec,metal and ligand,CATALYST,SMILES,CC(C1CCCC1P(C2CCCCC2)C3CCCCC3)P(C(C)(C)C)C(C)(C)C.C1CCCC1.[Fe]
ord-f95171c2975240019dea4c87294370ec,metal and ligand,CATALYST,SMILES,CC(=O)O.CC(=O)O.[Pd]
ord-eba583eb36cf40e597f1d8a3b26c7756,Base,REAGENT,SMILES,C(=O)([O-])[O-].[Cs+].[Cs+]
ord-eba583eb36cf40e597f1d8a3b26c7756,Solvent,SOLVENT,SMILES,CC1=CC=CC=C1
ord-eba583eb36cf40e597f1d8a3b26c7756,amine,REACTANT,SMILES,C1COCCN1C2=CN=C(C=C2)N
ord-eba583eb36cf40e597f1d8a3b26c7756,aryl halide,REACTANT,SMILES,C1=CN2C=C(C=C(C2=N1)Br)Cl
ord-eba583eb36cf40e597f1d8a3b26c7756,metal and ligand,CATALYST,SMILES,C1=CC=C(C=C1)P(C2=CC=CC=C2)C3=C(C4=CC=CC=C4C=C3)C5=C(C=CC6=CC=CC=C65)P(C7=CC=CC=C7)C8=CC=CC=C8
ord-eba583eb36cf40e597f1d8a3b26c7756,metal and ligand,CATALYST,SMILES,CC(=O)O.CC(=O)O.[Pd]
ord-eba583eb36cf40e597f1d8a3b26c7756,metal and ligand,CATALYST,SMILES,C1=CC=C(C=C1)P(C2=CC=CC=C2)C3=C(C4=CC=CC=C4C=C3)C5=C(C=CC6=CC=CC=C65)P(C7=CC=CC=C7)C8=CC=CC=C8
ord-eba583eb36cf40e597f1d8a3b26c7756,metal and ligand,CATALYST,SMILES,CC(=O)O.CC(=O)O.[Pd]
ord-945adafe269741f9bc504b4e9b38a0a3,Base,REAGENT,SMILES,CC(C)(C)[O-].[Na+]
ord-945adafe269741f9bc504b4e9b38a0a3,Solvent,SOLVENT,SMILES,CC1=CC=CC=C1
ord-945adafe269741f9bc504b4e9b38a0a3,amine,REACTANT,SMILES,C1C[C@H](C(=O)NC1)N
ord-945adafe269741f9bc504b4e9b38a0a3,aryl halide,REACTANT,SMILES,C1=CC(=C(N=C1)Br)Cl
ord-945adafe269741f9bc504b4e9b38a0a3,metal and ligand,CATALYST,SMILES,C1=CC=C(C=C1)P(C2=CC=CC=C2)C3=C(C4=CC=CC=C4C=C3)C5=C(C=CC6=CC=CC=C65)P(C7=CC=CC=C7)C8=CC=CC=C8
ord-945adafe269741f9bc504b4e9b38a0a3,metal and ligand,CATALYST,SMILES,C1=CC=C(C=C1)/C=C/C(=O)/C=C/C2=CC=CC=C2.C1=CC=C(C=C1)/C=C/C(=O)/C=C/C2=CC=CC=C2.C1=CC=C(C=C1)/C=C/C(=O)/C=C/C2=CC=CC=C2.[Pd].[Pd]
ord-945adafe269741f9bc504b4e9b38a0a3,metal and ligand,CATALYST,SMILES,C1=CC=C(C=C1)P(C2=CC=CC=C2)C3=C(C4=CC=CC=C4C=C3)C5=C(C=CC6=CC=CC=C65)P(C7=CC=CC=C7)C8=CC=CC=C8
ord-945adafe269741f9bc504b4e9b38a0a3,metal and ligand,CATALYST,SMILES,C1=CC=C(C=C1)/C=C/C(=O)/C=C/C2=CC=CC=C2.C1=CC=C(C=C1)/C=C/C(=O)/C=C/C2=CC=CC=C2.C1=CC=C(C=C1)/C=C/C(=O)/C=C/C2=CC=CC=C2.[Pd].[Pd]
ord-31042a5d8fe24c18a416eee8a6a124c6,Base,REAGENT,SMILES,CC(C)(C)[O-].[Na+]
ord-31042a5d8fe24c18a416eee8a6a124c6,Solvent,SOLVENT,SMILES,CC(=O)N(C)C
ord-31042a5d8fe24c18a416eee8a6a124c6,amine,REACTANT,SMILES,C1=CC(=C(C(=C1)F)CN)F
ord-31042a5d8fe24c18a416eee8a6a124c6,aryl halide,REACTANT,SMILES,C1=CC=C(C=C1)NC2=NC=CC(=C2)Cl
ord-31042a5d8fe24c18a416eee8a6a124c6,metal and ligand,CATALYST,SMILES,CC(C1CCCC1P(C2CCCCC2)C3CCCCC3)P(C(C)(C)C)C(C)(C)C.C1CCCC1.[Fe]
ord-31042a5d8fe24c18a416eee8a6a124c6,metal and ligand,CATALYST,SMILES,CC(=O)O.CC(=O)O.[Pd]
ord-31042a5d8fe24c18a416eee8a6a124c6,metal and ligand,CATALYST,SMILES,CC(C1CCCC1P(C2CCCCC2)C3CCCCC3)P(C(C)(C)C)C(C)(C)C.C1CCCC1.[Fe]
ord-31042a5d8fe24c18a416eee8a6a124c6,metal and ligand,CATALYST,SMILES,CC(=O)O.CC(=O)O.[Pd]
ord-7d0087e63ad44356ba79974b84233090,Base,REAGENT,SMILES,CC(C)(C)[O-].[Na+]
ord-7d0087e63ad44356ba79974b84233090,Solvent,SOLVENT,SMILES,COCCOC
ord-7d0087e63ad44356ba79974b84233090,amine,REACTANT,SMILES,C1=CC(=C(C(=C1)F)CN)F
ord-7d0087e63ad44356ba79974b84233090,aryl halide,REACTANT,SMILES,C1=CC=C(C=C1)NC2=NC=CC(=C2)Cl
ord-7d0087e63ad44356ba79974b84233090,metal and ligand,CATALYST,SMILES,CC(C1CCCC1P(C2CCCCC2)C3CCCCC3)P(C(C)(C)C)C(C)(C)C.C1CCCC1.[Fe]
ord-7d0087e63ad44356ba79974b84233090,metal and ligand,CATALYST,SMILES,CC(=O)O.CC(=O)O.[Pd]
ord-7d0087e63ad44356ba79974b84233090,metal and ligand,CATALYST,SMILES,CC(C1CCCC1P(C2CCCCC2)C3CCCCC3)P(C(C)(C)C)C(C)(C)C.C1CCCC1.[Fe]
ord-7d0087e63ad44356ba79974b84233090,metal and ligand,CATALYST,SMILES,CC(=O)O.CC(=O)O.[Pd]
ord-0d9db0bff06f4d53bf85fef23e44393c,Base,REAGENT,SMILES,C(=O)([O-])[O-].[Cs+].[Cs+]
ord-0d9db0bff06f4d53bf85fef23e44393c,Solvent,SOLVENT,SMILES,COCCOC
ord-0d9db0bff06f4d53bf85fef23e44393c,amine,REACTANT,SMILES,CC1=CN(C=N1)C2=C(C=C(C=C2)N)OC
ord-0d9db0bff06f4d53bf85fef23e44393c,aryl halide,REACTANT,SMILES,CN1C[C@@H](OC2=C(C1)C=CC(=N2)Cl)C3=CC=CC=C3
ord-0d9db0bff06f4d53bf85fef23e44393c,metal and ligand,CATALYST,SMILES,C1CCC(CC1)P(C2CCCCC2)C3=CC=CC=C3C4=CC=CC=C4
ord-0d9db0bff06f4d53bf85fef23e44393c,metal and ligand,CATALYST,SMILES,CC(=O)O.CC(=O)O.[Pd]
ord-0d9db0bff06f4d53bf85fef23e44393c,metal and ligand,CATALYST,SMILES,C1CCC(CC1)P(C2CCCCC2)C3=CC=CC=C3C4=CC=CC=C4
ord-0d9db0bff06f4d53bf85fef23e44393c,metal and ligand,CATALYST,SMILES,CC(=O)O.CC(=O)O.[Pd]
ord-c1f0d60afc5d442f82c1963456675035,Base,REAGENT,SMILES,C(=O)([O-])[O-].[Cs+].[Cs+]
ord-c1f0d60afc5d442f82c1963456675035,Solvent,SOLVENT,SMILES,C1COCCO1
ord-c1f0d60afc5d442f82c1963456675035,amine,REACTANT,SMILES,CN(C)C(=O)C1=CC2=C(C(=C1)C3CCCN3)OC(=CC2=O)N4CCOCC4
ord-c1f0d60afc5d442f82c1963456675035,aryl halide,REACTANT,SMILES,C1=C(C=C(C=C1F)Br)F
ord-c1f0d60afc5d442f82c1963456675035,metal and ligand,CATALYST,SMILES,CC1(C2=C(C(=CC=C2)P(C3=CC=CC=C3)C4=CC=CC=C4)OC5=C1C=CC=C5P(C6=CC=CC=C6)C7=CC=CC=C7)C
ord-c1f0d60afc5d442f82c1963456675035,metal and ligand,CATALYST,SMILES,CC1(C2=C(C(=CC=C2)[PH+](C3=CC=CC=C3)C4=CC=CC=C4)OC5=C1C=CC=C5[PH+](C6=CC=CC=C6)C7=CC=CC=C7)C.C1=[C-]C=C(C=C1F)F.Br[Pd+]
ord-c1f0d60afc5d442f82c1963456675035,metal and ligand,CATALYST,SMILES,CC1(C2=C(C(=CC=C2)P(C3=CC=CC=C3)C4=CC=CC=C4)OC5=C1C=CC=C5P(C6=CC=CC=C6)C7=CC=CC=C7)C
ord-c1f0d60afc5d442f82c1963456675035,metal and ligand,CATALYST,SMILES,CC1(C2=C(C(=CC=C2)[PH+](C3=CC=CC=C3)C4=CC=CC=C4)OC5=C1C=CC=C5[PH+](C6=CC=CC=C6)C7=CC=CC=C7)C.C1=[C-]C=C(C=C1F)F.Br[Pd+]
ord-18a5ade19723420ab980b1bccfb56a9b,Base,REAGENT,SMILES,C(=O)([O-])[O-].[Cs+].[Cs+]
ord-18a5ade19723420ab980b1bccfb56a9b,Solvent,SOLVENT,SMILES,CC(=O)N(C)C
ord-18a5ade19723420ab980b1bccfb56a9b,amine,REACTANT,SMILES,CN1CCNCC1
ord-18a5ade19723420ab980b1bccfb56a9b,aryl halide,REACTANT,SMILES,CC1=C(C=C(C=C1)C2=NC=CN2)NC(=O)C3=CC=C(C=C3)OCC4=C(C=CC=N4)Br
ord-18a5ade19723420ab980b1bccfb56a9b,metal and ligand,CATALYST,SMILES,C1=CC=C(C=C1)P(C2=CC=CC=C2)C3=C(C4=CC=CC=C4C=C3)C5=C(C=CC6=CC=CC=C65)P(C7=CC=CC=C7)C8=CC=CC=C8
ord-18a5ade19723420ab980b1bccfb56a9b,metal and ligand,CATALYST,SMILES,C1=CC=C(C=C1)/C=C/C(=O)/C=C/C2=CC=CC=C2.C1=CC=C(C=C1)/C=C/C(=O)/C=C/C2=CC=CC=C2.C1=CC=C(C=C1)/C=C/C(=O)/C=C/C2=CC=CC=C2.[Pd].[Pd]
ord-18a5ade19723420ab980b1bccfb56a9b,metal and ligand,CATALYST,SMILES,C1=CC=C(C=C1)P(C2=CC=CC=C2)C3=C(C4=CC=CC=C4C=C3)C5=C(C=CC6=CC=CC=C65)P(C7=CC=CC=C7)C8=CC=CC=C8
ord-18a5ade19723420ab980b1bccfb56a9b,metal and ligand,CATALYST,SMILES,C1=CC=C(C=C1)/C=C/C(=O)/C=C/C2=CC=CC=C2.C1=CC=C(C=C1)/C=C/C(=O)/C=C/C2=CC=CC=C2.C1=CC=C(C=C1)/C=C/C(=O)/C=C/C2=CC=CC=C2.[Pd].[Pd]
ord-c9fc8ca9766b49dfbbd86d67f996e21e,Base,REAGENT,SMILES,C(=O)([O-])[O-].[Cs+].[Cs+]
ord-c9fc8ca9766b49dfbbd86d67f996e21e,Solvent,SOLVENT,SMILES,C1COCCO1
ord-c9fc8ca9766b49dfbbd86d67f996e21e,amine,REACTANT,SMILES,CC(C)(C)OC(=O)N[C@@H]1CCC[C@@H](C1)C(=O)N
ord-c9fc8ca9766b49dfbbd86d67f996e21e,aryl halide,REACTANT,SMILES,C1CCN2C(=C(C=N2)C3=CC(=NC=C3F)Cl)C1
ord-c9fc8ca9766b49dfbbd86d67f996e21e,metal and ligand,CATALYST,SMILES,CC1(C2=C(C(=CC=C2)P(C3=CC=CC=C3)C4=CC=CC=C4)OC5=C1C=CC=C5P(C6=CC=CC=C6)C7=CC=CC=C7)C
ord-c9fc8ca9766b49dfbbd86d67f996e21e,metal and ligand,CATALYST,SMILES,C1=CC=C(C=C1)P(C2=CC=CC=C2)C3=CC=CC=C3.C1=CC=C(C=C1)P(C2=CC=CC=C2)C3=CC=CC=C3.C1=CC=C(C=C1)P(C2=CC=CC=C2)C3=CC=CC=C3.C1=CC=C(C=C1)P(C2=CC=CC=C2)C3=CC=CC=C3.[Pd]
ord-c9fc8ca9766b49dfbbd86d67f996e21e,metal and ligand,CATALYST,SMILES,CC1(C2=C(C(=CC=C2)P(C3=CC=CC=C3)C4=CC=CC=C4)OC5=C1C=CC=C5P(C6=CC=CC=C6)C7=CC=CC=C7)C
ord-c9fc8ca9766b49dfbbd86d67f996e21e,metal and ligand,CATALYST,SMILES,C1=CC=C(C=C1)P(C2=CC=CC=C2)C3=CC=CC=C3.C1=CC=C(C=C1)P(C2=CC=CC=C2)C3=CC=CC=C3.C1=CC=C(C=C1)P(C2=CC=CC=C2)C3=CC=CC=C3.C1=CC=C(C=C1)P(C2=CC=CC=C2)C3=CC=CC=C3.[Pd]
ord-e6335b06fa23489ab5143a6fe79c709a,Base,REAGENT,SMILES,C(=O)([O-])[O-].[Cs+].[Cs+]
ord-e6335b06fa23489ab5143a6fe79c709a,Solvent,SOLVENT,SMILES,C1COCCO1
ord-e6335b06fa23489ab5143a6fe79c709a,amine,REACTANT,SMILES,CC(C1=NC=C(C=N1)F)N.Cl
ord-e6335b06fa23489ab5143a6fe79c709a,aryl halide,REACTANT,SMILES,CN1C=C(N=C1)NC2=C3C=CN(C3=NC(=N2)Cl)C4CC4
ord-e6335b06fa23489ab5143a6fe79c709a,metal and ligand,CATALYST,SMILES,CC(C1CCCC1P(C2CCCCC2)C3CCCCC3)P(C(C)(C)C)C(C)(C)C.C1CCCC1.[Fe]
ord-e6335b06fa23489ab5143a6fe79c709a,metal and ligand,CATALYST,SMILES,CC(=O)O.CC(=O)O.[Pd]
ord-e6335b06fa23489ab5143a6fe79c709a,metal and ligand,CATALYST,SMILES,CC(C1CCCC1P(C2CCCCC2)C3CCCCC3)P(C(C)(C)C)C(C)(C)C.C1CCCC1.[Fe]
ord-e6335b06fa23489ab5143a6fe79c709a,metal and ligand,CATALYST,SMILES,CC(=O)O.CC(=O)O.[Pd]
ord-3d49493a2a1a42b2b80747d57867d066,Base,REAGENT,SMILES,CC(C)(C)[O-].[Na+]
ord-3d49493a2a1a42b2b80747d57867d066,Solvent,SOLVENT,SMILES,CC(=O)N(C)C
ord-3d49493a2a1a42b2b80747d57867d066,amine,REACTANT,SMILES,COC1=CC=CC(=C1)CN
ord-3d49493a2a1a42b2b80747d57867d066,aryl halide,REACTANT,SMILES,C1=CC=C(C=C1)NC2=NC=CC(=C2)Cl
ord-3d49493a2a1a42b2b80747d57867d066,metal and ligand,CATALYST,SMILES,CC(C1CCCC1P(C2CCCCC2)C3CCCCC3)P(C(C)(C)C)C(C)(C)C.C1CCCC1.[Fe]
ord-3d49493a2a1a42b2b80747d57867d066,metal and ligand,CATALYST,SMILES,CC(=O)O.CC(=O)O.[Pd]
ord-3d49493a2a1a42b2b80747d57867d066,metal and ligand,CATALYST,SMILES,CC(C1CCCC1P(C2CCCCC2)C3CCCCC3)P(C(C)(C)C)C(C)(C)C.C1CCCC1.[Fe]
ord-3d49493a2a1a42b2b80747d57867d066,metal and ligand,CATALYST,SMILES,CC(=O)O.CC(=O)O.[Pd]
ord-3016ae12f45142f49e43a15eaa293eb1,Base,REAGENT,SMILES,CC(C)(C)[O-].[Na+]
ord-3016ae12f45142f49e43a15eaa293eb1,Solvent,SOLVENT,SMILES,CC1=CC=CC=C1
ord-3016ae12f45142f49e43a15eaa293eb1,amine,REACTANT,SMILES,CC(C)(C)OC(=O)N1CCC[C@H](C1)N
ord-3016ae12f45142f49e43a15eaa293eb1,aryl halide,REACTANT,SMILES,C1=CC=NC(=C1)Cl
ord-3016ae12f45142f49e43a15eaa293eb1,metal and ligand,CATALYST,SMILES,C1=CC=C(C=C1)P(C2=CC=CC=C2)C3=C(C4=CC=CC=C4C=C3)C5=C(C=CC6=CC=CC=C65)P(C7=CC=CC=C7)C8=CC=CC=C8
ord-3016ae12f45142f49e43a15eaa293eb1,metal and ligand,CATALYST,SMILES,C1=CC=C(C=C1)/C=C/C(=O)/C=C/C2=CC=CC=C2.C1=CC=C(C=C1)/C=C/C(=O)/C=C/C2=CC=CC=C2.C1=CC=C(C=C1)/C=C/C(=O)/C=C/C2=CC=CC=C2.[Pd].[Pd]
ord-3016ae12f45142f49e43a15eaa293eb1,metal and ligand,CATALYST,SMILES,C1=CC=C(C=C1)P(C2=CC=CC=C2)C3=C(C4=CC=CC=C4C=C3)C5=C(C=CC6=CC=CC=C65)P(C7=CC=CC=C7)C8=CC=CC=C8
ord-3016ae12f45142f49e43a15eaa293eb1,metal and ligand,CATALYST,SMILES,C1=CC=C(C=C1)/C=C/C(=O)/C=C/C2=CC=CC=C2.C1=CC=C(C=C1)/C=C/C(=O)/C=C/C2=CC=CC=C2.C1=CC=C(C=C1)/C=C/C(=O)/C=C/C2=CC=CC=C2.[Pd].[Pd]
ord-42c0acd76af041bb93244dbfe53a7422,Base,REAGENT,SMILES,CC(C)(C)[O-].[Na+]
ord-42c0acd76af041bb93244dbfe53a7422,Solvent,SOLVENT,SMILES,CC(=O)N(C)C
ord-42c0acd76af041bb93244dbfe53a7422,amine,REACTANT,SMILES,C1=CN=CC=C1CN
ord-42c0acd76af041bb93244dbfe53a7422,aryl halide,REACTANT,SMILES,C1=CC=C(C=C1)NC2=NC=CC(=C2)Cl
ord-42c0acd76af041bb93244dbfe53a7422,metal and ligand,CATALYST,SMILES,CC(C1CCCC1P(C2CCCCC2)C3CCCCC3)P(C(C)(C)C)C(C)(C)C.C1CCCC1.[Fe]
ord-42c0acd76af041bb93244dbfe53a7422,metal and ligand,CATALYST,SMILES,CC(=O)O.CC(=O)O.[Pd]
ord-42c0acd76af041bb93244dbfe53a7422,metal and ligand,CATALYST,SMILES,CC(C1CCCC1P(C2CCCCC2)C3CCCCC3)P(C(C)(C)C)C(C)(C)C.C1CCCC1.[Fe]
ord-42c0acd76af041bb93244dbfe53a7422,metal and ligand,CATALYST,SMILES,CC(=O)O.CC(=O)O.[Pd]
ord-63fc87ded08344459c39e54d90416da8,Base,REAGENT,SMILES,CC(C)(C)[O-].[Na+]
ord-63fc87ded08344459c39e54d90416da8,Solvent,SOLVENT,SMILES,CC(=O)N(C)C
ord-63fc87ded08344459c39e54d90416da8,amine,REACTANT,SMILES,C1=CN=CC=C1CN
ord-63fc87ded08344459c39e54d90416da8,aryl halide,REACTANT,SMILES,C1=CC=C(C=C1)NC2=NC=CC(=C2)Cl
ord-63fc87ded08344459c39e54d90416da8,metal and ligand,CATALYST,SMILES,CC(C1CCCC1P(C2CCCCC2)C3CCCCC3)P(C(C)(C)C)C(C)(C)C.C1CCCC1.[Fe]
ord-63fc87ded08344459c39e54d90416da8,metal and ligand,CATALYST,SMILES,CC(=O)O.CC(=O)O.[Pd]
ord-63fc87ded08344459c39e54d90416da8,metal and ligand,CATALYST,SMILES,CC(C1CCCC1P(C2CCCCC2)C3CCCCC3)P(C(C)(C)C)C(C)(C)C.C1CCCC1.[Fe]
ord-63fc87ded08344459c39e54d90416da8,metal and ligand,CATALYST,SMILES,CC(=O)O.CC(=O)O.[Pd]
ord-14a2a1784ff04475ad4db1893eca50ce,Base,REAGENT,SMILES,C(=O)([O-])[O-].[Cs+].[Cs+]
ord-14a2a1784ff04475ad4db1893eca50ce,Solvent,SOLVENT,SMILES,CC1=CC=CC=C1
ord-14a2a1784ff04475ad4db1893eca50ce,amine,REACTANT,SMILES,CC(C)(C)OC(=O)NC1CCNCC1
ord-14a2a1784ff04475ad4db1893eca50ce,aryl halide,REACTANT,SMILES,C1=CC(=CC(=C1)Br)[N+](=O)[O-]
ord-14a2a1784ff04475ad4db1893eca50ce,metal and ligand,CATALYST,SMILES,C1=CC=C(C=C1)P(C2=CC=CC=C2)C3=C(C4=CC=CC=C4C=C3)C5=C(C=CC6=CC=CC=C65)P(C7=CC=CC=C7)C8=CC=CC=C8
ord-14a2a1784ff04475ad4db1893eca50ce,metal and ligand,CATALYST,SMILES,C1=CC=C(C=C1)/C=C/C(=O)/C=C/C2=CC=CC=C2.C1=CC=C(C=C1)/C=C/C(=O)/C=C/C2=CC=CC=C2.C1=CC=C(C=C1)/C=C/C(=O)/C=C/C2=CC=CC=C2.[Pd].[Pd]
ord-14a2a1784ff04475ad4db1893eca50ce,metal and ligand,CATALYST,SMILES,C1=CC=C(C=C1)P(C2=CC=CC=C2)C3=C(C4=CC=CC=C4C=C3)C5=C(C=CC6=CC=CC=C65)P(C7=CC=CC=C7)C8=CC=CC=C8
ord-14a2a1784ff04475ad4db1893eca50ce,metal and ligand,CATALYST,SMILES,C1=CC=C(C=C1)/C=C/C(=O)/C=C/C2=CC=CC=C2.C1=CC=C(C=C1)/C=C/C(=O)/C=C/C2=CC=CC=C2.C1=CC=C(C=C1)/C=C/C(=O)/C=C/C2=CC=CC=C2.[Pd].[Pd]
ord-ea023f46022d4035acdf5a18572a2571,Base,REAGENT,SMILES,C(=O)([O-])[O-].[Cs+].[Cs+]
ord-ea023f46022d4035acdf5a18572a2571,Solvent,SOLVENT,SMILES,CC1=CC=CC=C1
ord-ea023f46022d4035acdf5a18572a2571,amine,REACTANT,SMILES,C[C@@H]1CNCCN1
ord-ea023f46022d4035acdf5a18572a2571,aryl halide,REACTANT,SMILES,CC(=O)OCC1=C2C(=CC=C1)C(=O)C=C(O2)C3=CC=C(C=C3)Br
ord-ea023f46022d4035acdf5a18572a2571,metal and ligand,CATALYST,SMILES,C1=CC=C(C=C1)P(C2=CC=CC=C2)C3=C(C4=CC=CC=C4C=C3)C5=C(C=CC6=CC=CC=C65)P(C7=CC=CC=C7)C8=CC=CC=C8
ord-ea023f46022d4035acdf5a18572a2571,metal and ligand,CATALYST,SMILES,CC(=O)O.CC(=O)O.[Pd]
ord-ea023f46022d4035acdf5a18572a2571,metal and ligand,CATALYST,SMILES,C1=CC=C(C=C1)P(C2=CC=CC=C2)C3=C(C4=CC=CC=C4C=C3)C5=C(C=CC6=CC=CC=C65)P(C7=CC=CC=C7)C8=CC=CC=C8
ord-ea023f46022d4035acdf5a18572a2571,metal and ligand,CATALYST,SMILES,CC(=O)O.CC(=O)O.[Pd]
ord-71ad501d78264f9aa8b8fb6c66e7e044,Base,REAGENT,SMILES,C(=O)([O-])[O-].[Cs+].[Cs+]
ord-71ad501d78264f9aa8b8fb6c66e7e044,Solvent,SOLVENT,SMILES,C1COCCO1
ord-71ad501d78264f9aa8b8fb6c66e7e044,amine,REACTANT,SMILES,CC1=CC(=C(C=C1NC(=O)C)N)F
ord-71ad501d78264f9aa8b8fb6c66e7e044,aryl halide,REACTANT,SMILES,C1CC1NC2=CC(=NC3=C(C=NN23)C#N)Cl
ord-71ad501d78264f9aa8b8fb6c66e7e044,metal and ligand,CATALYST,SMILES,CC(C)C1=CC(=C(C(=C1)C(C)C)C2=CC=CC=C2P(C(C)(C)C)C(C)(C)C)C(C)C
ord-71ad501d78264f9aa8b8fb6c66e7e044,metal and ligand,CATALYST,SMILES,C1=CC=C(C=C1)/C=C/C(=O)/C=C/C2=CC=CC=C2.C1=CC=C(C=C1)/C=C/C(=O)/C=C/C2=CC=CC=C2.C1=CC=C(C=C1)/C=C/C(=O)/C=C/C2=CC=CC=C2.[Pd].[Pd]
ord-71ad501d78264f9aa8b8fb6c66e7e044,metal and ligand,CATALYST,SMILES,CC(C)C1=CC(=C(C(=C1)C(C)C)C2=CC=CC=C2P(C(C)(C)C)C(C)(C)C)C(C)C
ord-71ad501d78264f9aa8b8fb6c66e7e044,metal and ligand,CATALYST,SMILES,C1=CC=C(C=C1)/C=C/C(=O)/C=C/C2=CC=CC=C2.C1=CC=C(C=C1)/C=C/C(=O)/C=C/C2=CC=CC=C2.C1=CC=C(C=C1)/C=C/C(=O)/C=C/C2=CC=CC=C2.[Pd].[Pd]
ord-0fa3456b7ef04add84c9ed9afa8e014e,Base,REAGENT,SMILES,C(=O)([O-])[O-].[Cs+].[Cs+]
ord-0fa3456b7ef04add84c9ed9afa8e014e,Solvent,SOLVENT,SMILES,CC1=CC=CC=C1
ord-0fa3456b7ef04add84c9ed9afa8e014e,amine,REACTANT,SMILES,C1COCCN1
ord-0fa3456b7ef04add84c9ed9afa8e014e,aryl halide,REACTANT,SMILES,CCOC(=O)C1=CC(=CC=C1)Br
ord-0fa3456b7ef04add84c9ed9afa8e014e,metal and ligand,CATALYST,SMILES,C1=CC=C(C=C1)P(C2=CC=CC=C2)C3=C(C4=CC=CC=C4C=C3)C5=C(C=CC6=CC=CC=C65)P(C7=CC=CC=C7)C8=CC=CC=C8
ord-0fa3456b7ef04add84c9ed9afa8e014e,metal and ligand,CATALYST,SMILES,CC(=O)O.CC(=O)O.[Pd]
ord-0fa3456b7ef04add84c9ed9afa8e014e,metal and ligand,CATALYST,SMILES,C1=CC=C(C=C1)P(C2=CC=CC=C2)C3=C(C4=CC=CC=C4C=C3)C5=C(C=CC6=CC=CC=C65)P(C7=CC=CC=C7)C8=CC=CC=C8
ord-0fa3456b7ef04add84c9ed9afa8e014e,metal and ligand,CATALYST,SMILES,CC(=O)O.CC(=O)O.[Pd]
ord-c9d3e32c4ae3434fab0938e5982b9ebd,Base,REAGENT,SMILES,CC(C)(C)[O-].[Na+]
ord-c9d3e32c4ae3434fab0938e5982b9ebd,Solvent,SOLVENT,SMILES,C1COCCO1
ord-c9d3e32c4ae3434fab0938e5982b9ebd,amine,REACTANT,SMILES,CC(C)(C)OC(=O)N1CCNCC1
ord-c9d3e32c4ae3434fab0938e5982b9ebd,aryl halide,REACTANT,SMILES,C1=CC(=CN=C1)Br
ord-c9d3e32c4ae3434fab0938e5982b9ebd,metal and ligand,CATALYST,SMILES,CC(C)OC1=C(C(=CC=C1)OC(C)C)C2=CC=CC=C2P(C3CCCCC3)C4CCCCC4
ord-c9d3e32c4ae3434fab0938e5982b9ebd,metal and ligand,CATALYST,SMILES,CC(=O)O.CC(=O)O.[Pd]
ord-c9d3e32c4ae3434fab0938e5982b9ebd,metal and ligand,CATALYST,SMILES,CC(C)OC1=C(C(=CC=C1)OC(C)C)C2=CC=CC=C2P(C3CCCCC3)C4CCCCC4
ord-c9d3e32c4ae3434fab0938e5982b9ebd,metal and ligand,CATALYST,SMILES,CC(=O)O.CC(=O)O.[Pd]
ord-7977e1a392644e76ab21a7fab838843f,Base,REAGENT,SMILES,CC(C)(C)[O-].[Na+]
ord-7977e1a392644e76ab21a7fab838843f,Solvent,SOLVENT,SMILES,CC1=CC=CC=C1
ord-7977e1a392644e76ab21a7fab838843f,amine,REACTANT,SMILES,CC(C)(C)OC(=O)N1CCNCC1
ord-7977e1a392644e76ab21a7fab838843f,aryl halide,REACTANT,SMILES,C1=CC(=CN=C1)Br
ord-7977e1a392644e76ab21a7fab838843f,metal and ligand,CATALYST,SMILES,C1=CC=C(C=C1)P(C2=CC=CC=C2)C3=C(C4=CC=CC=C4C=C3)C5=C(C=CC6=CC=CC=C65)P(C7=CC=CC=C7)C8=CC=CC=C8
ord-7977e1a392644e76ab21a7fab838843f,metal and ligand,CATALYST,SMILES,C1=CC=C(C=C1)/C=C/C(=O)/C=C/C2=CC=CC=C2.C1=CC=C(C=C1)/C=C/C(=O)/C=C/C2=CC=CC=C2.C1=CC=C(C=C1)/C=C/C(=O)/C=C/C2=CC=CC=C2.[Pd].[Pd]
ord-7977e1a392644e76ab21a7fab838843f,metal and ligand,CATALYST,SMILES,C1=CC=C(C=C1)P(C2=CC=CC=C2)C3=C(C4=CC=CC=C4C=C3)C5=C(C=CC6=CC=CC=C65)P(C7=CC=CC=C7)C8=CC=CC=C8
ord-7977e1a392644e76ab21a7fab838843f,metal and ligand,CATALYST,SMILES,C1=CC=C(C=C1)/C=C/C(=O)/C=C/C2=CC=CC=C2.C1=CC=C(C=C1)/C=C/C(=O)/C=C/C2=CC=CC=C2.C1=CC=C(C=C1)/C=C/C(=O)/C=C/C2=CC=CC=C2.[Pd].[Pd]
ord-b4111a9cc1ab4be8bf9e586d821e9697,Base,REAGENT,SMILES,C(=O)([O-])[O-].[Cs+].[Cs+]
ord-b4111a9cc1ab4be8bf9e586d821e9697,Solvent,SOLVENT,SMILES,C1CCOC1
ord-b4111a9cc1ab4be8bf9e586d821e9697,amine,REACTANT,SMILES,C1=CC(=CC(=C1)N)CO
ord-b4111a9cc1ab4be8bf9e586d821e9697,aryl halide,REACTANT,SMILES,C1=CC=C(C=C1)Br
ord-b4111a9cc1ab4be8bf9e586d821e9697,metal and ligand,CATALYST,SMILES,CC1(C2=C(C(=CC=C2)P(C3=CC=CC=C3)C4=CC=CC=C4)OC5=C1C=CC=C5P(C6=CC=CC=C6)C7=CC=CC=C7)C
ord-b4111a9cc1ab4be8bf9e586d821e9697,metal and ligand,CATALYST,SMILES,C1=CC=C(C=C1)/C=C/C(=O)/C=C/C2=CC=CC=C2.C1=CC=C(C=C1)/C=C/C(=O)/C=C/C2=CC=CC=C2.C1=CC=C(C=C1)/C=C/C(=O)/C=C/C2=CC=CC=C2.[Pd].[Pd]
ord-b4111a9cc1ab4be8bf9e586d821e9697,metal and ligand,CATALYST,SMILES,CC1(C2=C(C(=CC=C2)P(C3=CC=CC=C3)C4=CC=CC=C4)OC5=C1C=CC=C5P(C6=CC=CC=C6)C7=CC=CC=C7)C
ord-b4111a9cc1ab4be8bf9e586d821e9697,metal and ligand,CATALYST,SMILES,C1=CC=C(C=C1)/C=C/C(=O)/C=C/C2=CC=CC=C2.C1=CC=C(C=C1)/C=C/C(=O)/C=C/C2=CC=CC=C2.C1=CC=C(C=C1)/C=C/C(=O)/C=C/C2=CC=CC=C2.[Pd].[Pd]
ord-971b196dec9043e8982df95c855b9cba,Base,REAGENT,SMILES,C(=O)([O-])[O-].[Cs+].[Cs+]
ord-971b196dec9043e8982df95c855b9cba,Solvent,SOLVENT,SMILES,CC1=CC=CC=C1
ord-971b196dec9043e8982df95c855b9cba,amine,REACTANT,SMILES,COC1=NC(=NC=C1Br)N
ord-971b196dec9043e8982df95c855b9cba,aryl halide,REACTANT,SMILES,C1=CC(=CC(=C1)I)C(F)(F)F
ord-971b196dec9043e8982df95c855b9cba,metal and ligand,CATALYST,SMILES,C1=CC=C(C=C1)P(C2=CC=CC=C2)C3=C(C4=CC=CC=C4C=C3)C5=C(C=CC6=CC=CC=C65)P(C7=CC=CC=C7)C8=CC=CC=C8
ord-971b196dec9043e8982df95c855b9cba,metal and ligand,CATALYST,SMILES,CC(=O)O.CC(=O)O.[Pd]
ord-971b196dec9043e8982df95c855b9cba,metal and ligand,CATALYST,SMILES,C1=CC=C(C=C1)P(C2=CC=CC=C2)C3=C(C4=CC=CC=C4C=C3)C5=C(C=CC6=CC=CC=C65)P(C7=CC=CC=C7)C8=CC=CC=C8
ord-971b196dec9043e8982df95c855b9cba,metal and ligand,CATALYST,SMILES,CC(=O)O.CC(=O)O.[Pd]
ord-e759a68ff56d4b3bb4604b0f87a340c5,Base,REAGENT,SMILES,CC(C)(C)[O-].[Na+]
ord-e759a68ff56d4b3bb4604b0f87a340c5,Solvent,SOLVENT,SMILES,COCCOC
ord-e759a68ff56d4b3bb4604b0f87a340c5,amine,REACTANT,SMILES,C1CCNCC1
ord-e759a68ff56d4b3bb4604b0f87a340c5,aryl halide,REACTANT,SMILES,CN1CCN(CC1)C2=C3CN(CCC3=C(C=C2)OC)C(=O)CC4=CC=C(C=C4)Br
ord-e759a68ff56d4b3bb4604b0f87a340c5,metal and ligand,CATALYST,SMILES,CC1(C2=C(C(=CC=C2)P(C3=CC=CC=C3)C4=CC=CC=C4)OC5=C1C=CC=C5P(C6=CC=CC=C6)C7=CC=CC=C7)C
ord-e759a68ff56d4b3bb4604b0f87a340c5,metal and ligand,CATALYST,SMILES,C1=CC=C(C=C1)/C=C/C(=O)/C=C/C2=CC=CC=C2.C1=CC=C(C=C1)/C=C/C(=O)/C=C/C2=CC=CC=C2.C1=CC=C(C=C1)/C=C/C(=O)/C=C/C2=CC=CC=C2.[Pd].[Pd]
ord-e759a68ff56d4b3bb4604b0f87a340c5,metal and ligand,CATALYST,SMILES,CC1(C2=C(C(=CC=C2)P(C3=CC=CC=C3)C4=CC=CC=C4)OC5=C1C=CC=C5P(C6=CC=CC=C6)C7=CC=CC=C7)C
ord-e759a68ff56d4b3bb4604b0f87a340c5,metal and ligand,CATALYST,SMILES,C1=CC=C(C=C1)/C=C/C(=O)/C=C/C2=CC=CC=C2.C1=CC=C(C=C1)/C=C/C(=O)/C=C/C2=CC=CC=C2.C1=CC=C(C=C1)/C=C/C(=O)/C=C/C2=CC=CC=C2.[Pd].[Pd]
ord-d99eea842421462c960430aa6c192254,Base,REAGENT,SMILES,C(=O)([O-])[O-].[Cs+].[Cs+]
ord-d99eea842421462c960430aa6c192254,Solvent,SOLVENT,SMILES,CC1=CC=CC=C1
ord-d99eea842421462c960430aa6c192254,amine,REACTANT,SMILES,CN1C(=C(C=N1)C(=O)N2CCC(CC2)N)Cl
ord-d99eea842421462c960430aa6c192254,aryl halide,REACTANT,SMILES,C1=CC=C2C(=C1)C(=CN=N2)Cl
ord-d99eea842421462c960430aa6c192254,metal and ligand,CATALYST,SMILES,C1=CC=C(C=C1)P(C2=CC=CC=C2)C3=C(C4=CC=CC=C4C=C3)C5=C(C=CC6=CC=CC=C65)P(C7=CC=CC=C7)C8=CC=CC=C8
ord-d99eea842421462c960430aa6c192254,metal and ligand,CATALYST,SMILES,CC(=O)O.CC(=O)O.[Pd]
ord-d99eea842421462c960430aa6c192254,metal and ligand,CATALYST,SMILES,C1=CC=C(C=C1)P(C2=CC=CC=C2)C3=C(C4=CC=CC=C4C=C3)C5=C(C=CC6=CC=CC=C65)P(C7=CC=CC=C7)C8=CC=CC=C8
ord-d99eea842421462c960430aa6c192254,metal and ligand,CATALYST,SMILES,CC(=O)O.CC(=O)O.[Pd]
ord-322a5f0c927a43d5b08115d8443f975d,Base,REAGENT,SMILES,C(=O)([O-])[O-].[Cs+].[Cs+]
ord-322a5f0c927a43d5b08115d8443f975d,Solvent,SOLVENT,SMILES,COCCOC
ord-322a5f0c927a43d5b08115d8443f975d,amine,REACTANT,SMILES,CC1=CN(C=N1)C2=C(C=C(C=C2)N)OC.Cl
ord-322a5f0c927a43d5b08115d8443f975d,aryl halide,REACTANT,SMILES,CN1CC(OC2=C(C1=O)C=CC(=N2)Cl)C3=CC=CC=C3
ord-322a5f0c927a43d5b08115d8443f975d,metal and ligand,CATALYST,SMILES,C1CCC(CC1)P(C2CCCCC2)C3=CC=CC=C3C4=CC=CC=C4
ord-322a5f0c927a43d5b08115d8443f975d,metal and ligand,CATALYST,SMILES,CC(=O)O.CC(=O)O.[Pd]
ord-322a5f0c927a43d5b08115d8443f975d,metal and ligand,CATALYST,SMILES,C1CCC(CC1)P(C2CCCCC2)C3=CC=CC=C3C4=CC=CC=C4
ord-322a5f0c927a43d5b08115d8443f975d,metal and ligand,CATALYST,SMILES,CC(=O)O.CC(=O)O.[Pd]
ord-5410161a80384996abaacdd18920aec7,Base,REAGENT,SMILES,C(=O)([O-])[O-].[Cs+].[Cs+]
ord-5410161a80384996abaacdd18920aec7,Solvent,SOLVENT,SMILES,C1COCCO1
ord-5410161a80384996abaacdd18920aec7,amine,REACTANT,SMILES,CC(=O)NC1=C(C=CC(=C1)N)N(C)CCN(C)C
ord-5410161a80384996abaacdd18920aec7,aryl halide,REACTANT,SMILES,C1CC1NC2=CC(=NC3=C(C=NN23)C#N)Cl
ord-5410161a80384996abaacdd18920aec7,metal and ligand,CATALYST,SMILES,CC(C)C1=CC(=C(C(=C1)C(C)C)C2=CC=CC=C2P(C(C)(C)C)C(C)(C)C)C(C)C
ord-5410161a80384996abaacdd18920aec7,metal and ligand,CATALYST,SMILES,C1=CC=C(C=C1)/C=C/C(=O)/C=C/C2=CC=CC=C2.C1=CC=C(C=C1)/C=C/C(=O)/C=C/C2=CC=CC=C2.C1=CC=C(C=C1)/C=C/C(=O)/C=C/C2=CC=CC=C2.[Pd].[Pd]
ord-5410161a80384996abaacdd18920aec7,metal and ligand,CATALYST,SMILES,CC(C)C1=CC(=C(C(=C1)C(C)C)C2=CC=CC=C2P(C(C)(C)C)C(C)(C)C)C(C)C
ord-5410161a80384996abaacdd18920aec7,metal and ligand,CATALYST,SMILES,C1=CC=C(C=C1)/C=C/C(=O)/C=C/C2=CC=CC=C2.C1=CC=C(C=C1)/C=C/C(=O)/C=C/C2=CC=CC=C2.C1=CC=C(C=C1)/C=C/C(=O)/C=C/C2=CC=CC=C2.[Pd].[Pd]
ord-c4c5eb3c12504ceeb83c5886c7e20d94,Base,REAGENT,SMILES,C(=O)([O-])[O-].[Cs+].[Cs+]
ord-c4c5eb3c12504ceeb83c5886c7e20d94,Solvent,SOLVENT,SMILES,C1COCCO1
ord-c4c5eb3c12504ceeb83c5886c7e20d94,amine,REACTANT,SMILES,C1COCCN1
ord-c4c5eb3c12504ceeb83c5886c7e20d94,aryl halide,REACTANT,SMILES,C1=CC2=NC=CN2C=C1Br
ord-c4c5eb3c12504ceeb83c5886c7e20d94,metal and ligand,CATALYST,SMILES,CC(C)OC1=C(C(=CC=C1)OC(C)C)C2=CC=CC=C2P(C3CCCCC3)C4CCCCC4
ord-c4c5eb3c12504ceeb83c5886c7e20d94,metal and ligand,CATALYST,SMILES,Cl[Pd+].C1=CC=C(C=C1)C2=CC=CC=C2N
ord-c4c5eb3c12504ceeb83c5886c7e20d94,metal and ligand,CATALYST,SMILES,CC(C)OC1=C(C(=CC=C1)OC(C)C)C2=CC=CC=C2P(C3CCCCC3)C4CCCCC4
ord-c4c5eb3c12504ceeb83c5886c7e20d94,metal and ligand,CATALYST,SMILES,Cl[Pd+].C1=CC=C(C=C1)C2=CC=CC=C2N
ord-273601a9c88f40afa5574d06d820673e,Base,REAGENT,SMILES,CC(C)(C)[O-].[Na+]
ord-273601a9c88f40afa5574d06d820673e,Solvent,SOLVENT,SMILES,CC1=CC=CC=C1
ord-273601a9c88f40afa5574d06d820673e,amine,REACTANT,SMILES,C1CCC(CC1)N
ord-273601a9c88f40afa5574d06d820673e,aryl halide,REACTANT,SMILES,CC1=C(N=CC=C1)Br
ord-273601a9c88f40afa5574d06d820673e,metal and ligand,CATALYST,SMILES,C1=CC=C(C=C1)P(C2=CC=CC=C2)C3=C(C4=CC=CC=C4C=C3)C5=C(C=CC6=CC=CC=C65)P(C7=CC=CC=C7)C8=CC=CC=C8
ord-273601a9c88f40afa5574d06d820673e,metal and ligand,CATALYST,SMILES,C1=CC=C(C=C1)/C=C/C(=O)/C=C/C2=CC=CC=C2.C1=CC=C(C=C1)/C=C/C(=O)/C=C/C2=CC=CC=C2.C1=CC=C(C=C1)/C=C/C(=O)/C=C/C2=CC=CC=C2.[Pd].[Pd]
ord-273601a9c88f40afa5574d06d820673e,metal and ligand,CATALYST,SMILES,C1=CC=C(C=C1)P(C2=CC=CC=C2)C3=C(C4=CC=CC=C4C=C3)C5=C(C=CC6=CC=CC=C65)P(C7=CC=CC=C7)C8=CC=CC=C8
ord-273601a9c88f40afa5574d06d820673e,metal and ligand,CATALYST,SMILES,C1=CC=C(C=C1)/C=C/C(=O)/C=C/C2=CC=CC=C2.C1=CC=C(C=C1)/C=C/C(=O)/C=C/C2=CC=CC=C2.C1=CC=C(C=C1)/C=C/C(=O)/C=C/C2=CC=CC=C2.[Pd].[Pd]
ord-9faf2ea031204c63b2d52d8ff6231013,Base,REAGENT,SMILES,C(=O)([O-])[O-].[Cs+].[Cs+]
ord-9faf2ea031204c63b2d52d8ff6231013,Solvent,SOLVENT,SMILES,C1COCCO1
ord-9faf2ea031204c63b2d52d8ff6231013,amine,REACTANT,SMILES,C1CC(NC1)C2=CC=CC=C2
ord-9faf2ea031204c63b2d52d8ff6231013,aryl halide,REACTANT,SMILES,C1=CC=C(C=C1)Br
ord-9faf2ea031204c63b2d52d8ff6231013,metal and ligand,CATALYST,SMILES,CC(C)OC1=C(C(=CC=C1)OC(C)C)C2=CC=CC=C2P(C3CCCCC3)C4CCCCC4
ord-9faf2ea031204c63b2d52d8ff6231013,metal and ligand,CATALYST,SMILES,C1=CC=C(C=C1)/C=C/C(=O)/C=C/C2=CC=CC=C2.C1=CC=C(C=C1)/C=C/C(=O)/C=C/C2=CC=CC=C2.C1=CC=C(C=C1)/C=C/C(=O)/C=C/C2=CC=CC=C2.[Pd].[Pd]
ord-9faf2ea031204c63b2d52d8ff6231013,metal and ligand,CATALYST,SMILES,CC(C)OC1=C(C(=CC=C1)OC(C)C)C2=CC=CC=C2P(C3CCCCC3)C4CCCCC4
ord-9faf2ea031204c63b2d52d8ff6231013,metal and ligand,CATALYST,SMILES,C1=CC=C(C=C1)/C=C/C(=O)/C=C/C2=CC=CC=C2.C1=CC=C(C=C1)/C=C/C(=O)/C=C/C2=CC=CC=C2.C1=CC=C(C=C1)/C=C/C(=O)/C=C/C2=CC=CC=C2.[Pd].[Pd]
ord-f61e41a27de94fdca6031e20c1049254,Base,REAGENT,SMILES,CC(C)(C)[O-].[Na+]
ord-f61e41a27de94fdca6031e20c1049254,Solvent,SOLVENT,SMILES,CC(=O)N(C)C
ord-f61e41a27de94fdca6031e20c1049254,amine,REACTANT,SMILES,C1=CC=C(C=C1)CN
ord-f61e41a27de94fdca6031e20c1049254,aryl halide,REACTANT,SMILES,CC1=CSC(=N1)Cl
ord-f61e41a27de94fdca6031e20c1049254,metal and ligand,CATALYST,SMILES,CC(C1CCCC1P(C2CCCCC2)C3CCCCC3)P(C(C)(C)C)C(C)(C)C.C1CCCC1.[Fe]
ord-f61e41a27de94fdca6031e20c1049254,metal and ligand,CATALYST,SMILES,CC(=O)O.CC(=O)O.[Pd]
ord-f61e41a27de94fdca6031e20c1049254,metal and ligand,CATALYST,SMILES,CC(C1CCCC1P(C2CCCCC2)C3CCCCC3)P(C(C)(C)C)C(C)(C)C.C1CCCC1.[Fe]
ord-f61e41a27de94fdca6031e20c1049254,metal and ligand,CATALYST,SMILES,CC(=O)O.CC(=O)O.[Pd]
ord-18cf4521e927457b894e96f153aedd6a,Base,REAGENT,SMILES,C(=O)([O-])[O-].[Cs+].[Cs+]
ord-18cf4521e927457b894e96f153aedd6a,Solvent,SOLVENT,SMILES,C1COCCO1
ord-18cf4521e927457b894e96f153aedd6a,amine,REACTANT,SMILES,CCOC(=O)C1=CN=C(O1)N
ord-18cf4521e927457b894e96f153aedd6a,aryl halide,REACTANT,SMILES,C1=CC(=NC=C1C(F)(F)F)Cl
ord-18cf4521e927457b894e96f153aedd6a,metal and ligand,CATALYST,SMILES,CC1(C2=C(C(=CC=C2)P(C3=CC=CC=C3)C4=CC=CC=C4)OC5=C1C=CC=C5P(C6=CC=CC=C6)C7=CC=CC=C7)C
ord-18cf4521e927457b894e96f153aedd6a,metal and ligand,CATALYST,SMILES,C1=CC=C(C=C1)/C=C/C(=O)/C=C/C2=CC=CC=C2.C1=CC=C(C=C1)/C=C/C(=O)/C=C/C2=CC=CC=C2.C1=CC=C(C=C1)/C=C/C(=O)/C=C/C2=CC=CC=C2.[Pd].[Pd]
ord-18cf4521e927457b894e96f153aedd6a,metal and ligand,CATALYST,SMILES,CC1(C2=C(C(=CC=C2)P(C3=CC=CC=C3)C4=CC=CC=C4)OC5=C1C=CC=C5P(C6=CC=CC=C6)C7=CC=CC=C7)C
ord-18cf4521e927457b894e96f153aedd6a,metal and ligand,CATALYST,SMILES,C1=CC=C(C=C1)/C=C/C(=O)/C=C/C2=CC=CC=C2.C1=CC=C(C=C1)/C=C/C(=O)/C=C/C2=CC=CC=C2.C1=CC=C(C=C1)/C=C/C(=O)/C=C/C2=CC=CC=C2.[Pd].[Pd]
ord-dfbe9b6e6d2042eaacda8fae236486c2,Base,REAGENT,SMILES,CC(C)(C)[O-].[Na+]
ord-dfbe9b6e6d2042eaacda8fae236486c2,Solvent,SOLVENT,SMILES,CC(=O)N(C)C
ord-dfbe9b6e6d2042eaacda8fae236486c2,amine,REACTANT,SMILES,C1=CC=C(C(=C1)CN)F
ord-dfbe9b6e6d2042eaacda8fae236486c2,aryl halide,REACTANT,SMILES,C1=CC=C(C=C1)NC2=NC=CC(=C2)Cl
ord-dfbe9b6e6d2042eaacda8fae236486c2,metal and ligand,CATALYST,SMILES,CC(C1CCCC1P(C2CCCCC2)C3CCCCC3)P(C(C)(C)C)C(C)(C)C.C1CCCC1.[Fe]
ord-dfbe9b6e6d2042eaacda8fae236486c2,metal and ligand,CATALYST,SMILES,CC(=O)O.CC(=O)O.[Pd]
ord-dfbe9b6e6d2042eaacda8fae236486c2,metal and ligand,CATALYST,SMILES,CC(C1CCCC1P(C2CCCCC2)C3CCCCC3)P(C(C)(C)C)C(C)(C)C.C1CCCC1.[Fe]
ord-dfbe9b6e6d2042eaacda8fae236486c2,metal and ligand,CATALYST,SMILES,CC(=O)O.CC(=O)O.[Pd]
ord-771383a2857c4cf6924928bdcc9bb648,Base,REAGENT,SMILES,C(=O)([O-])[O-].[Cs+].[Cs+]
ord-771383a2857c4cf6924928bdcc9bb648,Solvent,SOLVENT,SMILES,COCCOC
ord-771383a2857c4cf6924928bdcc9bb648,amine,REACTANT,SMILES,CC1=CN(C=N1)C2=C(N=C(C=C2)N)OC
ord-771383a2857c4cf6924928bdcc9bb648,aryl halide,REACTANT,SMILES,CC1=CN=C(S1)C2CN(CC3=C(O2)N=C(C=C3)Cl)C
ord-771383a2857c4cf6924928bdcc9bb648,metal and ligand,CATALYST,SMILES,C1CCC(CC1)P(C2CCCCC2)C3=CC=CC=C3C4=CC=CC=C4
ord-771383a2857c4cf6924928bdcc9bb648,metal and ligand,CATALYST,SMILES,CC(=O)O.CC(=O)O.[Pd]
ord-771383a2857c4cf6924928bdcc9bb648,metal and ligand,CATALYST,SMILES,C1CCC(CC1)P(C2CCCCC2)C3=CC=CC=C3C4=CC=CC=C4
ord-771383a2857c4cf6924928bdcc9bb648,metal and ligand,CATALYST,SMILES,CC(=O)O.CC(=O)O.[Pd]
ord-bb9134ed03e248f6b9498f9cb351f5cb,Base,REAGENT,SMILES,C(=O)([O-])[O-].[Cs+].[Cs+]
ord-bb9134ed03e248f6b9498f9cb351f5cb,Solvent,SOLVENT,SMILES,C1COCCO1
ord-bb9134ed03e248f6b9498f9cb351f5cb,amine,REACTANT,SMILES,C1=CC=C(C=C1)C(=O)N
ord-bb9134ed03e248f6b9498f9cb351f5cb,aryl halide,REACTANT,SMILES,C1=CC(=C(N=C1)Cl)Cl
ord-bb9134ed03e248f6b9498f9cb351f5cb,metal and ligand,CATALYST,SMILES,CC1(C2=C(C(=CC=C2)P(C3=CC=CC=C3)C4=CC=CC=C4)OC5=C1C=CC=C5P(C6=CC=CC=C6)C7=CC=CC=C7)C
ord-bb9134ed03e248f6b9498f9cb351f5cb,metal and ligand,CATALYST,SMILES,CC(=O)O.CC(=O)O.[Pd]
ord-bb9134ed03e248f6b9498f9cb351f5cb,metal and ligand,CATALYST,SMILES,CC1(C2=C(C(=CC=C2)P(C3=CC=CC=C3)C4=CC=CC=C4)OC5=C1C=CC=C5P(C6=CC=CC=C6)C7=CC=CC=C7)C
ord-bb9134ed03e248f6b9498f9cb351f5cb,metal and ligand,CATALYST,SMILES,CC(=O)O.CC(=O)O.[Pd]
ord-1d6228eeae6e455c9c2acbb4c4aa8214,Base,REAGENT,SMILES,CC(C)(C)[O-].[Na+]
ord-1d6228eeae6e455c9c2acbb4c4aa8214,Solvent,SOLVENT,SMILES,CC1=CC=CC=C1
ord-1d6228eeae6e455c9c2acbb4c4aa8214,amine,REACTANT,SMILES,CC(C)(C)OC(=O)N1C[C@@H]2C[C@H]1CN2
ord-1d6228eeae6e455c9c2acbb4c4aa8214,aryl halide,REACTANT,SMILES,C1=CN=C(C=C1C(F)(F)F)Cl
ord-1d6228eeae6e455c9c2acbb4c4aa8214,metal and ligand,CATALYST,SMILES,C1=CC=C(C=C1)P(C2=CC=CC=C2)C3=C(C4=CC=CC=C4C=C3)C5=C(C=CC6=CC=CC=C65)P(C7=CC=CC=C7)C8=CC=CC=C8
ord-1d6228eeae6e455c9c2acbb4c4aa8214,metal and ligand,CATALYST,SMILES,C1=CC=C(C=C1)/C=C/C(=O)/C=C/C2=CC=CC=C2.C1=CC=C(C=C1)/C=C/C(=O)/C=C/C2=CC=CC=C2.C1=CC=C(C=C1)/C=C/C(=O)/C=C/C2=CC=CC=C2.[Pd].[Pd]
ord-1d6228eeae6e455c9c2acbb4c4aa8214,metal and ligand,CATALYST,SMILES,C1=CC=C(C=C1)P(C2=CC=CC=C2)C3=C(C4=CC=CC=C4C=C3)C5=C(C=CC6=CC=CC=C65)P(C7=CC=CC=C7)C8=CC=CC=C8
ord-1d6228eeae6e455c9c2acbb4c4aa8214,metal and ligand,CATALYST,SMILES,C1=CC=C(C=C1)/C=C/C(=O)/C=C/C2=CC=CC=C2.C1=CC=C(C=C1)/C=C/C(=O)/C=C/C2=CC=CC=C2.C1=CC=C(C=C1)/C=C/C(=O)/C=C/C2=CC=CC=C2.[Pd].[Pd]
ord-34df93999d2b40d3bb96c4985f9877e7,Base,REAGENT,SMILES,CC(C)(C)[O-].[Na+]
ord-34df93999d2b40d3bb96c4985f9877e7,Solvent,SOLVENT,SMILES,CC1=CC=CC=C1
ord-34df93999d2b40d3bb96c4985f9877e7,amine,REACTANT,SMILES,CC(C)(C)OC(=O)N1C[C@@H]2C[C@H]1CN2
ord-34df93999d2b40d3bb96c4985f9877e7,aryl halide,REACTANT,SMILES,C1=CN=C(C=C1C(F)(F)F)Cl
ord-34df93999d2b40d3bb96c4985f9877e7,metal and ligand,CATALYST,SMILES,C1=CC=C(C=C1)P(C2=CC=CC=C2)C3=C(C4=CC=CC=C4C=C3)C5=C(C=CC6=CC=CC=C65)P(C7=CC=CC=C7)C8=CC=CC=C8
ord-34df93999d2b40d3bb96c4985f9877e7,metal and ligand,CATALYST,SMILES,C1=CC=C(C=C1)/C=C/C(=O)/C=C/C2=CC=CC=C2.C1=CC=C(C=C1)/C=C/C(=O)/C=C/C2=CC=CC=C2.C1=CC=C(C=C1)/C=C/C(=O)/C=C/C2=CC=CC=C2.[Pd].[Pd]
ord-34df93999d2b40d3bb96c4985f9877e7,metal and ligand,CATALYST,SMILES,C1=CC=C(C=C1)P(C2=CC=CC=C2)C3=C(C4=CC=CC=C4C=C3)C5=C(C=CC6=CC=CC=C65)P(C7=CC=CC=C7)C8=CC=CC=C8
ord-34df93999d2b40d3bb96c4985f9877e7,metal and ligand,CATALYST,SMILES,C1=CC=C(C=C1)/C=C/C(=O)/C=C/C2=CC=CC=C2.C1=CC=C(C=C1)/C=C/C(=O)/C=C/C2=CC=CC=C2.C1=CC=C(C=C1)/C=C/C(=O)/C=C/C2=CC=CC=C2.[Pd].[Pd]
ord-66ec8d5c98634ce5baad8122520ec3b5,Base,REAGENT,SMILES,CC(C)(C)[O-].[Na+]
ord-66ec8d5c98634ce5baad8122520ec3b5,Solvent,SOLVENT,SMILES,CC1=CC=CC=C1
ord-66ec8d5c98634ce5baad8122520ec3b5,amine,REACTANT,SMILES,CN1CC(CCC1=O)N
ord-66ec8d5c98634ce5baad8122520ec3b5,aryl halide,REACTANT,SMILES,C1=CC(=C(N=C1)Br)Cl
ord-66ec8d5c98634ce5baad8122520ec3b5,metal and ligand,CATALYST,SMILES,C1=CC=C(C=C1)P(C2=CC=CC=C2)C3=C(C4=CC=CC=C4C=C3)C5=C(C=CC6=CC=CC=C65)P(C7=CC=CC=C7)C8=CC=CC=C8
ord-66ec8d5c98634ce5baad8122520ec3b5,metal and ligand,CATALYST,SMILES,C1=CC=C(C=C1)/C=C/C(=O)/C=C/C2=CC=CC=C2.C1=CC=C(C=C1)/C=C/C(=O)/C=C/C2=CC=CC=C2.C1=CC=C(C=C1)/C=C/C(=O)/C=C/C2=CC=CC=C2.[Pd].[Pd]
ord-66ec8d5c98634ce5baad8122520ec3b5,metal and ligand,CATALYST,SMILES,C1=CC=C(C=C1)P(C2=CC=CC=C2)C3=C(C4=CC=CC=C4C=C3)C5=C(C=CC6=CC=CC=C65)P(C7=CC=CC=C7)C8=CC=CC=C8
ord-66ec8d5c98634ce5baad8122520ec3b5,metal and ligand,CATALYST,SMILES,C1=CC=C(C=C1)/C=C/C(=O)/C=C/C2=CC=CC=C2.C1=CC=C(C=C1)/C=C/C(=O)/C=C/C2=CC=CC=C2.C1=CC=C(C=C1)/C=C/C(=O)/C=C/C2=CC=CC=C2.[Pd].[Pd]
ord-85488250153944e595f74578eeba1555,Base,REAGENT,SMILES,C(=O)([O-])[O-].[Cs+].[Cs+]
ord-85488250153944e595f74578eeba1555,amine,REACTANT,SMILES,C1C(CO1)N.Cl
ord-85488250153944e595f74578eeba1555,aryl halide,REACTANT,SMILES,CC1=C(C=C(C=C1)[N+](=O)[O-])Br
ord-85488250153944e595f74578eeba1555,metal and ligand,CATALYST,SMILES,CC(C1CCCC1P(C2CCCCC2)C3CCCCC3)P(C(C)(C)C)C(C)(C)C.C1CCCC1.[Fe]
ord-85488250153944e595f74578eeba1555,metal and ligand,CATALYST,SMILES,CC(=O)O.CC(=O)O.[Pd]
ord-85488250153944e595f74578eeba1555,metal and ligand,CATALYST,SMILES,CC(C1CCCC1P(C2CCCCC2)C3CCCCC3)P(C(C)(C)C)C(C)(C)C.C1CCCC1.[Fe]
ord-85488250153944e595f74578eeba1555,metal and ligand,CATALYST,SMILES,CC(=O)O.CC(=O)O.[Pd]
ord-2c0a8dbc66b74712a354b7c2ed2d9d4c,Base,REAGENT,SMILES,CC(C)(C)[O-].[Na+]
ord-2c0a8dbc66b74712a354b7c2ed2d9d4c,Solvent,SOLVENT,SMILES,CC(=O)N(C)C
ord-2c0a8dbc66b74712a354b7c2ed2d9d4c,amine,REACTANT,SMILES,C1=CC=C(C=C1)CN
ord-2c0a8dbc66b74712a354b7c2ed2d9d4c,aryl halide,REACTANT,SMILES,C1=CC(=CC=C1NC2=NC=CC(=C2)Cl)F
ord-2c0a8dbc66b74712a354b7c2ed2d9d4c,metal and ligand,CATALYST,SMILES,CC(C1CCCC1P(C2CCCCC2)C3CCCCC3)P(C(C)(C)C)C(C)(C)C.C1CCCC1.[Fe]
ord-2c0a8dbc66b74712a354b7c2ed2d9d4c,metal and ligand,CATALYST,SMILES,CC(=O)O.CC(=O)O.[Pd]
ord-2c0a8dbc66b74712a354b7c2ed2d9d4c,metal and ligand,CATALYST,SMILES,CC(C1CCCC1P(C2CCCCC2)C3CCCCC3)P(C(C)(C)C)C(C)(C)C.C1CCCC1.[Fe]
ord-2c0a8dbc66b74712a354b7c2ed2d9d4c,metal and ligand,CATALYST,SMILES,CC(=O)O.CC(=O)O.[Pd]
ord-b16c1805f7d5406ba2f0d69bfae1736b,Base,REAGENT,SMILES,C(=O)([O-])[O-].[Cs+].[Cs+]
ord-b16c1805f7d5406ba2f0d69bfae1736b,Solvent,SOLVENT,SMILES,COCCOC
ord-b16c1805f7d5406ba2f0d69bfae1736b,amine,REACTANT,SMILES,COC1=C(C=CC(=C1)N2CCN(CC2)CCO)N
ord-b16c1805f7d5406ba2f0d69bfae1736b,aryl halide,REACTANT,SMILES,C1=CC2=C(C=NN2C=C1)C3=NC(=NC=C3Cl)Cl
ord-b16c1805f7d5406ba2f0d69bfae1736b,metal and ligand,CATALYST,SMILES,CC(C1CCCC1P(C2CCCCC2)C3CCCCC3)P(C(C)(C)C)C(C)(C)C.C1CCCC1.[Fe]
ord-b16c1805f7d5406ba2f0d69bfae1736b,metal and ligand,CATALYST,SMILES,CC(=O)O.CC(=O)O.[Pd]
ord-b16c1805f7d5406ba2f0d69bfae1736b,metal and ligand,CATALYST,SMILES,CC(C1CCCC1P(C2CCCCC2)C3CCCCC3)P(C(C)(C)C)C(C)(C)C.C1CCCC1.[Fe]
ord-b16c1805f7d5406ba2f0d69bfae1736b,metal and ligand,CATALYST,SMILES,CC(=O)O.CC(=O)O.[Pd]
ord-587e8b015ef542aa9ba95a064a0d6902,Base,REAGENT,SMILES,CC(C)(C)[O-].[Na+]
ord-587e8b015ef542aa9ba95a064a0d6902,Solvent,SOLVENT,SMILES,C1CCOC1
ord-587e8b015ef542aa9ba95a064a0d6902,amine,REACTANT,SMILES,CC(C)(C)OC(=O)N1CCNCC1
ord-587e8b015ef542aa9ba95a064a0d6902,aryl halide,REACTANT,SMILES,C1=CC(=CC=C1C#N)Br
ord-587e8b015ef542aa9ba95a064a0d6902,metal and ligand,CATALYST,SMILES,CC(C)C1=CC(=C(C(=C1)C(C)C)C2=CC=CC=C2P(C3CCCCC3)C4CCCCC4)C(C)C
ord-587e8b015ef542aa9ba95a064a0d6902,metal and ligand,CATALYST,SMILES,CC(=O)O.CC(=O)O.[Pd]
ord-587e8b015ef542aa9ba95a064a0d6902,metal and ligand,CATALYST,SMILES,CC(C)C1=CC(=C(C(=C1)C(C)C)C2=CC=CC=C2P(C3CCCCC3)C4CCCCC4)C(C)C
ord-587e8b015ef542aa9ba95a064a0d6902,metal and ligand,CATALYST,SMILES,CC(=O)O.CC(=O)O.[Pd]
ord-088bd21d086a43258b728521904f368d,Base,REAGENT,SMILES,C(=O)([O-])[O-].[Cs+].[Cs+]
ord-088bd21d086a43258b728521904f368d,Solvent,SOLVENT,SMILES,CC1=CC=CC=C1
ord-088bd21d086a43258b728521904f368d,amine,REACTANT,SMILES,CN1CCNCC1
ord-088bd21d086a43258b728521904f368d,aryl halide,REACTANT,SMILES,COC1=CC(=CC(=C1)[N+](=O)[O-])Br
ord-088bd21d086a43258b728521904f368d,metal and ligand,CATALYST,SMILES,C1=CC=C(C=C1)P(C2=CC=CC=C2)C3=C(C4=CC=CC=C4C=C3)C5=C(C=CC6=CC=CC=C65)P(C7=CC=CC=C7)C8=CC=CC=C8
ord-088bd21d086a43258b728521904f368d,metal and ligand,CATALYST,SMILES,CC(=O)O.CC(=O)O.[Pd]
ord-088bd21d086a43258b728521904f368d,metal and ligand,CATALYST,SMILES,C1=CC=C(C=C1)P(C2=CC=CC=C2)C3=C(C4=CC=CC=C4C=C3)C5=C(C=CC6=CC=CC=C65)P(C7=CC=CC=C7)C8=CC=CC=C8
ord-088bd21d086a43258b728521904f368d,metal and ligand,CATALYST,SMILES,CC(=O)O.CC(=O)O.[Pd]
ord-29003fa36fea4ddebef83b29dba29c7c,Base,REAGENT,SMILES,CC(C)(C)[O-].[Na+]
ord-29003fa36fea4ddebef83b29dba29c7c,Solvent,SOLVENT,SMILES,CC1=CC=CC=C1
ord-29003fa36fea4ddebef83b29dba29c7c,amine,REACTANT,SMILES,C1C(CO1)N
ord-29003fa36fea4ddebef83b29dba29c7c,aryl halide,REACTANT,SMILES,COC1=C(C=CC(=C1)I)Br
ord-29003fa36fea4ddebef83b29dba29c7c,metal and ligand,CATALYST,SMILES,CC1(C2=C(C(=CC=C2)P(C3=CC=CC=C3)C4=CC=CC=C4)OC5=C1C=CC=C5P(C6=CC=CC=C6)C7=CC=CC=C7)C
ord-29003fa36fea4ddebef83b29dba29c7c,metal and ligand,CATALYST,SMILES,C1=CC=C(C=C1)/C=C/C(=O)/C=C/C2=CC=CC=C2.C1=CC=C(C=C1)/C=C/C(=O)/C=C/C2=CC=CC=C2.C1=CC=C(C=C1)/C=C/C(=O)/C=C/C2=CC=CC=C2.[Pd].[Pd]
ord-29003fa36fea4ddebef83b29dba29c7c,metal and ligand,CATALYST,SMILES,CC1(C2=C(C(=CC=C2)P(C3=CC=CC=C3)C4=CC=CC=C4)OC5=C1C=CC=C5P(C6=CC=CC=C6)C7=CC=CC=C7)C
ord-29003fa36fea4ddebef83b29dba29c7c,metal and ligand,CATALYST,SMILES,C1=CC=C(C=C1)/C=C/C(=O)/C=C/C2=CC=CC=C2.C1=CC=C(C=C1)/C=C/C(=O)/C=C/C2=CC=CC=C2.C1=CC=C(C=C1)/C=C/C(=O)/C=C/C2=CC=CC=C2.[Pd].[Pd]
ord-3df00475fe9d41898bd3503e3b2ed03d,Base,REAGENT,SMILES,CCC(C)(C)[O-].[Na+]
ord-3df00475fe9d41898bd3503e3b2ed03d,Solvent,SOLVENT,SMILES,CC1=CC=CC=C1
ord-3df00475fe9d41898bd3503e3b2ed03d,amine,REACTANT,SMILES,CCNC1=CC=CC=C1
ord-3df00475fe9d41898bd3503e3b2ed03d,aryl halide,REACTANT,SMILES,COC1=NC(=NC=C1Br)I
ord-3df00475fe9d41898bd3503e3b2ed03d,metal and ligand,CATALYST,SMILES,CC1(C2=C(C(=CC=C2)P(C3=CC=CC=C3)C4=CC=CC=C4)OC5=C1C=CC=C5P(C6=CC=CC=C6)C7=CC=CC=C7)C
ord-3df00475fe9d41898bd3503e3b2ed03d,metal and ligand,CATALYST,SMILES,CC(=O)O.CC(=O)O.[Pd]
ord-3df00475fe9d41898bd3503e3b2ed03d,metal and ligand,CATALYST,SMILES,CC1(C2=C(C(=CC=C2)P(C3=CC=CC=C3)C4=CC=CC=C4)OC5=C1C=CC=C5P(C6=CC=CC=C6)C7=CC=CC=C7)C
ord-3df00475fe9d41898bd3503e3b2ed03d,metal and ligand,CATALYST,SMILES,CC(=O)O.CC(=O)O.[Pd]
ord-8bbed4d3f8cb496989e49be7e55b89ca,Base,REAGENT,SMILES,CCC(C)(C)[O-].[Na+]
ord-8bbed4d3f8cb496989e49be7e55b89ca,Solvent,SOLVENT,SMILES,CC1=CC=CC=C1
ord-8bbed4d3f8cb496989e49be7e55b89ca,amine,REACTANT,SMILES,CCNC1=CC=CC=C1
ord-8bbed4d3f8cb496989e49be7e55b89ca,aryl halide,REACTANT,SMILES,COC1=NC(=NC=C1Br)I
ord-8bbed4d3f8cb496989e49be7e55b89ca,metal and ligand,CATALYST,SMILES,CCCCP(C12CC3CC(C1)CC(C3)C2)C45CC6CC(C4)CC(C6)C5
ord-8bbed4d3f8cb496989e49be7e55b89ca,metal and ligand,CATALYST,SMILES,CC(=O)O.CC(=O)O.[Pd]
ord-8bbed4d3f8cb496989e49be7e55b89ca,metal and ligand,CATALYST,SMILES,CCCCP(C12CC3CC(C1)CC(C3)C2)C45CC6CC(C4)CC(C6)C5
ord-8bbed4d3f8cb496989e49be7e55b89ca,metal and ligand,CATALYST,SMILES,CC(=O)O.CC(=O)O.[Pd]
ord-839e83634a9943b98e2511e3c8112ffb,Base,REAGENT,SMILES,C(=O)([O-])[O-].[Cs+].[Cs+]
ord-839e83634a9943b98e2511e3c8112ffb,Solvent,SOLVENT,SMILES,CC1=CC=CC=C1
ord-839e83634a9943b98e2511e3c8112ffb,amine,REACTANT,SMILES,C1CNCCN1
ord-839e83634a9943b98e2511e3c8112ffb,aryl halide,REACTANT,SMILES,CC(C)(C)OC(=O)NC1=C(C=CC(=C1)Br)Cl
ord-839e83634a9943b98e2511e3c8112ffb,metal and ligand,CATALYST,SMILES,C1=CC=C(C=C1)P(C2=CC=CC=C2)C3=C(C4=CC=CC=C4C=C3)C5=C(C=CC6=CC=CC=C65)P(C7=CC=CC=C7)C8=CC=CC=C8
ord-839e83634a9943b98e2511e3c8112ffb,metal and ligand,CATALYST,SMILES,CC(=O)O.CC(=O)O.[Pd]
ord-839e83634a9943b98e2511e3c8112ffb,metal and ligand,CATALYST,SMILES,C1=CC=C(C=C1)P(C2=CC=CC=C2)C3=C(C4=CC=CC=C4C=C3)C5=C(C=CC6=CC=CC=C65)P(C7=CC=CC=C7)C8=CC=CC=C8
ord-839e83634a9943b98e2511e3c8112ffb,metal and ligand,CATALYST,SMILES,CC(=O)O.CC(=O)O.[Pd]
ord-9a38e3cdbd7649cb80e5076ddc46669b,Base,REAGENT,SMILES,C(=O)([O-])[O-].[Cs+].[Cs+]
ord-9a38e3cdbd7649cb80e5076ddc46669b,Solvent,SOLVENT,SMILES,CC1=CC=CC=C1
ord-9a38e3cdbd7649cb80e5076ddc46669b,amine,REACTANT,SMILES,C1=CC(=CN=C1)C2=NC(=NC=C2)N
ord-9a38e3cdbd7649cb80e5076ddc46669b,aryl halide,REACTANT,SMILES,CC1=C(C=C(C=N1)[N+](=O)[O-])Br
ord-9a38e3cdbd7649cb80e5076ddc46669b,metal and ligand,CATALYST,SMILES,CC1(C2=C(C(=CC=C2)P(C3=CC=CC=C3)C4=CC=CC=C4)OC5=C1C=CC=C5P(C6=CC=CC=C6)C7=CC=CC=C7)C
ord-9a38e3cdbd7649cb80e5076ddc46669b,metal and ligand,CATALYST,SMILES,CC(=O)O.CC(=O)O.[Pd]
ord-9a38e3cdbd7649cb80e5076ddc46669b,metal and ligand,CATALYST,SMILES,CC1(C2=C(C(=CC=C2)P(C3=CC=CC=C3)C4=CC=CC=C4)OC5=C1C=CC=C5P(C6=CC=CC=C6)C7=CC=CC=C7)C
ord-9a38e3cdbd7649cb80e5076ddc46669b,metal and ligand,CATALYST,SMILES,CC(=O)O.CC(=O)O.[Pd]
ord-93068c36902748b0a097205076445ea2,Base,REAGENT,SMILES,C(=O)([O-])[O-].[Cs+].[Cs+]
ord-93068c36902748b0a097205076445ea2,Solvent,SOLVENT,SMILES,CC1=CC=CC=C1
ord-93068c36902748b0a097205076445ea2,amine,REACTANT,SMILES,C1=CC(=CN=C1)C2=NC(=NC=C2)N
ord-93068c36902748b0a097205076445ea2,aryl halide,REACTANT,SMILES,CC1=C(C=C(C=N1)[N+](=O)[O-])Br
ord-93068c36902748b0a097205076445ea2,metal and ligand,CATALYST,SMILES,CC1(C2=C(C(=CC=C2)P(C3=CC=CC=C3)C4=CC=CC=C4)OC5=C1C=CC=C5P(C6=CC=CC=C6)C7=CC=CC=C7)C
ord-93068c36902748b0a097205076445ea2,metal and ligand,CATALYST,SMILES,CC(=O)O.CC(=O)O.[Pd]
ord-93068c36902748b0a097205076445ea2,metal and ligand,CATALYST,SMILES,CC1(C2=C(C(=CC=C2)P(C3=CC=CC=C3)C4=CC=CC=C4)OC5=C1C=CC=C5P(C6=CC=CC=C6)C7=CC=CC=C7)C
ord-93068c36902748b0a097205076445ea2,metal and ligand,CATALYST,SMILES,CC(=O)O.CC(=O)O.[Pd]
ord-a304a5abe5a040c6b1e32d87d537c8dc,Base,REAGENT,SMILES,C(=O)([O-])[O-].[K+].[K+]
ord-a304a5abe5a040c6b1e32d87d537c8dc,Solvent,SOLVENT,SMILES,CC1=CC=CC=C1
ord-a304a5abe5a040c6b1e32d87d537c8dc,amine,REACTANT,SMILES,C1=CC=C(C=C1)N
ord-a304a5abe5a040c6b1e32d87d537c8dc,aryl halide,REACTANT,SMILES,C1=CC(=NC(=C1)Cl)Cl
ord-a304a5abe5a040c6b1e32d87d537c8dc,metal and ligand,CATALYST,SMILES,C1=CC=C(C=C1)P(C2=CC=CC=C2)C3=C(C4=CC=CC=C4C=C3)C5=C(C=CC6=CC=CC=C65)P(C7=CC=CC=C7)C8=CC=CC=C8
ord-a304a5abe5a040c6b1e32d87d537c8dc,metal and ligand,CATALYST,SMILES,CC(=O)O.CC(=O)O.[Pd]
ord-a304a5abe5a040c6b1e32d87d537c8dc,metal and ligand,CATALYST,SMILES,C1=CC=C(C=C1)P(C2=CC=CC=C2)C3=C(C4=CC=CC=C4C=C3)C5=C(C=CC6=CC=CC=C65)P(C7=CC=CC=C7)C8=CC=CC=C8
ord-a304a5abe5a040c6b1e32d87d537c8dc,metal and ligand,CATALYST,SMILES,CC(=O)O.CC(=O)O.[Pd]
ord-838ef353b3e04bbf8250b3f17d8c966f,Base,REAGENT,SMILES,C(=O)([O-])[O-].[Cs+].[Cs+]
ord-838ef353b3e04bbf8250b3f17d8c966f,Solvent,SOLVENT,SMILES,CC1=CC=CC=C1
ord-838ef353b3e04bbf8250b3f17d8c966f,amine,REACTANT,SMILES,C1=C2C(=CC(=C1F)F)NC(=O)C=C2Cl
ord-838ef353b3e04bbf8250b3f17d8c966f,aryl halide,REACTANT,SMILES,C[C@H]1C[C@@H](CCN1C(=O)C2=C(N(N=C2)C)Cl)N
ord-838ef353b3e04bbf8250b3f17d8c966f,metal and ligand,CATALYST,SMILES,C1=CC=C(C=C1)P(C2=CC=CC=C2)C3=C(C4=CC=CC=C4C=C3)C5=C(C=CC6=CC=CC=C65)P(C7=CC=CC=C7)C8=CC=CC=C8
ord-838ef353b3e04bbf8250b3f17d8c966f,metal and ligand,CATALYST,SMILES,CC(=O)O.CC(=O)O.[Pd]
ord-838ef353b3e04bbf8250b3f17d8c966f,metal and ligand,CATALYST,SMILES,C1=CC=C(C=C1)P(C2=CC=CC=C2)C3=C(C4=CC=CC=C4C=C3)C5=C(C=CC6=CC=CC=C65)P(C7=CC=CC=C7)C8=CC=CC=C8
ord-838ef353b3e04bbf8250b3f17d8c966f,metal and ligand,CATALYST,SMILES,CC(=O)O.CC(=O)O.[Pd]
ord-a5d4f788c47d4d46a04a4c8af6024836,Base,REAGENT,SMILES,CC(C)(C)[O-].[Na+]
ord-a5d4f788c47d4d46a04a4c8af6024836,Solvent,SOLVENT,SMILES,CC1=CC=CC=C1
ord-a5d4f788c47d4d46a04a4c8af6024836,amine,REACTANT,SMILES,CC1(COC1)CN
ord-a5d4f788c47d4d46a04a4c8af6024836,aryl halide,REACTANT,SMILES,C1=CC(=C(N=C1)Br)Cl
ord-a5d4f788c47d4d46a04a4c8af6024836,metal and ligand,CATALYST,SMILES,C1=CC=C(C=C1)P(C2=CC=CC=C2)C3=C(C4=CC=CC=C4C=C3)C5=C(C=CC6=CC=CC=C65)P(C7=CC=CC=C7)C8=CC=CC=C8
ord-a5d4f788c47d4d46a04a4c8af6024836,metal and ligand,CATALYST,SMILES,C1=CC=C(C=C1)/C=C/C(=O)/C=C/C2=CC=CC=C2.C1=CC=C(C=C1)/C=C/C(=O)/C=C/C2=CC=CC=C2.C1=CC=C(C=C1)/C=C/C(=O)/C=C/C2=CC=CC=C2.[Pd].[Pd]
ord-a5d4f788c47d4d46a04a4c8af6024836,metal and ligand,CATALYST,SMILES,C1=CC=C(C=C1)P(C2=CC=CC=C2)C3=C(C4=CC=CC=C4C=C3)C5=C(C=CC6=CC=CC=C65)P(C7=CC=CC=C7)C8=CC=CC=C8
ord-a5d4f788c47d4d46a04a4c8af6024836,metal and ligand,CATALYST,SMILES,C1=CC=C(C=C1)/C=C/C(=O)/C=C/C2=CC=CC=C2.C1=CC=C(C=C1)/C=C/C(=O)/C=C/C2=CC=CC=C2.C1=CC=C(C=C1)/C=C/C(=O)/C=C/C2=CC=CC=C2.[Pd].[Pd]
ord-218b24f2d22444388b751f136d342319,Base,REAGENT,SMILES,CC(C)(C)[O-].[Na+]
ord-218b24f2d22444388b751f136d342319,Solvent,SOLVENT,SMILES,CC1=CC=CC=C1
ord-218b24f2d22444388b751f136d342319,amine,REACTANT,SMILES,CC(C)(C)OC(=O)N1C[C@@H]2C[C@H]1CN2
ord-218b24f2d22444388b751f136d342319,aryl halide,REACTANT,SMILES,C1=CC(=CN=C1)Br
ord-218b24f2d22444388b751f136d342319,metal and ligand,CATALYST,SMILES,C1=CC=C(C=C1)P(C2=CC=CC=C2)C3=C(C4=CC=CC=C4C=C3)C5=C(C=CC6=CC=CC=C65)P(C7=CC=CC=C7)C8=CC=CC=C8
ord-218b24f2d22444388b751f136d342319,metal and ligand,CATALYST,SMILES,C1=CC=C(C=C1)/C=C/C(=O)/C=C/C2=CC=CC=C2.C1=CC=C(C=C1)/C=C/C(=O)/C=C/C2=CC=CC=C2.C1=CC=C(C=C1)/C=C/C(=O)/C=C/C2=CC=CC=C2.[Pd].[Pd]
ord-218b24f2d22444388b751f136d342319,metal and ligand,CATALYST,SMILES,C1=CC=C(C=C1)P(C2=CC=CC=C2)C3=C(C4=CC=CC=C4C=C3)C5=C(C=CC6=CC=CC=C65)P(C7=CC=CC=C7)C8=CC=CC=C8
ord-218b24f2d22444388b751f136d342319,metal and ligand,CATALYST,SMILES,C1=CC=C(C=C1)/C=C/C(=O)/C=C/C2=CC=CC=C2.C1=CC=C(C=C1)/C=C/C(=O)/C=C/C2=CC=CC=C2.C1=CC=C(C=C1)/C=C/C(=O)/C=C/C2=CC=CC=C2.[Pd].[Pd]
ord-4e29f7f8d4e94f93bbf63ba519f77a6e,Base,REAGENT,SMILES,CC(C)(C)[O-].[Na+]
ord-4e29f7f8d4e94f93bbf63ba519f77a6e,Solvent,SOLVENT,SMILES,CC1=CC=CC=C1
ord-4e29f7f8d4e94f93bbf63ba519f77a6e,amine,REACTANT,SMILES,C1COCCN1
ord-4e29f7f8d4e94f93bbf63ba519f77a6e,aryl halide,REACTANT,SMILES,CC1=C(C(=CC=C1)C)C(=O)NC(C2=CC(=CC=C2)Br)C34CCC(N3C)CC4
ord-4e29f7f8d4e94f93bbf63ba519f77a6e,metal and ligand,CATALYST,SMILES,C1=CC=C(C=C1)P(C2=CC=CC=C2)C3=C(C4=CC=CC=C4C=C3)C5=C(C=CC6=CC=CC=C65)P(C7=CC=CC=C7)C8=CC=CC=C8
ord-4e29f7f8d4e94f93bbf63ba519f77a6e,metal and ligand,CATALYST,SMILES,CC(=O)O.CC(=O)O.[Pd]
ord-4e29f7f8d4e94f93bbf63ba519f77a6e,metal and ligand,CATALYST,SMILES,C1=CC=C(C=C1)P(C2=CC=CC=C2)C3=C(C4=CC=CC=C4C=C3)C5=C(C=CC6=CC=CC=C65)P(C7=CC=CC=C7)C8=CC=CC=C8
ord-4e29f7f8d4e94f93bbf63ba519f77a6e,metal and ligand,CATALYST,SMILES,CC(=O)O.CC(=O)O.[Pd]
ord-59c6d21cb6354f44a2ed185cff3caeb9,Base,REAGENT,SMILES,CC(C)(C)[O-].[Na+]
ord-59c6d21cb6354f44a2ed185cff3caeb9,Solvent,SOLVENT,SMILES,CC(=O)N(C)C
ord-59c6d21cb6354f44a2ed185cff3caeb9,amine,REACTANT,SMILES,COC1=CC=C(C=C1)CN
ord-59c6d21cb6354f44a2ed185cff3caeb9,aryl halide,REACTANT,SMILES,C1=CC=C(C=C1)NC2=NC=CC(=C2)Cl
ord-59c6d21cb6354f44a2ed185cff3caeb9,metal and ligand,CATALYST,SMILES,CC(C1CCCC1P(C2CCCCC2)C3CCCCC3)P(C(C)(C)C)C(C)(C)C.C1CCCC1.[Fe]
ord-59c6d21cb6354f44a2ed185cff3caeb9,metal and ligand,CATALYST,SMILES,CC(=O)O.CC(=O)O.[Pd]
ord-59c6d21cb6354f44a2ed185cff3caeb9,metal and ligand,CATALYST,SMILES,CC(C1CCCC1P(C2CCCCC2)C3CCCCC3)P(C(C)(C)C)C(C)(C)C.C1CCCC1.[Fe]
ord-59c6d21cb6354f44a2ed185cff3caeb9,metal and ligand,CATALYST,SMILES,CC(=O)O.CC(=O)O.[Pd]
ord-be64b42a88614cc79bed55017a7f5289,Base,REAGENT,SMILES,CC(C)(C)[O-].[Na+]
ord-be64b42a88614cc79bed55017a7f5289,Solvent,SOLVENT,SMILES,CC1=CC=CC=C1
ord-be64b42a88614cc79bed55017a7f5289,amine,REACTANT,SMILES,C1C2=CC=CC=C2CN1
ord-be64b42a88614cc79bed55017a7f5289,aryl halide,REACTANT,SMILES,C1=CC(=CC=C1Br)I
ord-be64b42a88614cc79bed55017a7f5289,metal and ligand,CATALYST,SMILES,CC1(C2=C(C(=CC=C2)P(C3=CC=CC=C3)C4=CC=CC=C4)OC5=C1C=CC=C5P(C6=CC=CC=C6)C7=CC=CC=C7)C
ord-be64b42a88614cc79bed55017a7f5289,metal and ligand,CATALYST,SMILES,CC(=O)O.CC(=O)O.[Pd]
ord-be64b42a88614cc79bed55017a7f5289,metal and ligand,CATALYST,SMILES,CC1(C2=C(C(=CC=C2)P(C3=CC=CC=C3)C4=CC=CC=C4)OC5=C1C=CC=C5P(C6=CC=CC=C6)C7=CC=CC=C7)C
ord-be64b42a88614cc79bed55017a7f5289,metal and ligand,CATALYST,SMILES,CC(=O)O.CC(=O)O.[Pd]
ord-9a8d9c41c7b94faa97814a83a1ab2d95,Base,REAGENT,SMILES,CC(C)(C)[O-].[Na+]
ord-9a8d9c41c7b94faa97814a83a1ab2d95,Solvent,SOLVENT,SMILES,CC1=CC=CC=C1
ord-9a8d9c41c7b94faa97814a83a1ab2d95,amine,REACTANT,SMILES,CN1CC(C1)N.Cl
ord-9a8d9c41c7b94faa97814a83a1ab2d95,aryl halide,REACTANT,SMILES,C1=CC(=C(N=C1)Br)Cl
ord-9a8d9c41c7b94faa97814a83a1ab2d95,metal and ligand,CATALYST,SMILES,C1=CC=C(C=C1)P(C2=CC=CC=C2)C3=C(C4=CC=CC=C4C=C3)C5=C(C=CC6=CC=CC=C65)P(C7=CC=CC=C7)C8=CC=CC=C8
ord-9a8d9c41c7b94faa97814a83a1ab2d95,metal and ligand,CATALYST,SMILES,C1=CC=C(C=C1)/C=C/C(=O)/C=C/C2=CC=CC=C2.C1=CC=C(C=C1)/C=C/C(=O)/C=C/C2=CC=CC=C2.C1=CC=C(C=C1)/C=C/C(=O)/C=C/C2=CC=CC=C2.[Pd].[Pd]
ord-9a8d9c41c7b94faa97814a83a1ab2d95,metal and ligand,CATALYST,SMILES,C1=CC=C(C=C1)P(C2=CC=CC=C2)C3=C(C4=CC=CC=C4C=C3)C5=C(C=CC6=CC=CC=C65)P(C7=CC=CC=C7)C8=CC=CC=C8
ord-9a8d9c41c7b94faa97814a83a1ab2d95,metal and ligand,CATALYST,SMILES,C1=CC=C(C=C1)/C=C/C(=O)/C=C/C2=CC=CC=C2.C1=CC=C(C=C1)/C=C/C(=O)/C=C/C2=CC=CC=C2.C1=CC=C(C=C1)/C=C/C(=O)/C=C/C2=CC=CC=C2.[Pd].[Pd]
ord-d16088bf6acb4600ad776547cf486a02,Base,REAGENT,SMILES,CC(C)(C)[O-].[Na+]
ord-d16088bf6acb4600ad776547cf486a02,Solvent,SOLVENT,SMILES,C1CCOC1
ord-d16088bf6acb4600ad776547cf486a02,amine,REACTANT,SMILES,CC(C)(C)OC(=O)N1CCNCC1
ord-d16088bf6acb4600ad776547cf486a02,aryl halide,REACTANT,SMILES,COC(=O)C1=CC(=CC(=C1)Br)F
ord-d16088bf6acb4600ad776547cf486a02,metal and ligand,CATALYST,SMILES,CC(C)C1=CC(=C(C(=C1)C(C)C)C2=CC=CC=C2P(C3CCCCC3)C4CCCCC4)C(C)C
ord-d16088bf6acb4600ad776547cf486a02,metal and ligand,CATALYST,SMILES,CC(=O)O.CC(=O)O.[Pd]
ord-d16088bf6acb4600ad776547cf486a02,metal and ligand,CATALYST,SMILES,CC(C)C1=CC(=C(C(=C1)C(C)C)C2=CC=CC=C2P(C3CCCCC3)C4CCCCC4)C(C)C
ord-d16088bf6acb4600ad776547cf486a02,metal and ligand,CATALYST,SMILES,CC(=O)O.CC(=O)O.[Pd]
ord-b3e000ca67494471adc7944fbfb45b78,Base,REAGENT,SMILES,C(=O)([O-])[O-].[Cs+].[Cs+]
ord-b3e000ca67494471adc7944fbfb45b78,Solvent,SOLVENT,SMILES,C1COCCO1
ord-b3e000ca67494471adc7944fbfb45b78,amine,REACTANT,SMILES,CC(C)(C)OC(=O)N[C@@H]1CCC[C@H](C1)C(=O)N
ord-b3e000ca67494471adc7944fbfb45b78,aryl halide,REACTANT,SMILES,CC1(CC2=C(C=NN2C1)C3=CC(=NC=C3F)Cl)C
ord-b3e000ca67494471adc7944fbfb45b78,metal and ligand,CATALYST,SMILES,CC1(C2=C(C(=CC=C2)P(C3=CC=CC=C3)C4=CC=CC=C4)OC5=C1C=CC=C5P(C6=CC=CC=C6)C7=CC=CC=C7)C
ord-b3e000ca67494471adc7944fbfb45b78,metal and ligand,CATALYST,SMILES,C1=CC=C(C=C1)P(C2=CC=CC=C2)C3=CC=CC=C3.C1=CC=C(C=C1)P(C2=CC=CC=C2)C3=CC=CC=C3.C1=CC=C(C=C1)P(C2=CC=CC=C2)C3=CC=CC=C3.C1=CC=C(C=C1)P(C2=CC=CC=C2)C3=CC=CC=C3.[Pd]
ord-b3e000ca67494471adc7944fbfb45b78,metal and ligand,CATALYST,SMILES,CC1(C2=C(C(=CC=C2)P(C3=CC=CC=C3)C4=CC=CC=C4)OC5=C1C=CC=C5P(C6=CC=CC=C6)C7=CC=CC=C7)C
ord-b3e000ca67494471adc7944fbfb45b78,metal and ligand,CATALYST,SMILES,C1=CC=C(C=C1)P(C2=CC=CC=C2)C3=CC=CC=C3.C1=CC=C(C=C1)P(C2=CC=CC=C2)C3=CC=CC=C3.C1=CC=C(C=C1)P(C2=CC=CC=C2)C3=CC=CC=C3.C1=CC=C(C=C1)P(C2=CC=CC=C2)C3=CC=CC=C3.[Pd]
ord-3dc45e0d006e4925b34d5e9919e16fc1,Base,REAGENT,SMILES,C(=O)([O-])[O-].[Cs+].[Cs+]
ord-3dc45e0d006e4925b34d5e9919e16fc1,Solvent,SOLVENT,SMILES,CC1=CC=CC=C1
ord-3dc45e0d006e4925b34d5e9919e16fc1,amine,REACTANT,SMILES,CC(C)(C)OC(=O)N1CCNCC1
ord-3dc45e0d006e4925b34d5e9919e16fc1,aryl halide,REACTANT,SMILES,CCOC1=C(C=C(C=C1)Br)Cl
ord-3dc45e0d006e4925b34d5e9919e16fc1,metal and ligand,CATALYST,SMILES,C1=CC=C(C=C1)P(C2=CC=CC=C2)C3=C(C4=CC=CC=C4C=C3)C5=C(C=CC6=CC=CC=C65)P(C7=CC=CC=C7)C8=CC=CC=C8
ord-3dc45e0d006e4925b34d5e9919e16fc1,metal and ligand,CATALYST,SMILES,CC(=O)O.CC(=O)O.[Pd]
ord-3dc45e0d006e4925b34d5e9919e16fc1,metal and ligand,CATALYST,SMILES,C1=CC=C(C=C1)P(C2=CC=CC=C2)C3=C(C4=CC=CC=C4C=C3)C5=C(C=CC6=CC=CC=C65)P(C7=CC=CC=C7)C8=CC=CC=C8
ord-3dc45e0d006e4925b34d5e9919e16fc1,metal and ligand,CATALYST,SMILES,CC(=O)O.CC(=O)O.[Pd]
ord-a7c71c7b356644fcbb6f6b90814539ca,Base,REAGENT,SMILES,CC(C)(C)[O-].[Na+]
ord-a7c71c7b356644fcbb6f6b90814539ca,Solvent,SOLVENT,SMILES,CC1=CC=CC=C1
ord-a7c71c7b356644fcbb6f6b90814539ca,amine,REACTANT,SMILES,CN(C)CCN
ord-a7c71c7b356644fcbb6f6b90814539ca,aryl halide,REACTANT,SMILES,COC1=C(C=CC(=C1)I)Br
ord-a7c71c7b356644fcbb6f6b90814539ca,metal and ligand,CATALYST,SMILES,CC1(C2=C(C(=CC=C2)P(C3=CC=CC=C3)C4=CC=CC=C4)OC5=C1C=CC=C5P(C6=CC=CC=C6)C7=CC=CC=C7)C
ord-a7c71c7b356644fcbb6f6b90814539ca,metal and ligand,CATALYST,SMILES,C1=CC=C(C=C1)/C=C/C(=O)/C=C/C2=CC=CC=C2.C1=CC=C(C=C1)/C=C/C(=O)/C=C/C2=CC=CC=C2.C1=CC=C(C=C1)/C=C/C(=O)/C=C/C2=CC=CC=C2.[Pd].[Pd]
ord-a7c71c7b356644fcbb6f6b90814539ca,metal and ligand,CATALYST,SMILES,CC1(C2=C(C(=CC=C2)P(C3=CC=CC=C3)C4=CC=CC=C4)OC5=C1C=CC=C5P(C6=CC=CC=C6)C7=CC=CC=C7)C
ord-a7c71c7b356644fcbb6f6b90814539ca,metal and ligand,CATALYST,SMILES,C1=CC=C(C=C1)/C=C/C(=O)/C=C/C2=CC=CC=C2.C1=CC=C(C=C1)/C=C/C(=O)/C=C/C2=CC=CC=C2.C1=CC=C(C=C1)/C=C/C(=O)/C=C/C2=CC=CC=C2.[Pd].[Pd]
ord-effcbe0533904d0880f0ace9776ccb21,Base,REAGENT,SMILES,CC(C)(C)[O-].[Na+]
ord-effcbe0533904d0880f0ace9776ccb21,Solvent,SOLVENT,SMILES,CC1=CC=CC=C1
ord-effcbe0533904d0880f0ace9776ccb21,amine,REACTANT,SMILES,C1=CC=C(C=C1)N
ord-effcbe0533904d0880f0ace9776ccb21,aryl halide,REACTANT,SMILES,CNC(=O)C1=CC(=NC(=C1)Cl)Cl
ord-effcbe0533904d0880f0ace9776ccb21,metal and ligand,CATALYST,SMILES,CC1(C2=C(C(=CC=C2)P(C3=CC=CC=C3)C4=CC=CC=C4)OC5=C1C=CC=C5P(C6=CC=CC=C6)C7=CC=CC=C7)C
ord-effcbe0533904d0880f0ace9776ccb21,metal and ligand,CATALYST,SMILES,CC(=O)O.CC(=O)O.[Pd]
ord-effcbe0533904d0880f0ace9776ccb21,metal and ligand,CATALYST,SMILES,CC1(C2=C(C(=CC=C2)P(C3=CC=CC=C3)C4=CC=CC=C4)OC5=C1C=CC=C5P(C6=CC=CC=C6)C7=CC=CC=C7)C
ord-effcbe0533904d0880f0ace9776ccb21,metal and ligand,CATALYST,SMILES,CC(=O)O.CC(=O)O.[Pd]
ord-2ad8db0a7ea741b0a4428eec268f91fd,Base,REAGENT,SMILES,CC(C)(C)[O-].[Na+]
ord-2ad8db0a7ea741b0a4428eec268f91fd,Solvent,SOLVENT,SMILES,CC(=O)N(C)C
ord-2ad8db0a7ea741b0a4428eec268f91fd,amine,REACTANT,SMILES,C1=CC(=CC(=C1)F)CN
ord-2ad8db0a7ea741b0a4428eec268f91fd,aryl halide,REACTANT,SMILES,C1=CC=C(C=C1)NC2=NC=CC(=C2)Cl
ord-2ad8db0a7ea741b0a4428eec268f91fd,metal and ligand,CATALYST,SMILES,CC(C1CCCC1P(C2CCCCC2)C3CCCCC3)P(C(C)(C)C)C(C)(C)C.C1CCCC1.[Fe]
ord-2ad8db0a7ea741b0a4428eec268f91fd,metal and ligand,CATALYST,SMILES,CC(=O)O.CC(=O)O.[Pd]
ord-2ad8db0a7ea741b0a4428eec268f91fd,metal and ligand,CATALYST,SMILES,CC(C1CCCC1P(C2CCCCC2)C3CCCCC3)P(C(C)(C)C)C(C)(C)C.C1CCCC1.[Fe]
ord-2ad8db0a7ea741b0a4428eec268f91fd,metal and ligand,CATALYST,SMILES,CC(=O)O.CC(=O)O.[Pd]
ord-1342ffbeb4634245a6963094cc9535b6,Base,REAGENT,SMILES,CC(C)(C)[O-].[Na+]
ord-1342ffbeb4634245a6963094cc9535b6,Solvent,SOLVENT,SMILES,CC1=CC=CC=C1
ord-1342ffbeb4634245a6963094cc9535b6,amine,REACTANT,SMILES,C1CCN(CC1)C2CCNCC2
ord-1342ffbeb4634245a6963094cc9535b6,aryl halide,REACTANT,SMILES,C1=CC(=CC=C1Br)I
ord-1342ffbeb4634245a6963094cc9535b6,metal and ligand,CATALYST,SMILES,CC1(C2=C(C(=CC=C2)P(C3=CC=CC=C3)C4=CC=CC=C4)OC5=C1C=CC=C5P(C6=CC=CC=C6)C7=CC=CC=C7)C
ord-1342ffbeb4634245a6963094cc9535b6,metal and ligand,CATALYST,SMILES,C1=CC=C(C=C1)/C=C/C(=O)/C=C/C2=CC=CC=C2.C1=CC=C(C=C1)/C=C/C(=O)/C=C/C2=CC=CC=C2.C1=CC=C(C=C1)/C=C/C(=O)/C=C/C2=CC=CC=C2.[Pd].[Pd]
ord-1342ffbeb4634245a6963094cc9535b6,metal and ligand,CATALYST,SMILES,CC1(C2=C(C(=CC=C2)P(C3=CC=CC=C3)C4=CC=CC=C4)OC5=C1C=CC=C5P(C6=CC=CC=C6)C7=CC=CC=C7)C
ord-1342ffbeb4634245a6963094cc9535b6,metal and ligand,CATALYST,SMILES,C1=CC=C(C=C1)/C=C/C(=O)/C=C/C2=CC=CC=C2.C1=CC=C(C=C1)/C=C/C(=O)/C=C/C2=CC=CC=C2.C1=CC=C(C=C1)/C=C/C(=O)/C=C/C2=CC=CC=C2.[Pd].[Pd]
ord-f42610ca5d2c4f39b60de444b5b2b82f,Base,REAGENT,SMILES,CC(C)(C)[O-].[Na+]
ord-f42610ca5d2c4f39b60de444b5b2b82f,Solvent,SOLVENT,SMILES,CC1=CC=CC=C1
ord-f42610ca5d2c4f39b60de444b5b2b82f,amine,REACTANT,SMILES,C[C@@H]1CNCCN1C(=O)OC(C)(C)C
ord-f42610ca5d2c4f39b60de444b5b2b82f,aryl halide,REACTANT,SMILES,CCOC1=C(C=C(C=C1)Br)OC
ord-f42610ca5d2c4f39b60de444b5b2b82f,metal and ligand,CATALYST,SMILES,C1=CC=C(C=C1)P(C2=CC=CC=C2)C3=C(C4=CC=CC=C4C=C3)C5=C(C=CC6=CC=CC=C65)P(C7=CC=CC=C7)C8=CC=CC=C8
ord-f42610ca5d2c4f39b60de444b5b2b82f,metal and ligand,CATALYST,SMILES,CC(=O)O.CC(=O)O.[Pd]
ord-f42610ca5d2c4f39b60de444b5b2b82f,metal and ligand,CATALYST,SMILES,C1=CC=C(C=C1)P(C2=CC=CC=C2)C3=C(C4=CC=CC=C4C=C3)C5=C(C=CC6=CC=CC=C65)P(C7=CC=CC=C7)C8=CC=CC=C8
ord-f42610ca5d2c4f39b60de444b5b2b82f,metal and ligand,CATALYST,SMILES,CC(=O)O.CC(=O)O.[Pd]
ord-3ee1bec4d5b244e8a0d82f023c1c6526,Base,REAGENT,SMILES,CC(C)(C)[O-].[Na+]
ord-3ee1bec4d5b244e8a0d82f023c1c6526,Solvent,SOLVENT,SMILES,CC1=CC=CC=C1
ord-3ee1bec4d5b244e8a0d82f023c1c6526,amine,REACTANT,SMILES,CC(C)(C)OC(=O)N1CCNCC1
ord-3ee1bec4d5b244e8a0d82f023c1c6526,aryl halide,REACTANT,SMILES,CN(C)C1=CC=CC=C1Br
ord-3ee1bec4d5b244e8a0d82f023c1c6526,metal and ligand,CATALYST,SMILES,CC(C)OC1=C(C(=CC=C1)OC(C)C)C2=CC=CC=C2P(C3CCCCC3)C4CCCCC4
ord-3ee1bec4d5b244e8a0d82f023c1c6526,metal and ligand,CATALYST,SMILES,CC(=O)O.CC(=O)O.[Pd]
ord-3ee1bec4d5b244e8a0d82f023c1c6526,metal and ligand,CATALYST,SMILES,CC(C)OC1=C(C(=CC=C1)OC(C)C)C2=CC=CC=C2P(C3CCCCC3)C4CCCCC4
ord-3ee1bec4d5b244e8a0d82f023c1c6526,metal and ligand,CATALYST,SMILES,CC(=O)O.CC(=O)O.[Pd]
ord-7d6438f5772442a8addd4f9357140a8b,Base,REAGENT,SMILES,CC(C)(C)[O-].[Na+]
ord-7d6438f5772442a8addd4f9357140a8b,Solvent,SOLVENT,SMILES,CC1=CC=CC=C1
ord-7d6438f5772442a8addd4f9357140a8b,amine,REACTANT,SMILES,CC(C)(C)OC(=O)N1CCNCC1
ord-7d6438f5772442a8addd4f9357140a8b,aryl halide,REACTANT,SMILES,COC1=CC=CC=C1Cl
ord-7d6438f5772442a8addd4f9357140a8b,metal and ligand,CATALYST,SMILES,CC(C)OC1=C(C(=CC=C1)OC(C)C)C2=CC=CC=C2P(C3CCCCC3)C4CCCCC4
ord-7d6438f5772442a8addd4f9357140a8b,metal and ligand,CATALYST,SMILES,CC(=O)O.CC(=O)O.[Pd]
ord-7d6438f5772442a8addd4f9357140a8b,metal and ligand,CATALYST,SMILES,CC(C)OC1=C(C(=CC=C1)OC(C)C)C2=CC=CC=C2P(C3CCCCC3)C4CCCCC4
ord-7d6438f5772442a8addd4f9357140a8b,metal and ligand,CATALYST,SMILES,CC(=O)O.CC(=O)O.[Pd]
ord-6baac44dbbb745bfaa3ee3e69cefbcee,Base,REAGENT,SMILES,CC(C)(C)[O-].[Na+]
ord-6baac44dbbb745bfaa3ee3e69cefbcee,Solvent,SOLVENT,SMILES,C1COCCO1
ord-6baac44dbbb745bfaa3ee3e69cefbcee,amine,REACTANT,SMILES,C[C@H]1CNCCN1C
ord-6baac44dbbb745bfaa3ee3e69cefbcee,aryl halide,REACTANT,SMILES,CC1=CC(=NC=C1C2=CC=C(C=C2)C3=NC4=C(C=CC=C4C(=O)N3)CO)Cl
ord-6baac44dbbb745bfaa3ee3e69cefbcee,metal and ligand,CATALYST,SMILES,CC(C)OC1=C(C(=CC=C1)OC(C)C)C2=CC=CC=C2P(C3CCCCC3)C4CCCCC4
ord-6baac44dbbb745bfaa3ee3e69cefbcee,metal and ligand,CATALYST,SMILES,CC(C)OC1=C(C(=CC=C1)OC(C)C)C2=CC=CC=C2P(C3CCCCC3)C4CCCCC4.CC(C)(C)OC.C1=CC=C([C-]=C1)CCN.Cl[Pd+]
ord-6baac44dbbb745bfaa3ee3e69cefbcee,metal and ligand,CATALYST,SMILES,CC(C)OC1=C(C(=CC=C1)OC(C)C)C2=CC=CC=C2P(C3CCCCC3)C4CCCCC4
ord-6baac44dbbb745bfaa3ee3e69cefbcee,metal and ligand,CATALYST,SMILES,CC(C)OC1=C(C(=CC=C1)OC(C)C)C2=CC=CC=C2P(C3CCCCC3)C4CCCCC4.CC(C)(C)OC.C1=CC=C([C-]=C1)CCN.Cl[Pd+]
ord-135c33d2da2b4d7f90276e4b49e654c9,Base,REAGENT,SMILES,CC(C)(C)[O-].[Na+]
ord-135c33d2da2b4d7f90276e4b49e654c9,Solvent,SOLVENT,SMILES,C1COCCO1
ord-135c33d2da2b4d7f90276e4b49e654c9,amine,REACTANT,SMILES,C[C@H]1CNCCN1C
ord-135c33d2da2b4d7f90276e4b49e654c9,aryl halide,REACTANT,SMILES,CC1=CC(=NC=C1C2=CC=C(C=C2)C3=NC4=C(C=CC=C4C(=O)N3)CO)Cl
ord-135c33d2da2b4d7f90276e4b49e654c9,metal and ligand,CATALYST,SMILES,CC(C)OC1=C(C(=CC=C1)OC(C)C)C2=CC=CC=C2P(C3CCCCC3)C4CCCCC4
ord-135c33d2da2b4d7f90276e4b49e654c9,metal and ligand,CATALYST,SMILES,CC(C)OC1=C(C(=CC=C1)OC(C)C)C2=CC=CC=C2P(C3CCCCC3)C4CCCCC4.CC(C)(C)OC.C1=CC=C([C-]=C1)CCN.Cl[Pd+]
ord-135c33d2da2b4d7f90276e4b49e654c9,metal and ligand,CATALYST,SMILES,CC(C)OC1=C(C(=CC=C1)OC(C)C)C2=CC=CC=C2P(C3CCCCC3)C4CCCCC4
ord-135c33d2da2b4d7f90276e4b49e654c9,metal and ligand,CATALYST,SMILES,CC(C)OC1=C(C(=CC=C1)OC(C)C)C2=CC=CC=C2P(C3CCCCC3)C4CCCCC4.CC(C)(C)OC.C1=CC=C([C-]=C1)CCN.Cl[Pd+]
ord-e0d3875cf2584a84afda6341abdff6dc,Base,REAGENT,SMILES,CC(C)(C)[O-].[Na+]
ord-e0d3875cf2584a84afda6341abdff6dc,Solvent,SOLVENT,SMILES,CC1=CC=CC=C1
ord-e0d3875cf2584a84afda6341abdff6dc,amine,REACTANT,SMILES,C1COCCN1
ord-e0d3875cf2584a84afda6341abdff6dc,aryl halide,REACTANT,SMILES,C1=CC(=NC=C1I)Br
ord-e0d3875cf2584a84afda6341abdff6dc,metal and ligand,CATALYST,SMILES,CC1(C2=C(C(=CC=C2)P(C3=CC=CC=C3)C4=CC=CC=C4)OC5=C1C=CC=C5P(C6=CC=CC=C6)C7=CC=CC=C7)C
ord-e0d3875cf2584a84afda6341abdff6dc,metal and ligand,CATALYST,SMILES,C1=CC=C(C=C1)/C=C/C(=O)/C=C/C2=CC=CC=C2.C1=CC=C(C=C1)/C=C/C(=O)/C=C/C2=CC=CC=C2.C1=CC=C(C=C1)/C=C/C(=O)/C=C/C2=CC=CC=C2.[Pd].[Pd]
ord-e0d3875cf2584a84afda6341abdff6dc,metal and ligand,CATALYST,SMILES,CC1(C2=C(C(=CC=C2)P(C3=CC=CC=C3)C4=CC=CC=C4)OC5=C1C=CC=C5P(C6=CC=CC=C6)C7=CC=CC=C7)C
ord-e0d3875cf2584a84afda6341abdff6dc,metal and ligand,CATALYST,SMILES,C1=CC=C(C=C1)/C=C/C(=O)/C=C/C2=CC=CC=C2.C1=CC=C(C=C1)/C=C/C(=O)/C=C/C2=CC=CC=C2.C1=CC=C(C=C1)/C=C/C(=O)/C=C/C2=CC=CC=C2.[Pd].[Pd]
ord-be476d7266d0479ba1e6c4f9e5b26400,Base,REAGENT,SMILES,C(=O)([O-])[O-].[Cs+].[Cs+]
ord-be476d7266d0479ba1e6c4f9e5b26400,Solvent,SOLVENT,SMILES,C1COCCO1
ord-be476d7266d0479ba1e6c4f9e5b26400,amine,REACTANT,SMILES,C1=CC(=CC=C1N)F
ord-be476d7266d0479ba1e6c4f9e5b26400,aryl halide,REACTANT,SMILES,CC1(C2=NC(=C(N2CCN1C(=O)CNC(=O)OC(C)(C)C)Br)C3=CC=C(C=C3)F)C
ord-be476d7266d0479ba1e6c4f9e5b26400,metal and ligand,CATALYST,SMILES,CC1(C2=C(C(=CC=C2)P(C3=CC=CC=C3)C4=CC=CC=C4)OC5=C1C=CC=C5P(C6=CC=CC=C6)C7=CC=CC=C7)C
ord-be476d7266d0479ba1e6c4f9e5b26400,metal and ligand,CATALYST,SMILES,C1=CC=C(C=C1)/C=C/C(=O)/C=C/C2=CC=CC=C2.C1=CC=C(C=C1)/C=C/C(=O)/C=C/C2=CC=CC=C2.C1=CC=C(C=C1)/C=C/C(=O)/C=C/C2=CC=CC=C2.[Pd].[Pd]
ord-be476d7266d0479ba1e6c4f9e5b26400,metal and ligand,CATALYST,SMILES,CC1(C2=C(C(=CC=C2)P(C3=CC=CC=C3)C4=CC=CC=C4)OC5=C1C=CC=C5P(C6=CC=CC=C6)C7=CC=CC=C7)C
ord-be476d7266d0479ba1e6c4f9e5b26400,metal and ligand,CATALYST,SMILES,C1=CC=C(C=C1)/C=C/C(=O)/C=C/C2=CC=CC=C2.C1=CC=C(C=C1)/C=C/C(=O)/C=C/C2=CC=CC=C2.C1=CC=C(C=C1)/C=C/C(=O)/C=C/C2=CC=CC=C2.[Pd].[Pd]
ord-09a52aa0a68e4624905d84eed602571e,Base,REAGENT,SMILES,CC(C)(C)[O-].[Na+]
ord-09a52aa0a68e4624905d84eed602571e,Solvent,SOLVENT,SMILES,COC1=CC=CC=C1
ord-09a52aa0a68e4624905d84eed602571e,amine,REACTANT,SMILES,COC1=CC=CC(=C1)N
ord-09a52aa0a68e4624905d84eed602571e,aryl halide,REACTANT,SMILES,C1=CC(=CC(=C1)Br)C(F)(F)F
ord-09a52aa0a68e4624905d84eed602571e,metal and ligand,CATALYST,SMILES,CC1(C2=C(C(=CC=C2)P(C3=CC=CC=C3)C4=CC=CC=C4)OC5=C1C=CC=C5P(C6=CC=CC=C6)C7=CC=CC=C7)C
ord-09a52aa0a68e4624905d84eed602571e,metal and ligand,CATALYST,SMILES,CC(=O)O.CC(=O)O.[Pd]
ord-09a52aa0a68e4624905d84eed602571e,metal and ligand,CATALYST,SMILES,CC1(C2=C(C(=CC=C2)P(C3=CC=CC=C3)C4=CC=CC=C4)OC5=C1C=CC=C5P(C6=CC=CC=C6)C7=CC=CC=C7)C
ord-09a52aa0a68e4624905d84eed602571e,metal and ligand,CATALYST,SMILES,CC(=O)O.CC(=O)O.[Pd]
ord-4b267760e4484094b4eaffe00a0fdfde,Base,REAGENT,SMILES,CC(C)(C)[O-].[Na+]
ord-4b267760e4484094b4eaffe00a0fdfde,Solvent,SOLVENT,SMILES,C1COCCO1
ord-4b267760e4484094b4eaffe00a0fdfde,amine,REACTANT,SMILES,CC(C)(C)OC(=O)N1C[C@@H]2C[C@H]1CN2
ord-4b267760e4484094b4eaffe00a0fdfde,aryl halide,REACTANT,SMILES,C1=CC(=CC(=C1)Br)C(F)(F)F
ord-4b267760e4484094b4eaffe00a0fdfde,metal and ligand,CATALYST,SMILES,C1=CC=C(C=C1)P(C2=CC=CC=C2)C3=C(C4=CC=CC=C4C=C3)C5=C(C=CC6=CC=CC=C65)P(C7=CC=CC=C7)C8=CC=CC=C8
ord-4b267760e4484094b4eaffe00a0fdfde,metal and ligand,CATALYST,SMILES,C1=CC=C(C=C1)/C=C/C(=O)/C=C/C2=CC=CC=C2.C1=CC=C(C=C1)/C=C/C(=O)/C=C/C2=CC=CC=C2.C1=CC=C(C=C1)/C=C/C(=O)/C=C/C2=CC=CC=C2.[Pd].[Pd]
ord-4b267760e4484094b4eaffe00a0fdfde,metal and ligand,CATALYST,SMILES,C1=CC=C(C=C1)P(C2=CC=CC=C2)C3=C(C4=CC=CC=C4C=C3)C5=C(C=CC6=CC=CC=C65)P(C7=CC=CC=C7)C8=CC=CC=C8
ord-4b267760e4484094b4eaffe00a0fdfde,metal and ligand,CATALYST,SMILES,C1=CC=C(C=C1)/C=C/C(=O)/C=C/C2=CC=CC=C2.C1=CC=C(C=C1)/C=C/C(=O)/C=C/C2=CC=CC=C2.C1=CC=C(C=C1)/C=C/C(=O)/C=C/C2=CC=CC=C2.[Pd].[Pd]
ord-19ca5beb727246179b7d4d2728f36d53,Base,REAGENT,SMILES,CC(C)(C)[O-].[Na+]
ord-19ca5beb727246179b7d4d2728f36d53,Solvent,SOLVENT,SMILES,C1COCCO1
ord-19ca5beb727246179b7d4d2728f36d53,amine,REACTANT,SMILES,CC(C)(C)OC(=O)N1C[C@@H]2C[C@H]1CN2
ord-19ca5beb727246179b7d4d2728f36d53,aryl halide,REACTANT,SMILES,C1=CC(=CC(=C1)Br)C(F)(F)F
ord-19ca5beb727246179b7d4d2728f36d53,metal and ligand,CATALYST,SMILES,C1=CC=C(C=C1)P(C2=CC=CC=C2)C3=C(C4=CC=CC=C4C=C3)C5=C(C=CC6=CC=CC=C65)P(C7=CC=CC=C7)C8=CC=CC=C8
ord-19ca5beb727246179b7d4d2728f36d53,metal and ligand,CATALYST,SMILES,C1=CC=C(C=C1)/C=C/C(=O)/C=C/C2=CC=CC=C2.C1=CC=C(C=C1)/C=C/C(=O)/C=C/C2=CC=CC=C2.C1=CC=C(C=C1)/C=C/C(=O)/C=C/C2=CC=CC=C2.[Pd].[Pd]
ord-19ca5beb727246179b7d4d2728f36d53,metal and ligand,CATALYST,SMILES,C1=CC=C(C=C1)P(C2=CC=CC=C2)C3=C(C4=CC=CC=C4C=C3)C5=C(C=CC6=CC=CC=C65)P(C7=CC=CC=C7)C8=CC=CC=C8
ord-19ca5beb727246179b7d4d2728f36d53,metal and ligand,CATALYST,SMILES,C1=CC=C(C=C1)/C=C/C(=O)/C=C/C2=CC=CC=C2.C1=CC=C(C=C1)/C=C/C(=O)/C=C/C2=CC=CC=C2.C1=CC=C(C=C1)/C=C/C(=O)/C=C/C2=CC=CC=C2.[Pd].[Pd]
ord-c1015abd205e430c801b5231e1cdfbf2,Base,REAGENT,SMILES,C(=O)([O-])[O-].[Cs+].[Cs+]
ord-c1015abd205e430c801b5231e1cdfbf2,Solvent,SOLVENT,SMILES,C1COCCO1
ord-c1015abd205e430c801b5231e1cdfbf2,amine,REACTANT,SMILES,CC1=NC(=NC=C1)N
ord-c1015abd205e430c801b5231e1cdfbf2,aryl halide,REACTANT,SMILES,C1=CN=C(C=C1Cl)Cl
ord-c1015abd205e430c801b5231e1cdfbf2,metal and ligand,CATALYST,SMILES,CC1(C2=C(C(=CC=C2)P(C3=CC=CC=C3)C4=CC=CC=C4)OC5=C1C=CC=C5P(C6=CC=CC=C6)C7=CC=CC=C7)C
ord-c1015abd205e430c801b5231e1cdfbf2,metal and ligand,CATALYST,SMILES,CC(=O)O.CC(=O)O.[Pd]
ord-c1015abd205e430c801b5231e1cdfbf2,metal and ligand,CATALYST,SMILES,CC1(C2=C(C(=CC=C2)P(C3=CC=CC=C3)C4=CC=CC=C4)OC5=C1C=CC=C5P(C6=CC=CC=C6)C7=CC=CC=C7)C
ord-c1015abd205e430c801b5231e1cdfbf2,metal and ligand,CATALYST,SMILES,CC(=O)O.CC(=O)O.[Pd]
ord-512d2d9fb0454cb39e6db5113f92b34b,Base,REAGENT,SMILES,CC(C)(C)[O-].[K+]
ord-512d2d9fb0454cb39e6db5113f92b34b,Solvent,SOLVENT,SMILES,C1CCOC1
ord-512d2d9fb0454cb39e6db5113f92b34b,amine,REACTANT,SMILES,C[C@@H]1CN(CCN1)C(=O)OC(C)(C)C
ord-512d2d9fb0454cb39e6db5113f92b34b,aryl halide,REACTANT,SMILES,C1=CC(=CC=C1O)Br
ord-512d2d9fb0454cb39e6db5113f92b34b,metal and ligand,CATALYST,SMILES,CC(C)(C)P(C(C)(C)C)C(C)(C)C
ord-512d2d9fb0454cb39e6db5113f92b34b,metal and ligand,CATALYST,SMILES,CC(C)(C)P(C(C)(C)C)C(C)(C)C.CC(C)(C)P(C(C)(C)C)C(C)(C)C.[Pd]
ord-512d2d9fb0454cb39e6db5113f92b34b,metal and ligand,CATALYST,SMILES,CC(C)(C)P(C(C)(C)C)C(C)(C)C
ord-512d2d9fb0454cb39e6db5113f92b34b,metal and ligand,CATALYST,SMILES,CC(C)(C)P(C(C)(C)C)C(C)(C)C.CC(C)(C)P(C(C)(C)C)C(C)(C)C.[Pd]
ord-f903bfa68e6e46fb8291b98645969acd,Base,REAGENT,SMILES,C(=O)([O-])[O-].[Cs+].[Cs+]
ord-f903bfa68e6e46fb8291b98645969acd,Solvent,SOLVENT,SMILES,CC1=CC=CC=C1
ord-f903bfa68e6e46fb8291b98645969acd,amine,REACTANT,SMILES,COC1=NC(=NC=C1Br)N
ord-f903bfa68e6e46fb8291b98645969acd,aryl halide,REACTANT,SMILES,C1=CC(=C(C=C1C(F)(F)F)I)F
ord-f903bfa68e6e46fb8291b98645969acd,metal and ligand,CATALYST,SMILES,C1=COC(=C1)P(C2=CC=CO2)C3=CC=CO3
ord-f903bfa68e6e46fb8291b98645969acd,metal and ligand,CATALYST,SMILES,CC(=O)O.CC(=O)O.[Pd]
ord-f903bfa68e6e46fb8291b98645969acd,metal and ligand,CATALYST,SMILES,C1=COC(=C1)P(C2=CC=CO2)C3=CC=CO3
ord-f903bfa68e6e46fb8291b98645969acd,metal and ligand,CATALYST,SMILES,CC(=O)O.CC(=O)O.[Pd]
ord-890c9e12800b48cca35bf6f2a67a4cca,Base,REAGENT,SMILES,CC(C)(C)[O-].[Na+]
ord-890c9e12800b48cca35bf6f2a67a4cca,Solvent,SOLVENT,SMILES,CC1=CC=CC=C1
ord-890c9e12800b48cca35bf6f2a67a4cca,amine,REACTANT,SMILES,CN1CCNCC1
ord-890c9e12800b48cca35bf6f2a67a4cca,aryl halide,REACTANT,SMILES,COC1=C(C=CC(=C1)Cl)I
ord-890c9e12800b48cca35bf6f2a67a4cca,metal and ligand,CATALYST,SMILES,CC1(C2=C(C(=CC=C2)P(C3=CC=CC=C3)C4=CC=CC=C4)OC5=C1C=CC=C5P(C6=CC=CC=C6)C7=CC=CC=C7)C
ord-890c9e12800b48cca35bf6f2a67a4cca,metal and ligand,CATALYST,SMILES,CC(=O)O.CC(=O)O.[Pd]
ord-890c9e12800b48cca35bf6f2a67a4cca,metal and ligand,CATALYST,SMILES,CC1(C2=C(C(=CC=C2)P(C3=CC=CC=C3)C4=CC=CC=C4)OC5=C1C=CC=C5P(C6=CC=CC=C6)C7=CC=CC=C7)C
ord-890c9e12800b48cca35bf6f2a67a4cca,metal and ligand,CATALYST,SMILES,CC(=O)O.CC(=O)O.[Pd]
ord-d1da8942a5fd4744b25120701e88bd1a,Base,REAGENT,SMILES,CC(C)(C)[O-].[Na+]
ord-d1da8942a5fd4744b25120701e88bd1a,Solvent,SOLVENT,SMILES,CC(C)(C)O
ord-d1da8942a5fd4744b25120701e88bd1a,amine,REACTANT,SMILES,C1=CC=C2C(=C1)C=C(C=N2)N
ord-d1da8942a5fd4744b25120701e88bd1a,aryl halide,REACTANT,SMILES,C1CN(CC2=C1C(=NC=C2)Cl)S(=O)(=O)C3=CC=CO3
ord-d1da8942a5fd4744b25120701e88bd1a,metal and ligand,CATALYST,SMILES,CC1(C2=C(C(=CC=C2)P(C3=CC=CC=C3)C4=CC=CC=C4)OC5=C1C=CC=C5P(C6=CC=CC=C6)C7=CC=CC=C7)C
ord-d1da8942a5fd4744b25120701e88bd1a,metal and ligand,CATALYST,SMILES,C1=CC=C(C=C1)/C=C/C(=O)/C=C/C2=CC=CC=C2.C1=CC=C(C=C1)/C=C/C(=O)/C=C/C2=CC=CC=C2.C1=CC=C(C=C1)/C=C/C(=O)/C=C/C2=CC=CC=C2.[Pd].[Pd]
ord-d1da8942a5fd4744b25120701e88bd1a,metal and ligand,CATALYST,SMILES,CC1(C2=C(C(=CC=C2)P(C3=CC=CC=C3)C4=CC=CC=C4)OC5=C1C=CC=C5P(C6=CC=CC=C6)C7=CC=CC=C7)C
ord-d1da8942a5fd4744b25120701e88bd1a,metal and ligand,CATALYST,SMILES,C1=CC=C(C=C1)/C=C/C(=O)/C=C/C2=CC=CC=C2.C1=CC=C(C=C1)/C=C/C(=O)/C=C/C2=CC=CC=C2.C1=CC=C(C=C1)/C=C/C(=O)/C=C/C2=CC=CC=C2.[Pd].[Pd]
ord-3b22658007fa466891096d7c97ab437d,Base,REAGENT,SMILES,CC(C)(C)[O-].[Na+]
ord-3b22658007fa466891096d7c97ab437d,Solvent,SOLVENT,SMILES,COCCOC
ord-3b22658007fa466891096d7c97ab437d,amine,REACTANT,SMILES,C1=CC=NC(=C1)N
ord-3b22658007fa466891096d7c97ab437d,aryl halide,REACTANT,SMILES,C1=CC(=CN=C1)Br
ord-3b22658007fa466891096d7c97ab437d,metal and ligand,CATALYST,SMILES,CC(C1CCCC1P(C2CCCCC2)C3CCCCC3)P(C(C)(C)C)C(C)(C)C.C1CCCC1.[Fe]
ord-3b22658007fa466891096d7c97ab437d,metal and ligand,CATALYST,SMILES,CC(=O)O.CC(=O)O.[Pd]
ord-3b22658007fa466891096d7c97ab437d,metal and ligand,CATALYST,SMILES,CC(C1CCCC1P(C2CCCCC2)C3CCCCC3)P(C(C)(C)C)C(C)(C)C.C1CCCC1.[Fe]
ord-3b22658007fa466891096d7c97ab437d,metal and ligand,CATALYST,SMILES,CC(=O)O.CC(=O)O.[Pd]
ord-2f0f980a972d4857b85fb2314cbcce6e,Base,REAGENT,SMILES,C(=O)([O-])[O-].[Cs+].[Cs+]
ord-2f0f980a972d4857b85fb2314cbcce6e,Solvent,SOLVENT,SMILES,CC(=O)N(C)C
ord-2f0f980a972d4857b85fb2314cbcce6e,amine,REACTANT,SMILES,CC(=O)N(C)C1=CC2=C(C=C1)C=CN2
ord-2f0f980a972d4857b85fb2314cbcce6e,aryl halide,REACTANT,SMILES,C1CC1NC2=CC(=NC3=C(C=NN23)C#N)Cl
ord-2f0f980a972d4857b85fb2314cbcce6e,metal and ligand,CATALYST,SMILES,CC1(C2=C(C(=CC=C2)P(C3=CC=CC=C3)C4=CC=CC=C4)OC5=C1C=CC=C5P(C6=CC=CC=C6)C7=CC=CC=C7)C
ord-2f0f980a972d4857b85fb2314cbcce6e,metal and ligand,CATALYST,SMILES,C1=CC=C(C=C1)/C=C/C(=O)/C=C/C2=CC=CC=C2.C1=CC=C(C=C1)/C=C/C(=O)/C=C/C2=CC=CC=C2.C1=CC=C(C=C1)/C=C/C(=O)/C=C/C2=CC=CC=C2.[Pd].[Pd]
ord-2f0f980a972d4857b85fb2314cbcce6e,metal and ligand,CATALYST,SMILES,CC1(C2=C(C(=CC=C2)P(C3=CC=CC=C3)C4=CC=CC=C4)OC5=C1C=CC=C5P(C6=CC=CC=C6)C7=CC=CC=C7)C
ord-2f0f980a972d4857b85fb2314cbcce6e,metal and ligand,CATALYST,SMILES,C1=CC=C(C=C1)/C=C/C(=O)/C=C/C2=CC=CC=C2.C1=CC=C(C=C1)/C=C/C(=O)/C=C/C2=CC=CC=C2.C1=CC=C(C=C1)/C=C/C(=O)/C=C/C2=CC=CC=C2.[Pd].[Pd]
ord-31892db8bbd04de79164da0921726b58,Base,REAGENT,SMILES,C(=O)([O-])[O-].[Cs+].[Cs+]
ord-31892db8bbd04de79164da0921726b58,Solvent,SOLVENT,SMILES,CC(=O)N(C)C
ord-31892db8bbd04de79164da0921726b58,amine,REACTANT,SMILES,C1CC1NC2=CC(=NC3=C(C=NN23)C#N)Cl
ord-31892db8bbd04de79164da0921726b58,aryl halide,REACTANT,SMILES,CS(=O)(=O)CC1=C(C=CC(=C1)N)Cl
ord-31892db8bbd04de79164da0921726b58,metal and ligand,CATALYST,SMILES,CC1(C2=C(C(=CC=C2)P(C3=CC=CC=C3)C4=CC=CC=C4)OC5=C1C=CC=C5P(C6=CC=CC=C6)C7=CC=CC=C7)C
ord-31892db8bbd04de79164da0921726b58,metal and ligand,CATALYST,SMILES,C1=CC=C(C=C1)/C=C/C(=O)/C=C/C2=CC=CC=C2.C1=CC=C(C=C1)/C=C/C(=O)/C=C/C2=CC=CC=C2.C1=CC=C(C=C1)/C=C/C(=O)/C=C/C2=CC=CC=C2.[Pd].[Pd]
ord-31892db8bbd04de79164da0921726b58,metal and ligand,CATALYST,SMILES,CC1(C2=C(C(=CC=C2)P(C3=CC=CC=C3)C4=CC=CC=C4)OC5=C1C=CC=C5P(C6=CC=CC=C6)C7=CC=CC=C7)C
ord-31892db8bbd04de79164da0921726b58,metal and ligand,CATALYST,SMILES,C1=CC=C(C=C1)/C=C/C(=O)/C=C/C2=CC=CC=C2.C1=CC=C(C=C1)/C=C/C(=O)/C=C/C2=CC=CC=C2.C1=CC=C(C=C1)/C=C/C(=O)/C=C/C2=CC=CC=C2.[Pd].[Pd]
ord-ac71d193208d45949ee247d7a0855249,Base,REAGENT,SMILES,C(=O)([O-])[O-].[Cs+].[Cs+]
ord-ac71d193208d45949ee247d7a0855249,Solvent,SOLVENT,SMILES,CC1=CC=CC=C1
ord-ac71d193208d45949ee247d7a0855249,amine,REACTANT,SMILES,C1CCNC1
ord-ac71d193208d45949ee247d7a0855249,aryl halide,REACTANT,SMILES,C1=CC(=C(C=C1F)C=O)Br
ord-ac71d193208d45949ee247d7a0855249,metal and ligand,CATALYST,SMILES,C1=CC=C(C=C1)P(C2=CC=CC=C2)C3=C(C4=CC=CC=C4C=C3)C5=C(C=CC6=CC=CC=C65)P(C7=CC=CC=C7)C8=CC=CC=C8
ord-ac71d193208d45949ee247d7a0855249,metal and ligand,CATALYST,SMILES,CC(=O)O.CC(=O)O.[Pd]
ord-ac71d193208d45949ee247d7a0855249,metal and ligand,CATALYST,SMILES,C1=CC=C(C=C1)P(C2=CC=CC=C2)C3=C(C4=CC=CC=C4C=C3)C5=C(C=CC6=CC=CC=C65)P(C7=CC=CC=C7)C8=CC=CC=C8
ord-ac71d193208d45949ee247d7a0855249,metal and ligand,CATALYST,SMILES,CC(=O)O.CC(=O)O.[Pd]
ord-bcfa3d02b4af4bc4b469f691ad0536a7,Base,REAGENT,SMILES,C(=O)([O-])[O-].[Cs+].[Cs+]
ord-bcfa3d02b4af4bc4b469f691ad0536a7,Solvent,SOLVENT,SMILES,C1COCCO1
ord-bcfa3d02b4af4bc4b469f691ad0536a7,amine,REACTANT,SMILES,C1COCC(=O)N1
ord-bcfa3d02b4af4bc4b469f691ad0536a7,aryl halide,REACTANT,SMILES,C1=CC(=NC(=C1)Br)Br
ord-bcfa3d02b4af4bc4b469f691ad0536a7,metal and ligand,CATALYST,SMILES,CC1(C2=C(C(=CC=C2)P(C3=CC=CC=C3)C4=CC=CC=C4)OC5=C1C=CC=C5P(C6=CC=CC=C6)C7=CC=CC=C7)C
ord-bcfa3d02b4af4bc4b469f691ad0536a7,metal and ligand,CATALYST,SMILES,CC(=O)O.CC(=O)O.[Pd]
ord-bcfa3d02b4af4bc4b469f691ad0536a7,metal and ligand,CATALYST,SMILES,CC1(C2=C(C(=CC=C2)P(C3=CC=CC=C3)C4=CC=CC=C4)OC5=C1C=CC=C5P(C6=CC=CC=C6)C7=CC=CC=C7)C
ord-bcfa3d02b4af4bc4b469f691ad0536a7,metal and ligand,CATALYST,SMILES,CC(=O)O.CC(=O)O.[Pd]
ord-6d8aa98c735648d3b6dca8975bbef9d2,Base,REAGENT,SMILES,C(=O)([O-])[O-].[Cs+].[Cs+]
ord-6d8aa98c735648d3b6dca8975bbef9d2,Solvent,SOLVENT,SMILES,CC(=O)N(C)C
ord-6d8aa98c735648d3b6dca8975bbef9d2,amine,REACTANT,SMILES,CC(=O)NC1=CC=CC(=C1)N
ord-6d8aa98c735648d3b6dca8975bbef9d2,aryl halide,REACTANT,SMILES,C1CC1NC2=CC(=NC3=C(C=NN23)C#N)Cl
ord-6d8aa98c735648d3b6dca8975bbef9d2,metal and ligand,CATALYST,SMILES,CC1(C2=C(C(=CC=C2)P(C3=CC=CC=C3)C4=CC=CC=C4)OC5=C1C=CC=C5P(C6=CC=CC=C6)C7=CC=CC=C7)C
ord-6d8aa98c735648d3b6dca8975bbef9d2,metal and ligand,CATALYST,SMILES,C1=CC=C(C=C1)/C=C/C(=O)/C=C/C2=CC=CC=C2.C1=CC=C(C=C1)/C=C/C(=O)/C=C/C2=CC=CC=C2.C1=CC=C(C=C1)/C=C/C(=O)/C=C/C2=CC=CC=C2.[Pd].[Pd]
ord-6d8aa98c735648d3b6dca8975bbef9d2,metal and ligand,CATALYST,SMILES,CC1(C2=C(C(=CC=C2)P(C3=CC=CC=C3)C4=CC=CC=C4)OC5=C1C=CC=C5P(C6=CC=CC=C6)C7=CC=CC=C7)C
ord-6d8aa98c735648d3b6dca8975bbef9d2,metal and ligand,CATALYST,SMILES,C1=CC=C(C=C1)/C=C/C(=O)/C=C/C2=CC=CC=C2.C1=CC=C(C=C1)/C=C/C(=O)/C=C/C2=CC=CC=C2.C1=CC=C(C=C1)/C=C/C(=O)/C=C/C2=CC=CC=C2.[Pd].[Pd]
ord-2bde997c68344c96991dffb75b1f4b33,Base,REAGENT,SMILES,C(=O)([O-])[O-].[Cs+].[Cs+]
ord-2bde997c68344c96991dffb75b1f4b33,Solvent,SOLVENT,SMILES,CC1=CC=CC=C1
ord-2bde997c68344c96991dffb75b1f4b33,amine,REACTANT,SMILES,C1CC(C1)N2CCN(CC2)C(=O)C3CC4(C3)CCNCC4
ord-2bde997c68344c96991dffb75b1f4b33,aryl halide,REACTANT,SMILES,C1=CC=C(C=C1)Br
ord-2bde997c68344c96991dffb75b1f4b33,metal and ligand,CATALYST,SMILES,C1=CC=C(C=C1)P(C2=CC=CC=C2)C3=C(C4=CC=CC=C4C=C3)C5=C(C=CC6=CC=CC=C65)P(C7=CC=CC=C7)C8=CC=CC=C8
ord-2bde997c68344c96991dffb75b1f4b33,metal and ligand,CATALYST,SMILES,CC(=O)O.CC(=O)O.[Pd]
ord-2bde997c68344c96991dffb75b1f4b33,metal and ligand,CATALYST,SMILES,C1=CC=C(C=C1)P(C2=CC=CC=C2)C3=C(C4=CC=CC=C4C=C3)C5=C(C=CC6=CC=CC=C65)P(C7=CC=CC=C7)C8=CC=CC=C8
ord-2bde997c68344c96991dffb75b1f4b33,metal and ligand,CATALYST,SMILES,CC(=O)O.CC(=O)O.[Pd]
ord-6ca842b2903f47c19f42752e7a96ea52,Base,REAGENT,SMILES,C(=O)([O-])[O-].[Cs+].[Cs+]
ord-6ca842b2903f47c19f42752e7a96ea52,Solvent,SOLVENT,SMILES,CC(=O)N(C)C
ord-6ca842b2903f47c19f42752e7a96ea52,amine,REACTANT,SMILES,CC(=O)NC1=C(C=CC(=C1)N)N2CC[C@@H](C2)N(C)C
ord-6ca842b2903f47c19f42752e7a96ea52,aryl halide,REACTANT,SMILES,C1CC1NC2=CC(=NC3=C(C=NN23)C#N)Cl
ord-6ca842b2903f47c19f42752e7a96ea52,metal and ligand,CATALYST,SMILES,CC1(C2=C(C(=CC=C2)P(C3=CC=CC=C3)C4=CC=CC=C4)OC5=C1C=CC=C5P(C6=CC=CC=C6)C7=CC=CC=C7)C
ord-6ca842b2903f47c19f42752e7a96ea52,metal and ligand,CATALYST,SMILES,C1=CC=C(C=C1)/C=C/C(=O)/C=C/C2=CC=CC=C2.C1=CC=C(C=C1)/C=C/C(=O)/C=C/C2=CC=CC=C2.C1=CC=C(C=C1)/C=C/C(=O)/C=C/C2=CC=CC=C2.[Pd].[Pd]
ord-6ca842b2903f47c19f42752e7a96ea52,metal and ligand,CATALYST,SMILES,CC1(C2=C(C(=CC=C2)P(C3=CC=CC=C3)C4=CC=CC=C4)OC5=C1C=CC=C5P(C6=CC=CC=C6)C7=CC=CC=C7)C
ord-6ca842b2903f47c19f42752e7a96ea52,metal and ligand,CATALYST,SMILES,C1=CC=C(C=C1)/C=C/C(=O)/C=C/C2=CC=CC=C2.C1=CC=C(C=C1)/C=C/C(=O)/C=C/C2=CC=CC=C2.C1=CC=C(C=C1)/C=C/C(=O)/C=C/C2=CC=CC=C2.[Pd].[Pd]
ord-4ba8493a4d7f4107b8a89b01cdd11168,Base,REAGENT,SMILES,C(=O)([O-])[O-].[Cs+].[Cs+]
ord-4ba8493a4d7f4107b8a89b01cdd11168,Solvent,SOLVENT,SMILES,C1COCCO1
ord-4ba8493a4d7f4107b8a89b01cdd11168,amine,REACTANT,SMILES,CC(C)(C)OC(=O)N
ord-4ba8493a4d7f4107b8a89b01cdd11168,aryl halide,REACTANT,SMILES,CC1=CC(=CC(=N1)Cl)CO
ord-4ba8493a4d7f4107b8a89b01cdd11168,metal and ligand,CATALYST,SMILES,CC1(C2=C(C(=CC=C2)P(C3=CC=CC=C3)C4=CC=CC=C4)OC5=C1C=CC=C5P(C6=CC=CC=C6)C7=CC=CC=C7)C
ord-4ba8493a4d7f4107b8a89b01cdd11168,metal and ligand,CATALYST,SMILES,C1=CC=C(C=C1)/C=C/C(=O)/C=C/C2=CC=CC=C2.C1=CC=C(C=C1)/C=C/C(=O)/C=C/C2=CC=CC=C2.C1=CC=C(C=C1)/C=C/C(=O)/C=C/C2=CC=CC=C2.[Pd].[Pd]
ord-4ba8493a4d7f4107b8a89b01cdd11168,metal and ligand,CATALYST,SMILES,CC1(C2=C(C(=CC=C2)P(C3=CC=CC=C3)C4=CC=CC=C4)OC5=C1C=CC=C5P(C6=CC=CC=C6)C7=CC=CC=C7)C
ord-4ba8493a4d7f4107b8a89b01cdd11168,metal and ligand,CATALYST,SMILES,C1=CC=C(C=C1)/C=C/C(=O)/C=C/C2=CC=CC=C2.C1=CC=C(C=C1)/C=C/C(=O)/C=C/C2=CC=CC=C2.C1=CC=C(C=C1)/C=C/C(=O)/C=C/C2=CC=CC=C2.[Pd].[Pd]
ord-a20b5a194b7e441a86818aba8bf8e5b1,Base,REAGENT,SMILES,C(=O)([O-])[O-].[Cs+].[Cs+]
ord-a20b5a194b7e441a86818aba8bf8e5b1,Solvent,SOLVENT,SMILES,CC(=O)N(C)C
ord-a20b5a194b7e441a86818aba8bf8e5b1,amine,REACTANT,SMILES,CC(C)C1=C(C=C(C=C1)N)NC(=O)C
ord-a20b5a194b7e441a86818aba8bf8e5b1,aryl halide,REACTANT,SMILES,C1CC1NC2=CC(=NC3=C(C=NN23)C#N)Cl
ord-a20b5a194b7e441a86818aba8bf8e5b1,metal and ligand,CATALYST,SMILES,CC1(C2=C(C(=CC=C2)P(C3=CC=CC=C3)C4=CC=CC=C4)OC5=C1C=CC=C5P(C6=CC=CC=C6)C7=CC=CC=C7)C
ord-a20b5a194b7e441a86818aba8bf8e5b1,metal and ligand,CATALYST,SMILES,C1=CC=C(C=C1)/C=C/C(=O)/C=C/C2=CC=CC=C2.C1=CC=C(C=C1)/C=C/C(=O)/C=C/C2=CC=CC=C2.C1=CC=C(C=C1)/C=C/C(=O)/C=C/C2=CC=CC=C2.[Pd].[Pd]
ord-a20b5a194b7e441a86818aba8bf8e5b1,metal and ligand,CATALYST,SMILES,CC1(C2=C(C(=CC=C2)P(C3=CC=CC=C3)C4=CC=CC=C4)OC5=C1C=CC=C5P(C6=CC=CC=C6)C7=CC=CC=C7)C
ord-a20b5a194b7e441a86818aba8bf8e5b1,metal and ligand,CATALYST,SMILES,C1=CC=C(C=C1)/C=C/C(=O)/C=C/C2=CC=CC=C2.C1=CC=C(C=C1)/C=C/C(=O)/C=C/C2=CC=CC=C2.C1=CC=C(C=C1)/C=C/C(=O)/C=C/C2=CC=CC=C2.[Pd].[Pd]
ord-db902466b4d9464996daff204ba92575,Base,REAGENT,SMILES,C(=O)([O-])[O-].[Cs+].[Cs+]
ord-db902466b4d9464996daff204ba92575,Solvent,SOLVENT,SMILES,CC1=CC=CC=C1
ord-db902466b4d9464996daff204ba92575,amine,REACTANT,SMILES,CC1=CSC(=N1)N
ord-db902466b4d9464996daff204ba92575,aryl halide,REACTANT,SMILES,C1CN(C(=O)OC1)C2=NC(=CC=C2)Br
ord-db902466b4d9464996daff204ba92575,metal and ligand,CATALYST,SMILES,CC1(C2=C(C(=CC=C2)P(C3=CC=CC=C3)C4=CC=CC=C4)OC5=C1C=CC=C5P(C6=CC=CC=C6)C7=CC=CC=C7)C
ord-db902466b4d9464996daff204ba92575,metal and ligand,CATALYST,SMILES,C1=CC=C(C=C1)/C=C/C(=O)/C=C/C2=CC=CC=C2.C1=CC=C(C=C1)/C=C/C(=O)/C=C/C2=CC=CC=C2.[Pd]
ord-db902466b4d9464996daff204ba92575,metal and ligand,CATALYST,SMILES,CC1(C2=C(C(=CC=C2)P(C3=CC=CC=C3)C4=CC=CC=C4)OC5=C1C=CC=C5P(C6=CC=CC=C6)C7=CC=CC=C7)C
ord-db902466b4d9464996daff204ba92575,metal and ligand,CATALYST,SMILES,C1=CC=C(C=C1)/C=C/C(=O)/C=C/C2=CC=CC=C2.C1=CC=C(C=C1)/C=C/C(=O)/C=C/C2=CC=CC=C2.[Pd]
ord-afb4a5c3ac0340ae885e81e91d7c667d,Base,REAGENT,SMILES,C(=O)([O-])[O-].[Cs+].[Cs+]
ord-afb4a5c3ac0340ae885e81e91d7c667d,Solvent,SOLVENT,SMILES,CC1=CC=CC=C1
ord-afb4a5c3ac0340ae885e81e91d7c667d,amine,REACTANT,SMILES,CC1=CSC(=N1)N
ord-afb4a5c3ac0340ae885e81e91d7c667d,aryl halide,REACTANT,SMILES,C1CN(C(=O)OC1)C2=NC(=CC=C2)Br
ord-afb4a5c3ac0340ae885e81e91d7c667d,metal and ligand,CATALYST,SMILES,CC1(C2=C(C(=CC=C2)P(C3=CC=CC=C3)C4=CC=CC=C4)OC5=C1C=CC=C5P(C6=CC=CC=C6)C7=CC=CC=C7)C
ord-afb4a5c3ac0340ae885e81e91d7c667d,metal and ligand,CATALYST,SMILES,C1=CC=C(C=C1)/C=C/C(=O)/C=C/C2=CC=CC=C2.C1=CC=C(C=C1)/C=C/C(=O)/C=C/C2=CC=CC=C2.[Pd]
ord-afb4a5c3ac0340ae885e81e91d7c667d,metal and ligand,CATALYST,SMILES,CC1(C2=C(C(=CC=C2)P(C3=CC=CC=C3)C4=CC=CC=C4)OC5=C1C=CC=C5P(C6=CC=CC=C6)C7=CC=CC=C7)C
ord-afb4a5c3ac0340ae885e81e91d7c667d,metal and ligand,CATALYST,SMILES,C1=CC=C(C=C1)/C=C/C(=O)/C=C/C2=CC=CC=C2.C1=CC=C(C=C1)/C=C/C(=O)/C=C/C2=CC=CC=C2.[Pd]
ord-b790a1db0b324eea8d1b75eaa501512c,Base,REAGENT,SMILES,CC(C)(C)[O-].[Na+]
ord-b790a1db0b324eea8d1b75eaa501512c,Solvent,SOLVENT,SMILES,CC(=O)N(C)C
ord-b790a1db0b324eea8d1b75eaa501512c,amine,REACTANT,SMILES,C1CNCCN1
ord-b790a1db0b324eea8d1b75eaa501512c,aryl halide,REACTANT,SMILES,CC1=CC(=C(C=C1)NC2=C(N=NC3=C2C=CC(=C3)Br)C#N)F
ord-b790a1db0b324eea8d1b75eaa501512c,metal and ligand,CATALYST,SMILES,CC(C)C1=CC(=C(C(=C1)C(C)C)C2=CC=CC=C2P(C3CCCCC3)C4CCCCC4)C(C)C
ord-b790a1db0b324eea8d1b75eaa501512c,metal and ligand,CATALYST,SMILES,C1=CC=C(C=C1)/C=C/C(=O)/C=C/C2=CC=CC=C2.C1=CC=C(C=C1)/C=C/C(=O)/C=C/C2=CC=CC=C2.C1=CC=C(C=C1)/C=C/C(=O)/C=C/C2=CC=CC=C2.[Pd].[Pd]
ord-b790a1db0b324eea8d1b75eaa501512c,metal and ligand,CATALYST,SMILES,CC(C)C1=CC(=C(C(=C1)C(C)C)C2=CC=CC=C2P(C3CCCCC3)C4CCCCC4)C(C)C
ord-b790a1db0b324eea8d1b75eaa501512c,metal and ligand,CATALYST,SMILES,C1=CC=C(C=C1)/C=C/C(=O)/C=C/C2=CC=CC=C2.C1=CC=C(C=C1)/C=C/C(=O)/C=C/C2=CC=CC=C2.C1=CC=C(C=C1)/C=C/C(=O)/C=C/C2=CC=CC=C2.[Pd].[Pd]
ord-05542745a3df403aa88ae927045679bd,Base,REAGENT,SMILES,CC(C)(C)[O-].[Na+]
ord-05542745a3df403aa88ae927045679bd,Solvent,SOLVENT,SMILES,CC(=O)N(C)C
ord-05542745a3df403aa88ae927045679bd,amine,REACTANT,SMILES,C1CNCCN1
ord-05542745a3df403aa88ae927045679bd,aryl halide,REACTANT,SMILES,CC1=CC(=C(C=C1)NC2=C(N=NC3=C2C=CC(=C3)Br)C#N)F
ord-05542745a3df403aa88ae927045679bd,metal and ligand,CATALYST,SMILES,CC(C)C1=CC(=C(C(=C1)C(C)C)C2=CC=CC=C2P(C3CCCCC3)C4CCCCC4)C(C)C
ord-05542745a3df403aa88ae927045679bd,metal and ligand,CATALYST,SMILES,C1=CC=C(C=C1)/C=C/C(=O)/C=C/C2=CC=CC=C2.C1=CC=C(C=C1)/C=C/C(=O)/C=C/C2=CC=CC=C2.C1=CC=C(C=C1)/C=C/C(=O)/C=C/C2=CC=CC=C2.[Pd].[Pd]
ord-05542745a3df403aa88ae927045679bd,metal and ligand,CATALYST,SMILES,CC(C)C1=CC(=C(C(=C1)C(C)C)C2=CC=CC=C2P(C3CCCCC3)C4CCCCC4)C(C)C
ord-05542745a3df403aa88ae927045679bd,metal and ligand,CATALYST,SMILES,C1=CC=C(C=C1)/C=C/C(=O)/C=C/C2=CC=CC=C2.C1=CC=C(C=C1)/C=C/C(=O)/C=C/C2=CC=CC=C2.C1=CC=C(C=C1)/C=C/C(=O)/C=C/C2=CC=CC=C2.[Pd].[Pd]
ord-f20b22261a054781bd10039c93816deb,Base,REAGENT,SMILES,C(=O)([O-])[O-].[Cs+].[Cs+]
ord-f20b22261a054781bd10039c93816deb,Solvent,SOLVENT,SMILES,C1COCCO1
ord-f20b22261a054781bd10039c93816deb,amine,REACTANT,SMILES,CC1=CC(=NC(=N1)C)N
ord-f20b22261a054781bd10039c93816deb,aryl halide,REACTANT,SMILES,C1=CN=C(C=C1Cl)Cl
ord-f20b22261a054781bd10039c93816deb,metal and ligand,CATALYST,SMILES,CC1(C2=C(C(=CC=C2)P(C3=CC=CC=C3)C4=CC=CC=C4)OC5=C1C=CC=C5P(C6=CC=CC=C6)C7=CC=CC=C7)C
ord-f20b22261a054781bd10039c93816deb,metal and ligand,CATALYST,SMILES,CC(=O)O.CC(=O)O.[Pd]
ord-f20b22261a054781bd10039c93816deb,metal and ligand,CATALYST,SMILES,CC1(C2=C(C(=CC=C2)P(C3=CC=CC=C3)C4=CC=CC=C4)OC5=C1C=CC=C5P(C6=CC=CC=C6)C7=CC=CC=C7)C
ord-f20b22261a054781bd10039c93816deb,metal and ligand,CATALYST,SMILES,CC(=O)O.CC(=O)O.[Pd]
ord-5c5d7fac90d14102bcad7fe6bdad56a8,Base,REAGENT,SMILES,CC(C)(C)[O-].[Na+]
ord-5c5d7fac90d14102bcad7fe6bdad56a8,Solvent,SOLVENT,SMILES,CC1=CC=CC=C1
ord-5c5d7fac90d14102bcad7fe6bdad56a8,amine,REACTANT,SMILES,C1CNCCC1=O
ord-5c5d7fac90d14102bcad7fe6bdad56a8,aryl halide,REACTANT,SMILES,C1=CC(=C(C=C1F)Cl)Br
ord-5c5d7fac90d14102bcad7fe6bdad56a8,metal and ligand,CATALYST,SMILES,CC(C)C1=CC(=C(C(=C1)C(C)C)C2=CC=CC=C2P(C3CCCCC3)C4CCCCC4)C(C)C
ord-5c5d7fac90d14102bcad7fe6bdad56a8,metal and ligand,CATALYST,SMILES,CC(=O)O.CC(=O)O.[Pd]
ord-5c5d7fac90d14102bcad7fe6bdad56a8,metal and ligand,CATALYST,SMILES,CC(C)C1=CC(=C(C(=C1)C(C)C)C2=CC=CC=C2P(C3CCCCC3)C4CCCCC4)C(C)C
ord-5c5d7fac90d14102bcad7fe6bdad56a8,metal and ligand,CATALYST,SMILES,CC(=O)O.CC(=O)O.[Pd]
ord-d7f47b4e3d2047bbb6f27fb595bc1873,Base,REAGENT,SMILES,C(=O)([O-])[O-].[Cs+].[Cs+]
ord-d7f47b4e3d2047bbb6f27fb595bc1873,Solvent,SOLVENT,SMILES,CC1=CC=CC=C1
ord-d7f47b4e3d2047bbb6f27fb595bc1873,amine,REACTANT,SMILES,C1CC(C1)N2CCN(CC2)C(=O)C3CC4(C3)CCNCC4
ord-d7f47b4e3d2047bbb6f27fb595bc1873,aryl halide,REACTANT,SMILES,C1=CC=NC(=C1)Br
ord-d7f47b4e3d2047bbb6f27fb595bc1873,metal and ligand,CATALYST,SMILES,C1=CC=C(C=C1)P(C2=CC=CC=C2)C3=C(C4=CC=CC=C4C=C3)C5=C(C=CC6=CC=CC=C65)P(C7=CC=CC=C7)C8=CC=CC=C8
ord-d7f47b4e3d2047bbb6f27fb595bc1873,metal and ligand,CATALYST,SMILES,CC(=O)O.CC(=O)O.[Pd]
ord-d7f47b4e3d2047bbb6f27fb595bc1873,metal and ligand,CATALYST,SMILES,C1=CC=C(C=C1)P(C2=CC=CC=C2)C3=C(C4=CC=CC=C4C=C3)C5=C(C=CC6=CC=CC=C65)P(C7=CC=CC=C7)C8=CC=CC=C8
ord-d7f47b4e3d2047bbb6f27fb595bc1873,metal and ligand,CATALYST,SMILES,CC(=O)O.CC(=O)O.[Pd]
ord-1a02b93898c84c3a8a0ec8185fbf85c5,Base,REAGENT,SMILES,C(=O)([O-])[O-].[Cs+].[Cs+]
ord-1a02b93898c84c3a8a0ec8185fbf85c5,Solvent,SOLVENT,SMILES,CC(=O)N(C)C
ord-1a02b93898c84c3a8a0ec8185fbf85c5,amine,REACTANT,SMILES,CC(=O)NC1=C(C=CC(=C1)N)N(C)CCN(C)C
ord-1a02b93898c84c3a8a0ec8185fbf85c5,aryl halide,REACTANT,SMILES,C1CC1NC2=CC(=NC3=C(C=NN23)C#N)Cl
ord-1a02b93898c84c3a8a0ec8185fbf85c5,metal and ligand,CATALYST,SMILES,CC1(C2=C(C(=CC=C2)P(C3=CC=CC=C3)C4=CC=CC=C4)OC5=C1C=CC=C5P(C6=CC=CC=C6)C7=CC=CC=C7)C
ord-1a02b93898c84c3a8a0ec8185fbf85c5,metal and ligand,CATALYST,SMILES,C1=CC=C(C=C1)/C=C/C(=O)/C=C/C2=CC=CC=C2.C1=CC=C(C=C1)/C=C/C(=O)/C=C/C2=CC=CC=C2.C1=CC=C(C=C1)/C=C/C(=O)/C=C/C2=CC=CC=C2.[Pd].[Pd]
ord-1a02b93898c84c3a8a0ec8185fbf85c5,metal and ligand,CATALYST,SMILES,CC1(C2=C(C(=CC=C2)P(C3=CC=CC=C3)C4=CC=CC=C4)OC5=C1C=CC=C5P(C6=CC=CC=C6)C7=CC=CC=C7)C
ord-1a02b93898c84c3a8a0ec8185fbf85c5,metal and ligand,CATALYST,SMILES,C1=CC=C(C=C1)/C=C/C(=O)/C=C/C2=CC=CC=C2.C1=CC=C(C=C1)/C=C/C(=O)/C=C/C2=CC=CC=C2.C1=CC=C(C=C1)/C=C/C(=O)/C=C/C2=CC=CC=C2.[Pd].[Pd]
ord-01bb5c09bf964bc095ad839c85efa1ae,Base,REAGENT,SMILES,C(=O)([O-])[O-].[Cs+].[Cs+]
ord-01bb5c09bf964bc095ad839c85efa1ae,Solvent,SOLVENT,SMILES,CC(=O)N(C)C
ord-01bb5c09bf964bc095ad839c85efa1ae,amine,REACTANT,SMILES,CC(=O)NC1=C(C=CC(=C1)N)N(C)CCN(C)C
ord-01bb5c09bf964bc095ad839c85efa1ae,aryl halide,REACTANT,SMILES,C1CC1NC2=CC(=NC3=C(C=NN23)C#N)Cl
ord-01bb5c09bf964bc095ad839c85efa1ae,metal and ligand,CATALYST,SMILES,CC1(C2=C(C(=CC=C2)P(C3=CC=CC=C3)C4=CC=CC=C4)OC5=C1C=CC=C5P(C6=CC=CC=C6)C7=CC=CC=C7)C
ord-01bb5c09bf964bc095ad839c85efa1ae,metal and ligand,CATALYST,SMILES,C1=CC=C(C=C1)/C=C/C(=O)/C=C/C2=CC=CC=C2.C1=CC=C(C=C1)/C=C/C(=O)/C=C/C2=CC=CC=C2.C1=CC=C(C=C1)/C=C/C(=O)/C=C/C2=CC=CC=C2.[Pd].[Pd]
ord-01bb5c09bf964bc095ad839c85efa1ae,metal and ligand,CATALYST,SMILES,CC1(C2=C(C(=CC=C2)P(C3=CC=CC=C3)C4=CC=CC=C4)OC5=C1C=CC=C5P(C6=CC=CC=C6)C7=CC=CC=C7)C
ord-01bb5c09bf964bc095ad839c85efa1ae,metal and ligand,CATALYST,SMILES,C1=CC=C(C=C1)/C=C/C(=O)/C=C/C2=CC=CC=C2.C1=CC=C(C=C1)/C=C/C(=O)/C=C/C2=CC=CC=C2.C1=CC=C(C=C1)/C=C/C(=O)/C=C/C2=CC=CC=C2.[Pd].[Pd]
ord-56f044d6c15d456091eeeb1952199469,Base,REAGENT,SMILES,C(=O)([O-])[O-].[Cs+].[Cs+]
ord-56f044d6c15d456091eeeb1952199469,Solvent,SOLVENT,SMILES,CC(=O)N(C)C
ord-56f044d6c15d456091eeeb1952199469,amine,REACTANT,SMILES,CC1=C(C=C(C=C1)N)NC(=O)C
ord-56f044d6c15d456091eeeb1952199469,aryl halide,REACTANT,SMILES,C1CC1NC2=CC(=NC3=C(C=NN23)C#N)Cl
ord-56f044d6c15d456091eeeb1952199469,metal and ligand,CATALYST,SMILES,CC1(C2=C(C(=CC=C2)P(C3=CC=CC=C3)C4=CC=CC=C4)OC5=C1C=CC=C5P(C6=CC=CC=C6)C7=CC=CC=C7)C
ord-56f044d6c15d456091eeeb1952199469,metal and ligand,CATALYST,SMILES,C1=CC=C(C=C1)/C=C/C(=O)/C=C/C2=CC=CC=C2.C1=CC=C(C=C1)/C=C/C(=O)/C=C/C2=CC=CC=C2.C1=CC=C(C=C1)/C=C/C(=O)/C=C/C2=CC=CC=C2.[Pd].[Pd]
ord-56f044d6c15d456091eeeb1952199469,metal and ligand,CATALYST,SMILES,CC1(C2=C(C(=CC=C2)P(C3=CC=CC=C3)C4=CC=CC=C4)OC5=C1C=CC=C5P(C6=CC=CC=C6)C7=CC=CC=C7)C
ord-56f044d6c15d456091eeeb1952199469,metal and ligand,CATALYST,SMILES,C1=CC=C(C=C1)/C=C/C(=O)/C=C/C2=CC=CC=C2.C1=CC=C(C=C1)/C=C/C(=O)/C=C/C2=CC=CC=C2.C1=CC=C(C=C1)/C=C/C(=O)/C=C/C2=CC=CC=C2.[Pd].[Pd]
ord-b36688f4348242fd9c6b24fe5e96aaf0,Base,REAGENT,SMILES,C(=O)([O-])[O-].[Cs+].[Cs+]
ord-b36688f4348242fd9c6b24fe5e96aaf0,Solvent,SOLVENT,SMILES,CC(=O)N(C)C
ord-b36688f4348242fd9c6b24fe5e96aaf0,amine,REACTANT,SMILES,CC1=C(C=C(C=C1)N)NC(=O)C
ord-b36688f4348242fd9c6b24fe5e96aaf0,aryl halide,REACTANT,SMILES,C1CC1NC2=CC(=NC3=C(C=NN23)C#N)Cl
ord-b36688f4348242fd9c6b24fe5e96aaf0,metal and ligand,CATALYST,SMILES,CC1(C2=C(C(=CC=C2)P(C3=CC=CC=C3)C4=CC=CC=C4)OC5=C1C=CC=C5P(C6=CC=CC=C6)C7=CC=CC=C7)C
ord-b36688f4348242fd9c6b24fe5e96aaf0,metal and ligand,CATALYST,SMILES,C1=CC=C(C=C1)/C=C/C(=O)/C=C/C2=CC=CC=C2.C1=CC=C(C=C1)/C=C/C(=O)/C=C/C2=CC=CC=C2.C1=CC=C(C=C1)/C=C/C(=O)/C=C/C2=CC=CC=C2.[Pd].[Pd]
ord-b36688f4348242fd9c6b24fe5e96aaf0,metal and ligand,CATALYST,SMILES,CC1(C2=C(C(=CC=C2)P(C3=CC=CC=C3)C4=CC=CC=C4)OC5=C1C=CC=C5P(C6=CC=CC=C6)C7=CC=CC=C7)C
ord-b36688f4348242fd9c6b24fe5e96aaf0,metal and ligand,CATALYST,SMILES,C1=CC=C(C=C1)/C=C/C(=O)/C=C/C2=CC=CC=C2.C1=CC=C(C=C1)/C=C/C(=O)/C=C/C2=CC=CC=C2.C1=CC=C(C=C1)/C=C/C(=O)/C=C/C2=CC=CC=C2.[Pd].[Pd]
ord-9f120d17ec3047d5829b45c5b320d657,Base,REAGENT,SMILES,C(=O)([O-])[O-].[Cs+].[Cs+]
ord-9f120d17ec3047d5829b45c5b320d657,Solvent,SOLVENT,SMILES,CC(=O)N(C)C
ord-9f120d17ec3047d5829b45c5b320d657,amine,REACTANT,SMILES,CC1=C(C=C(C=C1)N)NC(=O)C
ord-9f120d17ec3047d5829b45c5b320d657,aryl halide,REACTANT,SMILES,C1CC1NC2=CC(=NC3=C(C=NN23)C#N)Cl
ord-9f120d17ec3047d5829b45c5b320d657,metal and ligand,CATALYST,SMILES,CC1(C2=C(C(=CC=C2)P(C3=CC=CC=C3)C4=CC=CC=C4)OC5=C1C=CC=C5P(C6=CC=CC=C6)C7=CC=CC=C7)C
ord-9f120d17ec3047d5829b45c5b320d657,metal and ligand,CATALYST,SMILES,C1=CC=C(C=C1)/C=C/C(=O)/C=C/C2=CC=CC=C2.C1=CC=C(C=C1)/C=C/C(=O)/C=C/C2=CC=CC=C2.C1=CC=C(C=C1)/C=C/C(=O)/C=C/C2=CC=CC=C2.[Pd].[Pd]
ord-9f120d17ec3047d5829b45c5b320d657,metal and ligand,CATALYST,SMILES,CC1(C2=C(C(=CC=C2)P(C3=CC=CC=C3)C4=CC=CC=C4)OC5=C1C=CC=C5P(C6=CC=CC=C6)C7=CC=CC=C7)C
ord-9f120d17ec3047d5829b45c5b320d657,metal and ligand,CATALYST,SMILES,C1=CC=C(C=C1)/C=C/C(=O)/C=C/C2=CC=CC=C2.C1=CC=C(C=C1)/C=C/C(=O)/C=C/C2=CC=CC=C2.C1=CC=C(C=C1)/C=C/C(=O)/C=C/C2=CC=CC=C2.[Pd].[Pd]
ord-9d52138831044592b5c7c5511d53f49c,Base,REAGENT,SMILES,CC(C)(C)[O-].[Na+]
ord-9d52138831044592b5c7c5511d53f49c,Solvent,SOLVENT,SMILES,CC(=O)N(C)C
ord-9d52138831044592b5c7c5511d53f49c,amine,REACTANT,SMILES,CC1=C(C=C(C=C1)N)NC(=O)C
ord-9d52138831044592b5c7c5511d53f49c,aryl halide,REACTANT,SMILES,C1CC1NC2=CC(=NC3=C(C=NN23)C#N)Cl
ord-9d52138831044592b5c7c5511d53f49c,metal and ligand,CATALYST,SMILES,C1CCC(CC1)P(C2CCCCC2)C3=CC=CC=C3C4=CC=CC=C4
ord-9d52138831044592b5c7c5511d53f49c,metal and ligand,CATALYST,SMILES,C1=CC=C(C=C1)/C=C/C(=O)/C=C/C2=CC=CC=C2.C1=CC=C(C=C1)/C=C/C(=O)/C=C/C2=CC=CC=C2.C1=CC=C(C=C1)/C=C/C(=O)/C=C/C2=CC=CC=C2.[Pd].[Pd]
ord-9d52138831044592b5c7c5511d53f49c,metal and ligand,CATALYST,SMILES,C1CCC(CC1)P(C2CCCCC2)C3=CC=CC=C3C4=CC=CC=C4
ord-9d52138831044592b5c7c5511d53f49c,metal and ligand,CATALYST,SMILES,C1=CC=C(C=C1)/C=C/C(=O)/C=C/C2=CC=CC=C2.C1=CC=C(C=C1)/C=C/C(=O)/C=C/C2=CC=CC=C2.C1=CC=C(C=C1)/C=C/C(=O)/C=C/C2=CC=CC=C2.[Pd].[Pd]
ord-8f20cf3b966d4cdd9e1178539b8e969e,Base,REAGENT,SMILES,CC(C)(C)[O-].[K+]
ord-8f20cf3b966d4cdd9e1178539b8e969e,Solvent,SOLVENT,SMILES,C1COCCO1
ord-8f20cf3b966d4cdd9e1178539b8e969e,amine,REACTANT,SMILES,C[C@@H]1CNCCN1C(=O)OC(C)(C)C
ord-8f20cf3b966d4cdd9e1178539b8e969e,aryl halide,REACTANT,SMILES,CS(=O)(=O)C1=CC=C(C=C1)Br
ord-8f20cf3b966d4cdd9e1178539b8e969e,metal and ligand,CATALYST,SMILES,CC(C)(C)P(C(C)(C)C)C(C)(C)C
ord-8f20cf3b966d4cdd9e1178539b8e969e,metal and ligand,CATALYST,SMILES,CC(C)(C)P(C(C)(C)C)C(C)(C)C.CC(C)(C)P(C(C)(C)C)C(C)(C)C.[Pd]
ord-8f20cf3b966d4cdd9e1178539b8e969e,metal and ligand,CATALYST,SMILES,CC(C)(C)P(C(C)(C)C)C(C)(C)C
ord-8f20cf3b966d4cdd9e1178539b8e969e,metal and ligand,CATALYST,SMILES,CC(C)(C)P(C(C)(C)C)C(C)(C)C.CC(C)(C)P(C(C)(C)C)C(C)(C)C.[Pd]
ord-80eaa5d6e27d4cf78d75715b3843cadc,Base,REAGENT,SMILES,C(=O)([O-])[O-].[Cs+].[Cs+]
ord-80eaa5d6e27d4cf78d75715b3843cadc,Solvent,SOLVENT,SMILES,CC1=CC=CC=C1
ord-80eaa5d6e27d4cf78d75715b3843cadc,amine,REACTANT,SMILES,CC(C)(C)OC(=O)N1CCNCC1
ord-80eaa5d6e27d4cf78d75715b3843cadc,aryl halide,REACTANT,SMILES,C1=CC(=C(C=C1Br)Cl)C#N
ord-80eaa5d6e27d4cf78d75715b3843cadc,metal and ligand,CATALYST,SMILES,C1=CC=C(C=C1)P(C2=CC=CC=C2)C3=C(C4=CC=CC=C4C=C3)C5=C(C=CC6=CC=CC=C65)P(C7=CC=CC=C7)C8=CC=CC=C8
ord-80eaa5d6e27d4cf78d75715b3843cadc,metal and ligand,CATALYST,SMILES,CC(=O)O.CC(=O)O.[Pd]
ord-80eaa5d6e27d4cf78d75715b3843cadc,metal and ligand,CATALYST,SMILES,C1=CC=C(C=C1)P(C2=CC=CC=C2)C3=C(C4=CC=CC=C4C=C3)C5=C(C=CC6=CC=CC=C65)P(C7=CC=CC=C7)C8=CC=CC=C8
ord-80eaa5d6e27d4cf78d75715b3843cadc,metal and ligand,CATALYST,SMILES,CC(=O)O.CC(=O)O.[Pd]
ord-411cbd769b2f48f9a0808a7d2919db15,Base,REAGENT,SMILES,CC(C)(C)[O-].[Na+]
ord-411cbd769b2f48f9a0808a7d2919db15,Solvent,SOLVENT,SMILES,CC1=CC=CC=C1
ord-411cbd769b2f48f9a0808a7d2919db15,amine,REACTANT,SMILES,C/C=C(/C1=CC=C(C=C1)C)\N(C2=CC=C(C=C2)OC)C(=O)NC
ord-411cbd769b2f48f9a0808a7d2919db15,aryl halide,REACTANT,SMILES,CC1=NC(=CC=C1)Br
ord-411cbd769b2f48f9a0808a7d2919db15,metal and ligand,CATALYST,SMILES,CC1(C2=C(C(=CC=C2)P(C3=CC=CC=C3)C4=CC=CC=C4)OC5=C1C=CC=C5P(C6=CC=CC=C6)C7=CC=CC=C7)C
ord-411cbd769b2f48f9a0808a7d2919db15,metal and ligand,CATALYST,SMILES,C1=CC=C(C=C1)/C=C/C(=O)/C=C/C2=CC=CC=C2.C1=CC=C(C=C1)/C=C/C(=O)/C=C/C2=CC=CC=C2.C1=CC=C(C=C1)/C=C/C(=O)/C=C/C2=CC=CC=C2.[Pd].[Pd]
ord-411cbd769b2f48f9a0808a7d2919db15,metal and ligand,CATALYST,SMILES,CC1(C2=C(C(=CC=C2)P(C3=CC=CC=C3)C4=CC=CC=C4)OC5=C1C=CC=C5P(C6=CC=CC=C6)C7=CC=CC=C7)C
ord-411cbd769b2f48f9a0808a7d2919db15,metal and ligand,CATALYST,SMILES,C1=CC=C(C=C1)/C=C/C(=O)/C=C/C2=CC=CC=C2.C1=CC=C(C=C1)/C=C/C(=O)/C=C/C2=CC=CC=C2.C1=CC=C(C=C1)/C=C/C(=O)/C=C/C2=CC=CC=C2.[Pd].[Pd]
ord-7d21d2aa9b9646bf85b8f593faa79359,Base,REAGENT,SMILES,C(=O)([O-])[O-].[Cs+].[Cs+]
ord-7d21d2aa9b9646bf85b8f593faa79359,Solvent,SOLVENT,SMILES,C1COCCO1
ord-7d21d2aa9b9646bf85b8f593faa79359,amine,REACTANT,SMILES,CC(=O)NC1=CC(=C(C=C1C2CC2)F)N
ord-7d21d2aa9b9646bf85b8f593faa79359,aryl halide,REACTANT,SMILES,C1C(CO1)NC2=CC(=NC3=C(C=NN23)C#N)Cl
ord-7d21d2aa9b9646bf85b8f593faa79359,metal and ligand,CATALYST,SMILES,CC(C)C1=CC(=C(C(=C1)C(C)C)C2=CC=CC=C2P(C(C)(C)C)C(C)(C)C)C(C)C
ord-7d21d2aa9b9646bf85b8f593faa79359,metal and ligand,CATALYST,SMILES,C1=CC=C(C=C1)/C=C/C(=O)/C=C/C2=CC=CC=C2.C1=CC=C(C=C1)/C=C/C(=O)/C=C/C2=CC=CC=C2.C1=CC=C(C=C1)/C=C/C(=O)/C=C/C2=CC=CC=C2.[Pd].[Pd]
ord-7d21d2aa9b9646bf85b8f593faa79359,metal and ligand,CATALYST,SMILES,CC(C)C1=CC(=C(C(=C1)C(C)C)C2=CC=CC=C2P(C(C)(C)C)C(C)(C)C)C(C)C
ord-7d21d2aa9b9646bf85b8f593faa79359,metal and ligand,CATALYST,SMILES,C1=CC=C(C=C1)/C=C/C(=O)/C=C/C2=CC=CC=C2.C1=CC=C(C=C1)/C=C/C(=O)/C=C/C2=CC=CC=C2.C1=CC=C(C=C1)/C=C/C(=O)/C=C/C2=CC=CC=C2.[Pd].[Pd]
ord-f2ae1a21bc9f45a9af6696711f426a7c,Base,REAGENT,SMILES,C(=O)([O-])[O-].[Cs+].[Cs+]
ord-f2ae1a21bc9f45a9af6696711f426a7c,Solvent,SOLVENT,SMILES,C1COCCO1
ord-f2ae1a21bc9f45a9af6696711f426a7c,amine,REACTANT,SMILES,CC(=O)NC1=CC(=C(C=C1C2CC2)F)N
ord-f2ae1a21bc9f45a9af6696711f426a7c,aryl halide,REACTANT,SMILES,C1C(CO1)NC2=CC(=NC3=C(C=NN23)C#N)Cl
ord-f2ae1a21bc9f45a9af6696711f426a7c,metal and ligand,CATALYST,SMILES,CC(C)C1=CC(=C(C(=C1)C(C)C)C2=CC=CC=C2P(C(C)(C)C)C(C)(C)C)C(C)C
ord-f2ae1a21bc9f45a9af6696711f426a7c,metal and ligand,CATALYST,SMILES,C1=CC=C(C=C1)/C=C/C(=O)/C=C/C2=CC=CC=C2.C1=CC=C(C=C1)/C=C/C(=O)/C=C/C2=CC=CC=C2.C1=CC=C(C=C1)/C=C/C(=O)/C=C/C2=CC=CC=C2.[Pd].[Pd]
ord-f2ae1a21bc9f45a9af6696711f426a7c,metal and ligand,CATALYST,SMILES,CC(C)C1=CC(=C(C(=C1)C(C)C)C2=CC=CC=C2P(C(C)(C)C)C(C)(C)C)C(C)C
ord-f2ae1a21bc9f45a9af6696711f426a7c,metal and ligand,CATALYST,SMILES,C1=CC=C(C=C1)/C=C/C(=O)/C=C/C2=CC=CC=C2.C1=CC=C(C=C1)/C=C/C(=O)/C=C/C2=CC=CC=C2.C1=CC=C(C=C1)/C=C/C(=O)/C=C/C2=CC=CC=C2.[Pd].[Pd]
ord-bfef1bef76ff43f7a429af888b0d1628,Base,REAGENT,SMILES,C(=O)([O-])[O-].[Cs+].[Cs+]
ord-bfef1bef76ff43f7a429af888b0d1628,Solvent,SOLVENT,SMILES,CC(=O)N(C)C
ord-bfef1bef76ff43f7a429af888b0d1628,amine,REACTANT,SMILES,CC(=O)NC1=CC(=C(C=C1C2CC2)F)N
ord-bfef1bef76ff43f7a429af888b0d1628,aryl halide,REACTANT,SMILES,C1C(CO1)NC2=CC(=NC3=C(C=NN23)C#N)Cl
ord-bfef1bef76ff43f7a429af888b0d1628,metal and ligand,CATALYST,SMILES,CC(C)C1=CC(=C(C(=C1)C(C)C)C2=CC=CC=C2P(C(C)(C)C)C(C)(C)C)C(C)C
ord-bfef1bef76ff43f7a429af888b0d1628,metal and ligand,CATALYST,SMILES,C1=CC=C(C=C1)/C=C/C(=O)/C=C/C2=CC=CC=C2.C1=CC=C(C=C1)/C=C/C(=O)/C=C/C2=CC=CC=C2.C1=CC=C(C=C1)/C=C/C(=O)/C=C/C2=CC=CC=C2.[Pd].[Pd]
ord-bfef1bef76ff43f7a429af888b0d1628,metal and ligand,CATALYST,SMILES,CC(C)C1=CC(=C(C(=C1)C(C)C)C2=CC=CC=C2P(C(C)(C)C)C(C)(C)C)C(C)C
ord-bfef1bef76ff43f7a429af888b0d1628,metal and ligand,CATALYST,SMILES,C1=CC=C(C=C1)/C=C/C(=O)/C=C/C2=CC=CC=C2.C1=CC=C(C=C1)/C=C/C(=O)/C=C/C2=CC=CC=C2.C1=CC=C(C=C1)/C=C/C(=O)/C=C/C2=CC=CC=C2.[Pd].[Pd]
ord-72695457b0814d8bbec66d3f30d9e87c,Base,REAGENT,SMILES,CC(C)(C)[O-].[Na+]
ord-72695457b0814d8bbec66d3f30d9e87c,Solvent,SOLVENT,SMILES,CC1=CC=CC=C1
ord-72695457b0814d8bbec66d3f30d9e87c,amine,REACTANT,SMILES,CC1=CSC(=N1)N
ord-72695457b0814d8bbec66d3f30d9e87c,aryl halide,REACTANT,SMILES,C1=CC(=NC(=C1)Br)C(=O)O
ord-72695457b0814d8bbec66d3f30d9e87c,metal and ligand,CATALYST,SMILES,CC(C)C1=CC(=C(C(=C1)C(C)C)C2=CC=CC=C2P(C3CCCCC3)C4CCCCC4)C(C)C
ord-72695457b0814d8bbec66d3f30d9e87c,metal and ligand,CATALYST,SMILES,C1=CC=C(C=C1)/C=C/C(=O)/C=C/C2=CC=CC=C2.C1=CC=C(C=C1)/C=C/C(=O)/C=C/C2=CC=CC=C2.C1=CC=C(C=C1)/C=C/C(=O)/C=C/C2=CC=CC=C2.[Pd].[Pd]
ord-72695457b0814d8bbec66d3f30d9e87c,metal and ligand,CATALYST,SMILES,CC(C)C1=CC(=C(C(=C1)C(C)C)C2=CC=CC=C2P(C3CCCCC3)C4CCCCC4)C(C)C
ord-72695457b0814d8bbec66d3f30d9e87c,metal and ligand,CATALYST,SMILES,C1=CC=C(C=C1)/C=C/C(=O)/C=C/C2=CC=CC=C2.C1=CC=C(C=C1)/C=C/C(=O)/C=C/C2=CC=CC=C2.C1=CC=C(C=C1)/C=C/C(=O)/C=C/C2=CC=CC=C2.[Pd].[Pd]
ord-7e7ab408c09a4157a27808089c5163bc,Base,REAGENT,SMILES,CC(C)(C)[O-].[Na+]
ord-7e7ab408c09a4157a27808089c5163bc,Solvent,SOLVENT,SMILES,CC1=CC=CC=C1
ord-7e7ab408c09a4157a27808089c5163bc,amine,REACTANT,SMILES,CC(C)(C)OC(=O)N1CCNCC1
ord-7e7ab408c09a4157a27808089c5163bc,aryl halide,REACTANT,SMILES,C1=CC(=NC(=C1)Cl)C(F)(F)F
ord-7e7ab408c09a4157a27808089c5163bc,metal and ligand,CATALYST,SMILES,C1=CC=C(C=C1)P(C2=CC=CC=C2)C3=C(C4=CC=CC=C4C=C3)C5=C(C=CC6=CC=CC=C65)P(C7=CC=CC=C7)C8=CC=CC=C8
ord-7e7ab408c09a4157a27808089c5163bc,metal and ligand,CATALYST,SMILES,C1=CC=C(C=C1)/C=C/C(=O)/C=C/C2=CC=CC=C2.C1=CC=C(C=C1)/C=C/C(=O)/C=C/C2=CC=CC=C2.C1=CC=C(C=C1)/C=C/C(=O)/C=C/C2=CC=CC=C2.[Pd].[Pd]
ord-7e7ab408c09a4157a27808089c5163bc,metal and ligand,CATALYST,SMILES,C1=CC=C(C=C1)P(C2=CC=CC=C2)C3=C(C4=CC=CC=C4C=C3)C5=C(C=CC6=CC=CC=C65)P(C7=CC=CC=C7)C8=CC=CC=C8
ord-7e7ab408c09a4157a27808089c5163bc,metal and ligand,CATALYST,SMILES,C1=CC=C(C=C1)/C=C/C(=O)/C=C/C2=CC=CC=C2.C1=CC=C(C=C1)/C=C/C(=O)/C=C/C2=CC=CC=C2.C1=CC=C(C=C1)/C=C/C(=O)/C=C/C2=CC=CC=C2.[Pd].[Pd]
ord-a2881fa75a3a4ea0adb4ff5901bc0b55,Base,REAGENT,SMILES,CC(C)(C)[O-].[Na+]
ord-a2881fa75a3a4ea0adb4ff5901bc0b55,Solvent,SOLVENT,SMILES,CC1=CC=CC=C1
ord-a2881fa75a3a4ea0adb4ff5901bc0b55,amine,REACTANT,SMILES,CC(C)(C)OC(=O)N1CCNCC1
ord-a2881fa75a3a4ea0adb4ff5901bc0b55,aryl halide,REACTANT,SMILES,C1=CC(=NC(=C1)Cl)C(F)(F)F
ord-a2881fa75a3a4ea0adb4ff5901bc0b55,metal and ligand,CATALYST,SMILES,C1=CC=C(C=C1)P(C2=CC=CC=C2)C3=C(C4=CC=CC=C4C=C3)C5=C(C=CC6=CC=CC=C65)P(C7=CC=CC=C7)C8=CC=CC=C8
ord-a2881fa75a3a4ea0adb4ff5901bc0b55,metal and ligand,CATALYST,SMILES,C1=CC=C(C=C1)/C=C/C(=O)/C=C/C2=CC=CC=C2.C1=CC=C(C=C1)/C=C/C(=O)/C=C/C2=CC=CC=C2.C1=CC=C(C=C1)/C=C/C(=O)/C=C/C2=CC=CC=C2.[Pd].[Pd]
ord-a2881fa75a3a4ea0adb4ff5901bc0b55,metal and ligand,CATALYST,SMILES,C1=CC=C(C=C1)P(C2=CC=CC=C2)C3=C(C4=CC=CC=C4C=C3)C5=C(C=CC6=CC=CC=C65)P(C7=CC=CC=C7)C8=CC=CC=C8
ord-a2881fa75a3a4ea0adb4ff5901bc0b55,metal and ligand,CATALYST,SMILES,C1=CC=C(C=C1)/C=C/C(=O)/C=C/C2=CC=CC=C2.C1=CC=C(C=C1)/C=C/C(=O)/C=C/C2=CC=CC=C2.C1=CC=C(C=C1)/C=C/C(=O)/C=C/C2=CC=CC=C2.[Pd].[Pd]
ord-b0d4d24d68264e0ba39e9d5692455d36,Base,REAGENT,SMILES,CC(C)(C)[O-].[Na+]
ord-b0d4d24d68264e0ba39e9d5692455d36,Solvent,SOLVENT,SMILES,CC1=CC=CC=C1
ord-b0d4d24d68264e0ba39e9d5692455d36,amine,REACTANT,SMILES,CC(C)(C)OC(=O)N1CC2CNCC2C1
ord-b0d4d24d68264e0ba39e9d5692455d36,aryl halide,REACTANT,SMILES,COC1=C(C=CC(=C1)Br)Cl
ord-b0d4d24d68264e0ba39e9d5692455d36,metal and ligand,CATALYST,SMILES,C1=CC=C(C=C1)P(C2=CC=CC=C2)C3=C(C4=CC=CC=C4C=C3)C5=C(C=CC6=CC=CC=C65)P(C7=CC=CC=C7)C8=CC=CC=C8
ord-b0d4d24d68264e0ba39e9d5692455d36,metal and ligand,CATALYST,SMILES,C1=CC=C(C=C1)/C=C/C(=O)/C=C/C2=CC=CC=C2.C1=CC=C(C=C1)/C=C/C(=O)/C=C/C2=CC=CC=C2.C1=CC=C(C=C1)/C=C/C(=O)/C=C/C2=CC=CC=C2.[Pd].[Pd]
ord-b0d4d24d68264e0ba39e9d5692455d36,metal and ligand,CATALYST,SMILES,C1=CC=C(C=C1)P(C2=CC=CC=C2)C3=C(C4=CC=CC=C4C=C3)C5=C(C=CC6=CC=CC=C65)P(C7=CC=CC=C7)C8=CC=CC=C8
ord-b0d4d24d68264e0ba39e9d5692455d36,metal and ligand,CATALYST,SMILES,C1=CC=C(C=C1)/C=C/C(=O)/C=C/C2=CC=CC=C2.C1=CC=C(C=C1)/C=C/C(=O)/C=C/C2=CC=CC=C2.C1=CC=C(C=C1)/C=C/C(=O)/C=C/C2=CC=CC=C2.[Pd].[Pd]
ord-a9eb8bf838c248b3ad5908714b48274f,Base,REAGENT,SMILES,CC(C)(C)[O-].[Na+]
ord-a9eb8bf838c248b3ad5908714b48274f,Solvent,SOLVENT,SMILES,CC1=CC=CC=C1
ord-a9eb8bf838c248b3ad5908714b48274f,amine,REACTANT,SMILES,CN1CCNCC1
ord-a9eb8bf838c248b3ad5908714b48274f,aryl halide,REACTANT,SMILES,COC1=C(C=CC(=C1)Cl)I
ord-a9eb8bf838c248b3ad5908714b48274f,metal and ligand,CATALYST,SMILES,C1=CC=C(C=C1)P(C2=CC=CC=C2)C3=C(C4=CC=CC=C4C=C3)C5=C(C=CC6=CC=CC=C65)P(C7=CC=CC=C7)C8=CC=CC=C8
ord-a9eb8bf838c248b3ad5908714b48274f,metal and ligand,CATALYST,SMILES,CC(=O)O.CC(=O)O.[Pd]
ord-a9eb8bf838c248b3ad5908714b48274f,metal and ligand,CATALYST,SMILES,C1=CC=C(C=C1)P(C2=CC=CC=C2)C3=C(C4=CC=CC=C4C=C3)C5=C(C=CC6=CC=CC=C65)P(C7=CC=CC=C7)C8=CC=CC=C8
ord-a9eb8bf838c248b3ad5908714b48274f,metal and ligand,CATALYST,SMILES,CC(=O)O.CC(=O)O.[Pd]
ord-4ad2f7e2a41645bd9dba54aaef4fa989,Base,REAGENT,SMILES,C(=O)([O-])[O-].[Cs+].[Cs+]
ord-4ad2f7e2a41645bd9dba54aaef4fa989,Solvent,SOLVENT,SMILES,CC1=CC=CC=C1
ord-4ad2f7e2a41645bd9dba54aaef4fa989,amine,REACTANT,SMILES,CC1=CSC(=N1)N
ord-4ad2f7e2a41645bd9dba54aaef4fa989,aryl halide,REACTANT,SMILES,C1COCC(=O)N1C2=NC(=CC=C2)Br
ord-4ad2f7e2a41645bd9dba54aaef4fa989,metal and ligand,CATALYST,SMILES,CC1(C2=C(C(=CC=C2)P(C3=CC=CC=C3)C4=CC=CC=C4)OC5=C1C=CC=C5P(C6=CC=CC=C6)C7=CC=CC=C7)C
ord-4ad2f7e2a41645bd9dba54aaef4fa989,metal and ligand,CATALYST,SMILES,C1=CC=C(C=C1)/C=C/C(=O)/C=C/C2=CC=CC=C2.C1=CC=C(C=C1)/C=C/C(=O)/C=C/C2=CC=CC=C2.[Pd]
ord-4ad2f7e2a41645bd9dba54aaef4fa989,metal and ligand,CATALYST,SMILES,CC1(C2=C(C(=CC=C2)P(C3=CC=CC=C3)C4=CC=CC=C4)OC5=C1C=CC=C5P(C6=CC=CC=C6)C7=CC=CC=C7)C
ord-4ad2f7e2a41645bd9dba54aaef4fa989,metal and ligand,CATALYST,SMILES,C1=CC=C(C=C1)/C=C/C(=O)/C=C/C2=CC=CC=C2.C1=CC=C(C=C1)/C=C/C(=O)/C=C/C2=CC=CC=C2.[Pd]
ord-3571e003ae98463b83eba103dff01204,Base,REAGENT,SMILES,C(=O)([O-])[O-].[Cs+].[Cs+]
ord-3571e003ae98463b83eba103dff01204,Solvent,SOLVENT,SMILES,CC1=CC=CC=C1
ord-3571e003ae98463b83eba103dff01204,amine,REACTANT,SMILES,CC1=CSC(=N1)N
ord-3571e003ae98463b83eba103dff01204,aryl halide,REACTANT,SMILES,C1COCC(=O)N1C2=NC(=CC=C2)Br
ord-3571e003ae98463b83eba103dff01204,metal and ligand,CATALYST,SMILES,CC1(C2=C(C(=CC=C2)P(C3=CC=CC=C3)C4=CC=CC=C4)OC5=C1C=CC=C5P(C6=CC=CC=C6)C7=CC=CC=C7)C
ord-3571e003ae98463b83eba103dff01204,metal and ligand,CATALYST,SMILES,C1=CC=C(C=C1)/C=C/C(=O)/C=C/C2=CC=CC=C2.C1=CC=C(C=C1)/C=C/C(=O)/C=C/C2=CC=CC=C2.[Pd]
ord-3571e003ae98463b83eba103dff01204,metal and ligand,CATALYST,SMILES,CC1(C2=C(C(=CC=C2)P(C3=CC=CC=C3)C4=CC=CC=C4)OC5=C1C=CC=C5P(C6=CC=CC=C6)C7=CC=CC=C7)C
ord-3571e003ae98463b83eba103dff01204,metal and ligand,CATALYST,SMILES,C1=CC=C(C=C1)/C=C/C(=O)/C=C/C2=CC=CC=C2.C1=CC=C(C=C1)/C=C/C(=O)/C=C/C2=CC=CC=C2.[Pd]
ord-5053ba4582cb4771951a27c38d53fae2,Base,REAGENT,SMILES,C(=O)([O-])[O-].[Cs+].[Cs+]
ord-5053ba4582cb4771951a27c38d53fae2,Solvent,SOLVENT,SMILES,C1COCCO1
ord-5053ba4582cb4771951a27c38d53fae2,amine,REACTANT,SMILES,CC(C)(C)OC(=O)N
ord-5053ba4582cb4771951a27c38d53fae2,aryl halide,REACTANT,SMILES,C1=C(C=NN=C1Cl)Cl
ord-5053ba4582cb4771951a27c38d53fae2,metal and ligand,CATALYST,SMILES,CC1(C2=C(C(=CC=C2)P(C3=CC=CC=C3)C4=CC=CC=C4)OC5=C1C=CC=C5P(C6=CC=CC=C6)C7=CC=CC=C7)C
ord-5053ba4582cb4771951a27c38d53fae2,metal and ligand,CATALYST,SMILES,CC(=O)O.CC(=O)O.[Pd]
ord-5053ba4582cb4771951a27c38d53fae2,metal and ligand,CATALYST,SMILES,CC1(C2=C(C(=CC=C2)P(C3=CC=CC=C3)C4=CC=CC=C4)OC5=C1C=CC=C5P(C6=CC=CC=C6)C7=CC=CC=C7)C
ord-5053ba4582cb4771951a27c38d53fae2,metal and ligand,CATALYST,SMILES,CC(=O)O.CC(=O)O.[Pd]
ord-5911a740f60145b0bc355f2a886b772f,Base,REAGENT,SMILES,CC(C)(C)[O-].[Na+]
ord-5911a740f60145b0bc355f2a886b772f,Solvent,SOLVENT,SMILES,CC1=CC=CC=C1
ord-5911a740f60145b0bc355f2a886b772f,amine,REACTANT,SMILES,C(CN)N
ord-5911a740f60145b0bc355f2a886b772f,aryl halide,REACTANT,SMILES,C1=CC=C(C(=C1)Cl)Br
ord-5911a740f60145b0bc355f2a886b772f,metal and ligand,CATALYST,SMILES,CC1=CC=C(C=C1)P(C2=CC=C(C=C2)C)C3=CC=C(C=C3)C
ord-5911a740f60145b0bc355f2a886b772f,metal and ligand,CATALYST,SMILES,CC(=O)O.CC(=O)O.[Pd]
ord-5911a740f60145b0bc355f2a886b772f,metal and ligand,CATALYST,SMILES,CC1=CC=C(C=C1)P(C2=CC=C(C=C2)C)C3=CC=C(C=C3)C
ord-5911a740f60145b0bc355f2a886b772f,metal and ligand,CATALYST,SMILES,CC(=O)O.CC(=O)O.[Pd]
ord-a6f7db18dd5949e09df857ba4df0f8b1,Base,REAGENT,SMILES,CC(C)(C)[O-].[K+]
ord-a6f7db18dd5949e09df857ba4df0f8b1,Solvent,SOLVENT,SMILES,C1COCCO1
ord-a6f7db18dd5949e09df857ba4df0f8b1,amine,REACTANT,SMILES,C1CNCCN1
ord-a6f7db18dd5949e09df857ba4df0f8b1,aryl halide,REACTANT,SMILES,C1=CC2=C(C=C1Br)OC(O2)(F)F
ord-a6f7db18dd5949e09df857ba4df0f8b1,metal and ligand,CATALYST,SMILES,CC(C)(C)P(C(C)(C)C)C(C)(C)C
ord-a6f7db18dd5949e09df857ba4df0f8b1,metal and ligand,CATALYST,SMILES,CC(C)(C)P(C(C)(C)C)C(C)(C)C.CC(C)(C)P(C(C)(C)C)C(C)(C)C.[Pd]
ord-a6f7db18dd5949e09df857ba4df0f8b1,metal and ligand,CATALYST,SMILES,CC(C)(C)P(C(C)(C)C)C(C)(C)C
ord-a6f7db18dd5949e09df857ba4df0f8b1,metal and ligand,CATALYST,SMILES,CC(C)(C)P(C(C)(C)C)C(C)(C)C.CC(C)(C)P(C(C)(C)C)C(C)(C)C.[Pd]
ord-055a4c71f284445f89aad15e03c56285,Base,REAGENT,SMILES,CC(C)(C)[O-].[Na+]
ord-055a4c71f284445f89aad15e03c56285,Solvent,SOLVENT,SMILES,CC1=CC=CC=C1
ord-055a4c71f284445f89aad15e03c56285,amine,REACTANT,SMILES,C/C=C(/C1=CC=C(C=C1)Cl)\N(C2=CC=C(C=C2)OC)C(=O)NC
ord-055a4c71f284445f89aad15e03c56285,aryl halide,REACTANT,SMILES,COC1=NC(=CC=C1)Br
ord-055a4c71f284445f89aad15e03c56285,metal and ligand,CATALYST,SMILES,CC1(C2=C(C(=CC=C2)P(C3=CC=CC=C3)C4=CC=CC=C4)OC5=C1C=CC=C5P(C6=CC=CC=C6)C7=CC=CC=C7)C
ord-055a4c71f284445f89aad15e03c56285,metal and ligand,CATALYST,SMILES,C1=CC=C(C=C1)/C=C/C(=O)/C=C/C2=CC=CC=C2.C1=CC=C(C=C1)/C=C/C(=O)/C=C/C2=CC=CC=C2.C1=CC=C(C=C1)/C=C/C(=O)/C=C/C2=CC=CC=C2.[Pd].[Pd]
ord-055a4c71f284445f89aad15e03c56285,metal and ligand,CATALYST,SMILES,CC1(C2=C(C(=CC=C2)P(C3=CC=CC=C3)C4=CC=CC=C4)OC5=C1C=CC=C5P(C6=CC=CC=C6)C7=CC=CC=C7)C
ord-055a4c71f284445f89aad15e03c56285,metal and ligand,CATALYST,SMILES,C1=CC=C(C=C1)/C=C/C(=O)/C=C/C2=CC=CC=C2.C1=CC=C(C=C1)/C=C/C(=O)/C=C/C2=CC=CC=C2.C1=CC=C(C=C1)/C=C/C(=O)/C=C/C2=CC=CC=C2.[Pd].[Pd]
ord-47db17fde7b54b3497b21dd387d6839b,Base,REAGENT,SMILES,C(=O)([O-])[O-].[Cs+].[Cs+]
ord-47db17fde7b54b3497b21dd387d6839b,Solvent,SOLVENT,SMILES,C1COCCO1
ord-47db17fde7b54b3497b21dd387d6839b,amine,REACTANT,SMILES,CC(C1=CC(=CC2=C1OC(=CC2=O)N3CCOCC3)C(=O)N(C)C)N
ord-47db17fde7b54b3497b21dd387d6839b,aryl halide,REACTANT,SMILES,C1=C(C=C(C=C1F)Br)C#N
ord-47db17fde7b54b3497b21dd387d6839b,metal and ligand,CATALYST,SMILES,CC1(C2=C(C(=CC=C2)P(C3=CC=CC=C3)C4=CC=CC=C4)OC5=C1C=CC=C5P(C6=CC=CC=C6)C7=CC=CC=C7)C
ord-47db17fde7b54b3497b21dd387d6839b,metal and ligand,CATALYST,SMILES,C1=CC=C(C=C1)/C=C/C(=O)/C=C/C2=CC=CC=C2.C1=CC=C(C=C1)/C=C/C(=O)/C=C/C2=CC=CC=C2.C1=CC=C(C=C1)/C=C/C(=O)/C=C/C2=CC=CC=C2.[Pd].[Pd]
ord-47db17fde7b54b3497b21dd387d6839b,metal and ligand,CATALYST,SMILES,CC1(C2=C(C(=CC=C2)P(C3=CC=CC=C3)C4=CC=CC=C4)OC5=C1C=CC=C5P(C6=CC=CC=C6)C7=CC=CC=C7)C
ord-47db17fde7b54b3497b21dd387d6839b,metal and ligand,CATALYST,SMILES,C1=CC=C(C=C1)/C=C/C(=O)/C=C/C2=CC=CC=C2.C1=CC=C(C=C1)/C=C/C(=O)/C=C/C2=CC=CC=C2.C1=CC=C(C=C1)/C=C/C(=O)/C=C/C2=CC=CC=C2.[Pd].[Pd]
ord-87f8e3ca7c9b4c4884d79136750f7a54,Base,REAGENT,SMILES,C(=O)([O-])[O-].[Cs+].[Cs+]
ord-87f8e3ca7c9b4c4884d79136750f7a54,Solvent,SOLVENT,SMILES,C1COCCO1
ord-87f8e3ca7c9b4c4884d79136750f7a54,amine,REACTANT,SMILES,C1=CN=C(N=C1)N
ord-87f8e3ca7c9b4c4884d79136750f7a54,aryl halide,REACTANT,SMILES,C1=CN=C(C=C1Cl)Cl
ord-87f8e3ca7c9b4c4884d79136750f7a54,metal and ligand,CATALYST,SMILES,CC1(C2=C(C(=CC=C2)P(C3=CC=CC=C3)C4=CC=CC=C4)OC5=C1C=CC=C5P(C6=CC=CC=C6)C7=CC=CC=C7)C
ord-87f8e3ca7c9b4c4884d79136750f7a54,metal and ligand,CATALYST,SMILES,CC(=O)O.CC(=O)O.[Pd]
ord-87f8e3ca7c9b4c4884d79136750f7a54,metal and ligand,CATALYST,SMILES,CC1(C2=C(C(=CC=C2)P(C3=CC=CC=C3)C4=CC=CC=C4)OC5=C1C=CC=C5P(C6=CC=CC=C6)C7=CC=CC=C7)C
ord-87f8e3ca7c9b4c4884d79136750f7a54,metal and ligand,CATALYST,SMILES,CC(=O)O.CC(=O)O.[Pd]
ord-89c8603d021344778ef0d6ba16c5f635,Base,REAGENT,SMILES,C(=O)([O-])[O-].[Cs+].[Cs+]
ord-89c8603d021344778ef0d6ba16c5f635,Solvent,SOLVENT,SMILES,C1COCCO1
ord-89c8603d021344778ef0d6ba16c5f635,amine,REACTANT,SMILES,C1=CN=C(N=C1)N
ord-89c8603d021344778ef0d6ba16c5f635,aryl halide,REACTANT,SMILES,C1=CN=C(C=C1Cl)Cl
ord-89c8603d021344778ef0d6ba16c5f635,metal and ligand,CATALYST,SMILES,CC1(C2=C(C(=CC=C2)P(C3=CC=CC=C3)C4=CC=CC=C4)OC5=C1C=CC=C5P(C6=CC=CC=C6)C7=CC=CC=C7)C
ord-89c8603d021344778ef0d6ba16c5f635,metal and ligand,CATALYST,SMILES,CC(=O)O.CC(=O)O.[Pd]
ord-89c8603d021344778ef0d6ba16c5f635,metal and ligand,CATALYST,SMILES,CC1(C2=C(C(=CC=C2)P(C3=CC=CC=C3)C4=CC=CC=C4)OC5=C1C=CC=C5P(C6=CC=CC=C6)C7=CC=CC=C7)C
ord-89c8603d021344778ef0d6ba16c5f635,metal and ligand,CATALYST,SMILES,CC(=O)O.CC(=O)O.[Pd]
ord-a0aa244ac0f34a23886d9e4b9c227fa6,Base,REAGENT,SMILES,CC(C)(C)[O-].[Na+]
ord-a0aa244ac0f34a23886d9e4b9c227fa6,Solvent,SOLVENT,SMILES,CC(=O)N(C)C
ord-a0aa244ac0f34a23886d9e4b9c227fa6,amine,REACTANT,SMILES,CC1=C(C=C(C=C1)N)NC(=O)C
ord-a0aa244ac0f34a23886d9e4b9c227fa6,aryl halide,REACTANT,SMILES,CN1C=C(N=C1)NC2=CC(=NC3=C(C=NN23)C#N)Cl
ord-a0aa244ac0f34a23886d9e4b9c227fa6,metal and ligand,CATALYST,SMILES,CC(C)C1=CC(=C(C(=C1)C(C)C)C2=CC=CC=C2P(C3CCCCC3)C4CCCCC4)C(C)C
ord-a0aa244ac0f34a23886d9e4b9c227fa6,metal and ligand,CATALYST,SMILES,C1=CC=C(C=C1)/C=C/C(=O)/C=C/C2=CC=CC=C2.C1=CC=C(C=C1)/C=C/C(=O)/C=C/C2=CC=CC=C2.C1=CC=C(C=C1)/C=C/C(=O)/C=C/C2=CC=CC=C2.[Pd].[Pd]
ord-a0aa244ac0f34a23886d9e4b9c227fa6,metal and ligand,CATALYST,SMILES,CC(C)C1=CC(=C(C(=C1)C(C)C)C2=CC=CC=C2P(C3CCCCC3)C4CCCCC4)C(C)C
ord-a0aa244ac0f34a23886d9e4b9c227fa6,metal and ligand,CATALYST,SMILES,C1=CC=C(C=C1)/C=C/C(=O)/C=C/C2=CC=CC=C2.C1=CC=C(C=C1)/C=C/C(=O)/C=C/C2=CC=CC=C2.C1=CC=C(C=C1)/C=C/C(=O)/C=C/C2=CC=CC=C2.[Pd].[Pd]
ord-85b6b1948aa842f2a19dc52c1d84fd97,Base,REAGENT,SMILES,CC(C)(C)[O-].[Na+]
ord-85b6b1948aa842f2a19dc52c1d84fd97,Solvent,SOLVENT,SMILES,CC(=O)N(C)C
ord-85b6b1948aa842f2a19dc52c1d84fd97,amine,REACTANT,SMILES,CC1=C(C=C(C=C1)N)NC(=O)C
ord-85b6b1948aa842f2a19dc52c1d84fd97,aryl halide,REACTANT,SMILES,CN1C=C(N=C1)NC2=CC(=NC3=C(C=NN23)C#N)Cl
ord-85b6b1948aa842f2a19dc52c1d84fd97,metal and ligand,CATALYST,SMILES,CC(C)C1=CC(=C(C(=C1)C(C)C)C2=CC=CC=C2P(C3CCCCC3)C4CCCCC4)C(C)C
ord-85b6b1948aa842f2a19dc52c1d84fd97,metal and ligand,CATALYST,SMILES,C1=CC=C(C=C1)/C=C/C(=O)/C=C/C2=CC=CC=C2.C1=CC=C(C=C1)/C=C/C(=O)/C=C/C2=CC=CC=C2.C1=CC=C(C=C1)/C=C/C(=O)/C=C/C2=CC=CC=C2.[Pd].[Pd]
ord-85b6b1948aa842f2a19dc52c1d84fd97,metal and ligand,CATALYST,SMILES,CC(C)C1=CC(=C(C(=C1)C(C)C)C2=CC=CC=C2P(C3CCCCC3)C4CCCCC4)C(C)C
ord-85b6b1948aa842f2a19dc52c1d84fd97,metal and ligand,CATALYST,SMILES,C1=CC=C(C=C1)/C=C/C(=O)/C=C/C2=CC=CC=C2.C1=CC=C(C=C1)/C=C/C(=O)/C=C/C2=CC=CC=C2.C1=CC=C(C=C1)/C=C/C(=O)/C=C/C2=CC=CC=C2.[Pd].[Pd]
ord-619d0fe2a4c84781a991f3b254737c7e,Base,REAGENT,SMILES,C(=O)([O-])[O-].[Cs+].[Cs+]
ord-619d0fe2a4c84781a991f3b254737c7e,Solvent,SOLVENT,SMILES,CC(=O)N(C)C
ord-619d0fe2a4c84781a991f3b254737c7e,amine,REACTANT,SMILES,CC(=O)NC1=C(C=CC(=C1)N)N(C)CCO
ord-619d0fe2a4c84781a991f3b254737c7e,aryl halide,REACTANT,SMILES,C1CC1NC2=CC(=NC3=C(C=NN23)C#N)Cl
ord-619d0fe2a4c84781a991f3b254737c7e,metal and ligand,CATALYST,SMILES,CC1(C2=C(C(=CC=C2)P(C3=CC=CC=C3)C4=CC=CC=C4)OC5=C1C=CC=C5P(C6=CC=CC=C6)C7=CC=CC=C7)C
ord-619d0fe2a4c84781a991f3b254737c7e,metal and ligand,CATALYST,SMILES,C1=CC=C(C=C1)/C=C/C(=O)/C=C/C2=CC=CC=C2.C1=CC=C(C=C1)/C=C/C(=O)/C=C/C2=CC=CC=C2.C1=CC=C(C=C1)/C=C/C(=O)/C=C/C2=CC=CC=C2.[Pd].[Pd]
ord-619d0fe2a4c84781a991f3b254737c7e,metal and ligand,CATALYST,SMILES,CC1(C2=C(C(=CC=C2)P(C3=CC=CC=C3)C4=CC=CC=C4)OC5=C1C=CC=C5P(C6=CC=CC=C6)C7=CC=CC=C7)C
ord-619d0fe2a4c84781a991f3b254737c7e,metal and ligand,CATALYST,SMILES,C1=CC=C(C=C1)/C=C/C(=O)/C=C/C2=CC=CC=C2.C1=CC=C(C=C1)/C=C/C(=O)/C=C/C2=CC=CC=C2.C1=CC=C(C=C1)/C=C/C(=O)/C=C/C2=CC=CC=C2.[Pd].[Pd]
ord-e6180464a6454b249422de6171dce6f3,Base,REAGENT,SMILES,C(=O)([O-])[O-].[Cs+].[Cs+]
ord-e6180464a6454b249422de6171dce6f3,Solvent,SOLVENT,SMILES,CC1=CC=CC=C1
ord-e6180464a6454b249422de6171dce6f3,amine,REACTANT,SMILES,C1CC(C1)N2CCN(CC2)C(=O)C3CC4(C3)CCNCC4
ord-e6180464a6454b249422de6171dce6f3,aryl halide,REACTANT,SMILES,C1=CC(=CN=C1)Br
ord-e6180464a6454b249422de6171dce6f3,metal and ligand,CATALYST,SMILES,C1=CC=C(C=C1)P(C2=CC=CC=C2)C3=C(C4=CC=CC=C4C=C3)C5=C(C=CC6=CC=CC=C65)P(C7=CC=CC=C7)C8=CC=CC=C8
ord-e6180464a6454b249422de6171dce6f3,metal and ligand,CATALYST,SMILES,CC(=O)O.CC(=O)O.[Pd]
ord-e6180464a6454b249422de6171dce6f3,metal and ligand,CATALYST,SMILES,C1=CC=C(C=C1)P(C2=CC=CC=C2)C3=C(C4=CC=CC=C4C=C3)C5=C(C=CC6=CC=CC=C65)P(C7=CC=CC=C7)C8=CC=CC=C8
ord-e6180464a6454b249422de6171dce6f3,metal and ligand,CATALYST,SMILES,CC(=O)O.CC(=O)O.[Pd]
ord-ca7fdadedf3340de8e255025b11294fe,Base,REAGENT,SMILES,CC(C)(C)[O-].[Na+]
ord-ca7fdadedf3340de8e255025b11294fe,Solvent,SOLVENT,SMILES,CC1=CC=CC=C1
ord-ca7fdadedf3340de8e255025b11294fe,amine,REACTANT,SMILES,CC(C)[C@@H]1CNCCN1C(=O)OC(C)(C)C
ord-ca7fdadedf3340de8e255025b11294fe,aryl halide,REACTANT,SMILES,COC1=C(C=C(C=C1)Br)OC
ord-ca7fdadedf3340de8e255025b11294fe,metal and ligand,CATALYST,SMILES,CN(C)C1=CC=CC=C1C2=CC=CC=C2P(C3CCCCC3)C4CCCCC4
ord-ca7fdadedf3340de8e255025b11294fe,metal and ligand,CATALYST,SMILES,C1=CC=C(C=C1)/C=C/C(=O)/C=C/C2=CC=CC=C2.C1=CC=C(C=C1)/C=C/C(=O)/C=C/C2=CC=CC=C2.C1=CC=C(C=C1)/C=C/C(=O)/C=C/C2=CC=CC=C2.[Pd].[Pd]
ord-ca7fdadedf3340de8e255025b11294fe,metal and ligand,CATALYST,SMILES,CN(C)C1=CC=CC=C1C2=CC=CC=C2P(C3CCCCC3)C4CCCCC4
ord-ca7fdadedf3340de8e255025b11294fe,metal and ligand,CATALYST,SMILES,C1=CC=C(C=C1)/C=C/C(=O)/C=C/C2=CC=CC=C2.C1=CC=C(C=C1)/C=C/C(=O)/C=C/C2=CC=CC=C2.C1=CC=C(C=C1)/C=C/C(=O)/C=C/C2=CC=CC=C2.[Pd].[Pd]
ord-8ac590d4cc01454e9f3c19a34317cb92,Base,REAGENT,SMILES,CC(C)(C)[O-].[Na+]
ord-8ac590d4cc01454e9f3c19a34317cb92,Solvent,SOLVENT,SMILES,CC1=CC=CC=C1
ord-8ac590d4cc01454e9f3c19a34317cb92,amine,REACTANT,SMILES,CC(C)[C@@H]1CNCCN1C(=O)OC(C)(C)C
ord-8ac590d4cc01454e9f3c19a34317cb92,aryl halide,REACTANT,SMILES,COC1=C(C=C(C=C1)Br)OC
ord-8ac590d4cc01454e9f3c19a34317cb92,metal and ligand,CATALYST,SMILES,CN(C)C1=CC=CC=C1C2=CC=CC=C2P(C3CCCCC3)C4CCCCC4
ord-8ac590d4cc01454e9f3c19a34317cb92,metal and ligand,CATALYST,SMILES,C1=CC=C(C=C1)/C=C/C(=O)/C=C/C2=CC=CC=C2.C1=CC=C(C=C1)/C=C/C(=O)/C=C/C2=CC=CC=C2.C1=CC=C(C=C1)/C=C/C(=O)/C=C/C2=CC=CC=C2.[Pd].[Pd]
ord-8ac590d4cc01454e9f3c19a34317cb92,metal and ligand,CATALYST,SMILES,CN(C)C1=CC=CC=C1C2=CC=CC=C2P(C3CCCCC3)C4CCCCC4
ord-8ac590d4cc01454e9f3c19a34317cb92,metal and ligand,CATALYST,SMILES,C1=CC=C(C=C1)/C=C/C(=O)/C=C/C2=CC=CC=C2.C1=CC=C(C=C1)/C=C/C(=O)/C=C/C2=CC=CC=C2.C1=CC=C(C=C1)/C=C/C(=O)/C=C/C2=CC=CC=C2.[Pd].[Pd]
ord-dcac8bcfa5124a8baee8e28e5e992678,Base,REAGENT,SMILES,CC(C)(C)[O-].[K+]
ord-dcac8bcfa5124a8baee8e28e5e992678,Solvent,SOLVENT,SMILES,C1CCOC1
ord-dcac8bcfa5124a8baee8e28e5e992678,amine,REACTANT,SMILES,CC(C)[C@@H]1CNCCN1C(=O)OC(C)(C)C
ord-dcac8bcfa5124a8baee8e28e5e992678,aryl halide,REACTANT,SMILES,COC1=C(C=C(C=C1)Br)OC
ord-dcac8bcfa5124a8baee8e28e5e992678,metal and ligand,CATALYST,SMILES,CC(C)(C)P(C(C)(C)C)C(C)(C)C
ord-dcac8bcfa5124a8baee8e28e5e992678,metal and ligand,CATALYST,SMILES,CC(C)(C)P(C(C)(C)C)C(C)(C)C.CC(C)(C)P(C(C)(C)C)C(C)(C)C.[Pd]
ord-dcac8bcfa5124a8baee8e28e5e992678,metal and ligand,CATALYST,SMILES,CC(C)(C)P(C(C)(C)C)C(C)(C)C
ord-dcac8bcfa5124a8baee8e28e5e992678,metal and ligand,CATALYST,SMILES,CC(C)(C)P(C(C)(C)C)C(C)(C)C.CC(C)(C)P(C(C)(C)C)C(C)(C)C.[Pd]
ord-849a1d763cb042f7907069ab25fe470c,Base,REAGENT,SMILES,[O-]P(=O)([O-])[O-].[K+].[K+].[K+]
ord-849a1d763cb042f7907069ab25fe470c,Solvent,SOLVENT,SMILES,CC1=CC=CC=C1
ord-849a1d763cb042f7907069ab25fe470c,amine,REACTANT,SMILES,CC(C)(C)OC(=O)N
ord-849a1d763cb042f7907069ab25fe470c,aryl halide,REACTANT,SMILES,CC1=C(C=CC(=N1)Cl)F
ord-849a1d763cb042f7907069ab25fe470c,metal and ligand,CATALYST,SMILES,CC1(C2=C(C(=CC=C2)P(C3=CC=CC=C3)C4=CC=CC=C4)OC5=C1C=CC=C5P(C6=CC=CC=C6)C7=CC=CC=C7)C
ord-849a1d763cb042f7907069ab25fe470c,metal and ligand,CATALYST,SMILES,C1=CC=C(C=C1)/C=C/C(=O)/C=C/C2=CC=CC=C2.C1=CC=C(C=C1)/C=C/C(=O)/C=C/C2=CC=CC=C2.C1=CC=C(C=C1)/C=C/C(=O)/C=C/C2=CC=CC=C2.[Pd].[Pd]
ord-849a1d763cb042f7907069ab25fe470c,metal and ligand,CATALYST,SMILES,CC1(C2=C(C(=CC=C2)P(C3=CC=CC=C3)C4=CC=CC=C4)OC5=C1C=CC=C5P(C6=CC=CC=C6)C7=CC=CC=C7)C
ord-849a1d763cb042f7907069ab25fe470c,metal and ligand,CATALYST,SMILES,C1=CC=C(C=C1)/C=C/C(=O)/C=C/C2=CC=CC=C2.C1=CC=C(C=C1)/C=C/C(=O)/C=C/C2=CC=CC=C2.C1=CC=C(C=C1)/C=C/C(=O)/C=C/C2=CC=CC=C2.[Pd].[Pd]
ord-0986b91ec7734959810ebeac46571d3f,Base,REAGENT,SMILES,C(=O)([O-])[O-].[Cs+].[Cs+]
ord-0986b91ec7734959810ebeac46571d3f,Solvent,SOLVENT,SMILES,C1COCCO1
ord-0986b91ec7734959810ebeac46571d3f,amine,REACTANT,SMILES,CN1CCNCC1
ord-0986b91ec7734959810ebeac46571d3f,aryl halide,REACTANT,SMILES,COC(=O)C1=CC(=CC(=C1)Br)[N+](=O)[O-]
ord-0986b91ec7734959810ebeac46571d3f,metal and ligand,CATALYST,SMILES,CC1(C2=C(C(=CC=C2)P(C3=CC=CC=C3)C4=CC=CC=C4)OC5=C1C=CC=C5P(C6=CC=CC=C6)C7=CC=CC=C7)C
ord-0986b91ec7734959810ebeac46571d3f,metal and ligand,CATALYST,SMILES,C1=CC=C(C=C1)/C=C/C(=O)/C=C/C2=CC=CC=C2.C1=CC=C(C=C1)/C=C/C(=O)/C=C/C2=CC=CC=C2.C1=CC=C(C=C1)/C=C/C(=O)/C=C/C2=CC=CC=C2.[Pd].[Pd]
ord-0986b91ec7734959810ebeac46571d3f,metal and ligand,CATALYST,SMILES,CC1(C2=C(C(=CC=C2)P(C3=CC=CC=C3)C4=CC=CC=C4)OC5=C1C=CC=C5P(C6=CC=CC=C6)C7=CC=CC=C7)C
ord-0986b91ec7734959810ebeac46571d3f,metal and ligand,CATALYST,SMILES,C1=CC=C(C=C1)/C=C/C(=O)/C=C/C2=CC=CC=C2.C1=CC=C(C=C1)/C=C/C(=O)/C=C/C2=CC=CC=C2.C1=CC=C(C=C1)/C=C/C(=O)/C=C/C2=CC=CC=C2.[Pd].[Pd]
ord-7a7d88bb15974f808c2ac9e73fb46a04,Base,REAGENT,SMILES,C(=O)([O-])[O-].[Cs+].[Cs+]
ord-7a7d88bb15974f808c2ac9e73fb46a04,Solvent,SOLVENT,SMILES,CC1=CC=CC=C1
ord-7a7d88bb15974f808c2ac9e73fb46a04,amine,REACTANT,SMILES,C1CNCCN1
ord-7a7d88bb15974f808c2ac9e73fb46a04,aryl halide,REACTANT,SMILES,CC1=C(C=C(C=C1)Br)[N+](=O)[O-]
ord-7a7d88bb15974f808c2ac9e73fb46a04,metal and ligand,CATALYST,SMILES,C1=CC=C(C=C1)P(C2=CC=CC=C2)C3=C(C4=CC=CC=C4C=C3)C5=C(C=CC6=CC=CC=C65)P(C7=CC=CC=C7)C8=CC=CC=C8
ord-7a7d88bb15974f808c2ac9e73fb46a04,metal and ligand,CATALYST,SMILES,CC(=O)O.CC(=O)O.[Pd]
ord-7a7d88bb15974f808c2ac9e73fb46a04,metal and ligand,CATALYST,SMILES,C1=CC=C(C=C1)P(C2=CC=CC=C2)C3=C(C4=CC=CC=C4C=C3)C5=C(C=CC6=CC=CC=C65)P(C7=CC=CC=C7)C8=CC=CC=C8
ord-7a7d88bb15974f808c2ac9e73fb46a04,metal and ligand,CATALYST,SMILES,CC(=O)O.CC(=O)O.[Pd]
ord-160ce7a57c0f456d8f6b62d0a7b77bc4,Base,REAGENT,SMILES,C(=O)([O-])[O-].[Cs+].[Cs+]
ord-160ce7a57c0f456d8f6b62d0a7b77bc4,Solvent,SOLVENT,SMILES,CC1=CC=CC=C1
ord-160ce7a57c0f456d8f6b62d0a7b77bc4,amine,REACTANT,SMILES,C1CNCCN1
ord-160ce7a57c0f456d8f6b62d0a7b77bc4,aryl halide,REACTANT,SMILES,CC1=C(C=C(C=C1)Br)[N+](=O)[O-]
ord-160ce7a57c0f456d8f6b62d0a7b77bc4,metal and ligand,CATALYST,SMILES,C1=CC=C(C=C1)P(C2=CC=CC=C2)C3=C(C4=CC=CC=C4C=C3)C5=C(C=CC6=CC=CC=C65)P(C7=CC=CC=C7)C8=CC=CC=C8
ord-160ce7a57c0f456d8f6b62d0a7b77bc4,metal and ligand,CATALYST,SMILES,CC(=O)O.CC(=O)O.[Pd]
ord-160ce7a57c0f456d8f6b62d0a7b77bc4,metal and ligand,CATALYST,SMILES,C1=CC=C(C=C1)P(C2=CC=CC=C2)C3=C(C4=CC=CC=C4C=C3)C5=C(C=CC6=CC=CC=C65)P(C7=CC=CC=C7)C8=CC=CC=C8
ord-160ce7a57c0f456d8f6b62d0a7b77bc4,metal and ligand,CATALYST,SMILES,CC(=O)O.CC(=O)O.[Pd]
ord-b55c5711f803482494d33a05fbba3389,Base,REAGENT,SMILES,C(=O)([O-])[O-].[Cs+].[Cs+]
ord-b55c5711f803482494d33a05fbba3389,Solvent,SOLVENT,SMILES,CC(=O)N(C)C
ord-b55c5711f803482494d33a05fbba3389,amine,REACTANT,SMILES,CC1=CC(=C(C=C1NC(=O)C)N)F
ord-b55c5711f803482494d33a05fbba3389,aryl halide,REACTANT,SMILES,C1CC(C1)NC2=CC(=NC3=C(C=NN23)C#N)Cl
ord-b55c5711f803482494d33a05fbba3389,metal and ligand,CATALYST,SMILES,CC1(C2=C(C(=CC=C2)P(C3=CC=CC=C3)C4=CC=CC=C4)OC5=C1C=CC=C5P(C6=CC=CC=C6)C7=CC=CC=C7)C
ord-b55c5711f803482494d33a05fbba3389,metal and ligand,CATALYST,SMILES,C1=CC=C(C=C1)/C=C/C(=O)/C=C/C2=CC=CC=C2.C1=CC=C(C=C1)/C=C/C(=O)/C=C/C2=CC=CC=C2.C1=CC=C(C=C1)/C=C/C(=O)/C=C/C2=CC=CC=C2.[Pd].[Pd]
ord-b55c5711f803482494d33a05fbba3389,metal and ligand,CATALYST,SMILES,CC1(C2=C(C(=CC=C2)P(C3=CC=CC=C3)C4=CC=CC=C4)OC5=C1C=CC=C5P(C6=CC=CC=C6)C7=CC=CC=C7)C
ord-b55c5711f803482494d33a05fbba3389,metal and ligand,CATALYST,SMILES,C1=CC=C(C=C1)/C=C/C(=O)/C=C/C2=CC=CC=C2.C1=CC=C(C=C1)/C=C/C(=O)/C=C/C2=CC=CC=C2.C1=CC=C(C=C1)/C=C/C(=O)/C=C/C2=CC=CC=C2.[Pd].[Pd]
ord-4224929cdb884295951cf91f4fb5b988,Base,REAGENT,SMILES,CC(C)(C)[O-].[Na+]
ord-4224929cdb884295951cf91f4fb5b988,Solvent,SOLVENT,SMILES,CC1=CC=CC=C1
ord-4224929cdb884295951cf91f4fb5b988,amine,REACTANT,SMILES,CC(C)(C)OC(=O)N1CCNCC1
ord-4224929cdb884295951cf91f4fb5b988,aryl halide,REACTANT,SMILES,C1=C(N=CC(=N1)Cl)C(F)(F)F
ord-4224929cdb884295951cf91f4fb5b988,metal and ligand,CATALYST,SMILES,C1=CC=C(C=C1)P(C2=CC=CC=C2)C3=C(C4=CC=CC=C4C=C3)C5=C(C=CC6=CC=CC=C65)P(C7=CC=CC=C7)C8=CC=CC=C8
ord-4224929cdb884295951cf91f4fb5b988,metal and ligand,CATALYST,SMILES,C1=CC=C(C=C1)/C=C/C(=O)/C=C/C2=CC=CC=C2.C1=CC=C(C=C1)/C=C/C(=O)/C=C/C2=CC=CC=C2.C1=CC=C(C=C1)/C=C/C(=O)/C=C/C2=CC=CC=C2.[Pd].[Pd]
ord-4224929cdb884295951cf91f4fb5b988,metal and ligand,CATALYST,SMILES,C1=CC=C(C=C1)P(C2=CC=CC=C2)C3=C(C4=CC=CC=C4C=C3)C5=C(C=CC6=CC=CC=C65)P(C7=CC=CC=C7)C8=CC=CC=C8
ord-4224929cdb884295951cf91f4fb5b988,metal and ligand,CATALYST,SMILES,C1=CC=C(C=C1)/C=C/C(=O)/C=C/C2=CC=CC=C2.C1=CC=C(C=C1)/C=C/C(=O)/C=C/C2=CC=CC=C2.C1=CC=C(C=C1)/C=C/C(=O)/C=C/C2=CC=CC=C2.[Pd].[Pd]
ord-70ea34f4ab314aa093c5c77488bf98e8,Base,REAGENT,SMILES,CC(C)(C)[O-].[Na+]
ord-70ea34f4ab314aa093c5c77488bf98e8,Solvent,SOLVENT,SMILES,CC1=CC=CC=C1
ord-70ea34f4ab314aa093c5c77488bf98e8,amine,REACTANT,SMILES,CC(C)(C)OC(=O)N1CCNCC1
ord-70ea34f4ab314aa093c5c77488bf98e8,aryl halide,REACTANT,SMILES,C1=CC=C2C(=C1)C=CC(=N2)Cl
ord-70ea34f4ab314aa093c5c77488bf98e8,metal and ligand,CATALYST,SMILES,C1=CC=C(C=C1)P(C2=CC=CC=C2)C3=C(C4=CC=CC=C4C=C3)C5=C(C=CC6=CC=CC=C65)P(C7=CC=CC=C7)C8=CC=CC=C8
ord-70ea34f4ab314aa093c5c77488bf98e8,metal and ligand,CATALYST,SMILES,C1=CC=C(C=C1)/C=C/C(=O)/C=C/C2=CC=CC=C2.C1=CC=C(C=C1)/C=C/C(=O)/C=C/C2=CC=CC=C2.C1=CC=C(C=C1)/C=C/C(=O)/C=C/C2=CC=CC=C2.[Pd].[Pd]
ord-70ea34f4ab314aa093c5c77488bf98e8,metal and ligand,CATALYST,SMILES,C1=CC=C(C=C1)P(C2=CC=CC=C2)C3=C(C4=CC=CC=C4C=C3)C5=C(C=CC6=CC=CC=C65)P(C7=CC=CC=C7)C8=CC=CC=C8
ord-70ea34f4ab314aa093c5c77488bf98e8,metal and ligand,CATALYST,SMILES,C1=CC=C(C=C1)/C=C/C(=O)/C=C/C2=CC=CC=C2.C1=CC=C(C=C1)/C=C/C(=O)/C=C/C2=CC=CC=C2.C1=CC=C(C=C1)/C=C/C(=O)/C=C/C2=CC=CC=C2.[Pd].[Pd]
ord-96460abed19147c3abf8fef3ac794b48,Base,REAGENT,SMILES,C(=O)([O-])[O-].[Cs+].[Cs+]
ord-96460abed19147c3abf8fef3ac794b48,Solvent,SOLVENT,SMILES,CN(C)C=O
ord-96460abed19147c3abf8fef3ac794b48,amine,REACTANT,SMILES,CC1=CN=C(C=C1NC(=O)C)N
ord-96460abed19147c3abf8fef3ac794b48,aryl halide,REACTANT,SMILES,C1CC1NC2=CC(=NC3=C(C=NN23)C#N)Cl
ord-96460abed19147c3abf8fef3ac794b48,metal and ligand,CATALYST,SMILES,CC(C)C1=CC(=C(C(=C1)C(C)C)C2=CC=CC=C2P(C(C)(C)C)C(C)(C)C)C(C)C
ord-96460abed19147c3abf8fef3ac794b48,metal and ligand,CATALYST,SMILES,C1=CC=C(C=C1)/C=C/C(=O)/C=C/C2=CC=CC=C2.C1=CC=C(C=C1)/C=C/C(=O)/C=C/C2=CC=CC=C2.C1=CC=C(C=C1)/C=C/C(=O)/C=C/C2=CC=CC=C2.[Pd].[Pd]
ord-96460abed19147c3abf8fef3ac794b48,metal and ligand,CATALYST,SMILES,CC(C)C1=CC(=C(C(=C1)C(C)C)C2=CC=CC=C2P(C(C)(C)C)C(C)(C)C)C(C)C
ord-96460abed19147c3abf8fef3ac794b48,metal and ligand,CATALYST,SMILES,C1=CC=C(C=C1)/C=C/C(=O)/C=C/C2=CC=CC=C2.C1=CC=C(C=C1)/C=C/C(=O)/C=C/C2=CC=CC=C2.C1=CC=C(C=C1)/C=C/C(=O)/C=C/C2=CC=CC=C2.[Pd].[Pd]
ord-9afd80193ebe4d909351826d5e746d73,Base,REAGENT,SMILES,C(=O)([O-])[O-].[Cs+].[Cs+]
ord-9afd80193ebe4d909351826d5e746d73,Solvent,SOLVENT,SMILES,C1COCCO1
ord-9afd80193ebe4d909351826d5e746d73,amine,REACTANT,SMILES,C1CNCCC1O
ord-9afd80193ebe4d909351826d5e746d73,aryl halide,REACTANT,SMILES,C1=CC(=CC(=C1)Br)C(F)(F)F
ord-9afd80193ebe4d909351826d5e746d73,metal and ligand,CATALYST,SMILES,C1=CC=C(C=C1)P(C2=CC=CC=C2)C3=C(C4=CC=CC=C4C=C3)C5=C(C=CC6=CC=CC=C65)P(C7=CC=CC=C7)C8=CC=CC=C8
ord-9afd80193ebe4d909351826d5e746d73,metal and ligand,CATALYST,SMILES,CC(=O)O.CC(=O)O.[Pd]
ord-9afd80193ebe4d909351826d5e746d73,metal and ligand,CATALYST,SMILES,C1=CC=C(C=C1)P(C2=CC=CC=C2)C3=C(C4=CC=CC=C4C=C3)C5=C(C=CC6=CC=CC=C65)P(C7=CC=CC=C7)C8=CC=CC=C8
ord-9afd80193ebe4d909351826d5e746d73,metal and ligand,CATALYST,SMILES,CC(=O)O.CC(=O)O.[Pd]
ord-13cef69f8e724020954e5476c0d66794,Base,REAGENT,SMILES,C(=O)([O-])[O-].[Cs+].[Cs+]
ord-13cef69f8e724020954e5476c0d66794,Solvent,SOLVENT,SMILES,C1COCCO1
ord-13cef69f8e724020954e5476c0d66794,amine,REACTANT,SMILES,C1COCCC1N
ord-13cef69f8e724020954e5476c0d66794,aryl halide,REACTANT,SMILES,C1=CC(=NC(=C1)Br)Br
ord-13cef69f8e724020954e5476c0d66794,metal and ligand,CATALYST,SMILES,CC1(C2=C(C(=CC=C2)P(C3=CC=CC=C3)C4=CC=CC=C4)OC5=C1C=CC=C5P(C6=CC=CC=C6)C7=CC=CC=C7)C
ord-13cef69f8e724020954e5476c0d66794,metal and ligand,CATALYST,SMILES,CC(=O)O.CC(=O)O.[Pd]
ord-13cef69f8e724020954e5476c0d66794,metal and ligand,CATALYST,SMILES,CC1(C2=C(C(=CC=C2)P(C3=CC=CC=C3)C4=CC=CC=C4)OC5=C1C=CC=C5P(C6=CC=CC=C6)C7=CC=CC=C7)C
ord-13cef69f8e724020954e5476c0d66794,metal and ligand,CATALYST,SMILES,CC(=O)O.CC(=O)O.[Pd]
ord-ee0c75ae423d4c13a290870b1caf79ed,Base,REAGENT,SMILES,C(=O)([O-])[O-].[Cs+].[Cs+]
ord-ee0c75ae423d4c13a290870b1caf79ed,Solvent,SOLVENT,SMILES,CC(=O)N(C)C
ord-ee0c75ae423d4c13a290870b1caf79ed,amine,REACTANT,SMILES,CC1=C(C=C(C=C1)N)NC(=O)C
ord-ee0c75ae423d4c13a290870b1caf79ed,aryl halide,REACTANT,SMILES,C1C(CO1)NC2=CC(=NC3=C(C=NN23)C#N)Cl
ord-ee0c75ae423d4c13a290870b1caf79ed,metal and ligand,CATALYST,SMILES,CC(C)C1=CC(=C(C(=C1)C(C)C)C2=CC=CC=C2P(C(C)(C)C)C(C)(C)C)C(C)C
ord-ee0c75ae423d4c13a290870b1caf79ed,metal and ligand,CATALYST,SMILES,C1=CC=C(C=C1)/C=C/C(=O)/C=C/C2=CC=CC=C2.C1=CC=C(C=C1)/C=C/C(=O)/C=C/C2=CC=CC=C2.C1=CC=C(C=C1)/C=C/C(=O)/C=C/C2=CC=CC=C2.[Pd].[Pd]
ord-ee0c75ae423d4c13a290870b1caf79ed,metal and ligand,CATALYST,SMILES,CC(C)C1=CC(=C(C(=C1)C(C)C)C2=CC=CC=C2P(C(C)(C)C)C(C)(C)C)C(C)C
ord-ee0c75ae423d4c13a290870b1caf79ed,metal and ligand,CATALYST,SMILES,C1=CC=C(C=C1)/C=C/C(=O)/C=C/C2=CC=CC=C2.C1=CC=C(C=C1)/C=C/C(=O)/C=C/C2=CC=CC=C2.C1=CC=C(C=C1)/C=C/C(=O)/C=C/C2=CC=CC=C2.[Pd].[Pd]
ord-453f34fcdc374f919797959874dcc393,Base,REAGENT,SMILES,C(=O)([O-])[O-].[Cs+].[Cs+]
ord-453f34fcdc374f919797959874dcc393,Solvent,SOLVENT,SMILES,CC1=CC=CC=C1
ord-453f34fcdc374f919797959874dcc393,amine,REACTANT,SMILES,COC1=NC(=NC=C1Br)N
ord-453f34fcdc374f919797959874dcc393,aryl halide,REACTANT,SMILES,C1=CC(=C(C=C1C(F)(F)F)I)F
ord-453f34fcdc374f919797959874dcc393,metal and ligand,CATALYST,SMILES,CC1(C2=C(C(=CC=C2)P(C3=CC=CC=C3)C4=CC=CC=C4)OC5=C1C=CC=C5P(C6=CC=CC=C6)C7=CC=CC=C7)C
ord-453f34fcdc374f919797959874dcc393,metal and ligand,CATALYST,SMILES,CC(=O)O.CC(=O)O.[Pd]
ord-453f34fcdc374f919797959874dcc393,metal and ligand,CATALYST,SMILES,CC1(C2=C(C(=CC=C2)P(C3=CC=CC=C3)C4=CC=CC=C4)OC5=C1C=CC=C5P(C6=CC=CC=C6)C7=CC=CC=C7)C
ord-453f34fcdc374f919797959874dcc393,metal and ligand,CATALYST,SMILES,CC(=O)O.CC(=O)O.[Pd]
ord-49d889221a9546a98e62a35726966f57,Base,REAGENT,SMILES,C(=O)([O-])[O-].[Cs+].[Cs+]
ord-49d889221a9546a98e62a35726966f57,Solvent,SOLVENT,SMILES,CC1=CC=CC=C1
ord-49d889221a9546a98e62a35726966f57,amine,REACTANT,SMILES,COC1=NC(=NC=C1Br)N
ord-49d889221a9546a98e62a35726966f57,aryl halide,REACTANT,SMILES,C1=CC(=C(C=C1C(F)(F)F)I)F
ord-49d889221a9546a98e62a35726966f57,metal and ligand,CATALYST,SMILES,CC1(C2=C(C(=CC=C2)P(C3=CC=CC=C3)C4=CC=CC=C4)OC5=C1C=CC=C5P(C6=CC=CC=C6)C7=CC=CC=C7)C
ord-49d889221a9546a98e62a35726966f57,metal and ligand,CATALYST,SMILES,CC(=O)O.CC(=O)O.[Pd]
ord-49d889221a9546a98e62a35726966f57,metal and ligand,CATALYST,SMILES,CC1(C2=C(C(=CC=C2)P(C3=CC=CC=C3)C4=CC=CC=C4)OC5=C1C=CC=C5P(C6=CC=CC=C6)C7=CC=CC=C7)C
ord-49d889221a9546a98e62a35726966f57,metal and ligand,CATALYST,SMILES,CC(=O)O.CC(=O)O.[Pd]
ord-dd547470ed614a60b02e180b7f0d2acd,Base,REAGENT,SMILES,CC(C)(C)[O-].[Na+]
ord-dd547470ed614a60b02e180b7f0d2acd,Solvent,SOLVENT,SMILES,CC1=CC=CC=C1
ord-dd547470ed614a60b02e180b7f0d2acd,amine,REACTANT,SMILES,C1CC(C1)N2CCN(CC2)C(=O)C3CC34CCNCC4
ord-dd547470ed614a60b02e180b7f0d2acd,aryl halide,REACTANT,SMILES,C1=CC=NC(=C1)Br
ord-dd547470ed614a60b02e180b7f0d2acd,metal and ligand,CATALYST,SMILES,CC(C)C1=CC(=C(C(=C1)C(C)C)C2=CC=CC=C2P(C3CCCCC3)C4CCCCC4)C(C)C
ord-dd547470ed614a60b02e180b7f0d2acd,metal and ligand,CATALYST,SMILES,CC(=O)O.CC(=O)O.[Pd]
ord-dd547470ed614a60b02e180b7f0d2acd,metal and ligand,CATALYST,SMILES,CC(C)C1=CC(=C(C(=C1)C(C)C)C2=CC=CC=C2P(C3CCCCC3)C4CCCCC4)C(C)C
ord-dd547470ed614a60b02e180b7f0d2acd,metal and ligand,CATALYST,SMILES,CC(=O)O.CC(=O)O.[Pd]
ord-c35b162a34bf408282b33e4af9af7634,Base,REAGENT,SMILES,CC(C)(C)[O-].[Na+]
ord-c35b162a34bf408282b33e4af9af7634,amine,REACTANT,SMILES,C1CC(C1)N2CCN(CC2)C(=O)C3CC34CCNCC4
ord-c35b162a34bf408282b33e4af9af7634,aryl halide,REACTANT,SMILES,C1=CC=NC(=C1)Br
ord-c35b162a34bf408282b33e4af9af7634,metal and ligand,CATALYST,SMILES,CC(C)C1=CC(=C(C(=C1)C(C)C)C2=CC=CC=C2P(C3CCCCC3)C4CCCCC4)C(C)C
ord-c35b162a34bf408282b33e4af9af7634,metal and ligand,CATALYST,SMILES,CC(=O)O.CC(=O)O.[Pd]
ord-c35b162a34bf408282b33e4af9af7634,metal and ligand,CATALYST,SMILES,CC(C)C1=CC(=C(C(=C1)C(C)C)C2=CC=CC=C2P(C3CCCCC3)C4CCCCC4)C(C)C
ord-c35b162a34bf408282b33e4af9af7634,metal and ligand,CATALYST,SMILES,CC(=O)O.CC(=O)O.[Pd]
ord-e0d4157f08c0492097a16f50798a4aa4,Base,REAGENT,SMILES,C(=O)([O-])[O-].[Cs+].[Cs+]
ord-e0d4157f08c0492097a16f50798a4aa4,Solvent,SOLVENT,SMILES,CC(=O)N(C)C
ord-e0d4157f08c0492097a16f50798a4aa4,amine,REACTANT,SMILES,C1=CC(=CC2=C1C=CN2)CO
ord-e0d4157f08c0492097a16f50798a4aa4,aryl halide,REACTANT,SMILES,C1CC1NC2=CC(=NC3=C(C=NN23)C#N)Cl
ord-e0d4157f08c0492097a16f50798a4aa4,metal and ligand,CATALYST,SMILES,CC1(C2=C(C(=CC=C2)P(C3=CC=CC=C3)C4=CC=CC=C4)OC5=C1C=CC=C5P(C6=CC=CC=C6)C7=CC=CC=C7)C
ord-e0d4157f08c0492097a16f50798a4aa4,metal and ligand,CATALYST,SMILES,C1=CC=C(C=C1)/C=C/C(=O)/C=C/C2=CC=CC=C2.C1=CC=C(C=C1)/C=C/C(=O)/C=C/C2=CC=CC=C2.C1=CC=C(C=C1)/C=C/C(=O)/C=C/C2=CC=CC=C2.[Pd].[Pd]
ord-e0d4157f08c0492097a16f50798a4aa4,metal and ligand,CATALYST,SMILES,CC1(C2=C(C(=CC=C2)P(C3=CC=CC=C3)C4=CC=CC=C4)OC5=C1C=CC=C5P(C6=CC=CC=C6)C7=CC=CC=C7)C
ord-e0d4157f08c0492097a16f50798a4aa4,metal and ligand,CATALYST,SMILES,C1=CC=C(C=C1)/C=C/C(=O)/C=C/C2=CC=CC=C2.C1=CC=C(C=C1)/C=C/C(=O)/C=C/C2=CC=CC=C2.C1=CC=C(C=C1)/C=C/C(=O)/C=C/C2=CC=CC=C2.[Pd].[Pd]
ord-a86dba2ccd9142e390883516f628700c,Base,REAGENT,SMILES,C(=O)([O-])[O-].[Cs+].[Cs+]
ord-a86dba2ccd9142e390883516f628700c,Solvent,SOLVENT,SMILES,CC(=O)N(C)C
ord-a86dba2ccd9142e390883516f628700c,amine,REACTANT,SMILES,CC(=O)NC1=C(C=CC(=C1)N)N2CCN(CC2)C
ord-a86dba2ccd9142e390883516f628700c,aryl halide,REACTANT,SMILES,C1CC1NC2=CC(=NC3=C(C=NN23)C#N)Cl
ord-a86dba2ccd9142e390883516f628700c,metal and ligand,CATALYST,SMILES,CC1(C2=C(C(=CC=C2)P(C3=CC=CC=C3)C4=CC=CC=C4)OC5=C1C=CC=C5P(C6=CC=CC=C6)C7=CC=CC=C7)C
ord-a86dba2ccd9142e390883516f628700c,metal and ligand,CATALYST,SMILES,C1=CC=C(C=C1)/C=C/C(=O)/C=C/C2=CC=CC=C2.C1=CC=C(C=C1)/C=C/C(=O)/C=C/C2=CC=CC=C2.C1=CC=C(C=C1)/C=C/C(=O)/C=C/C2=CC=CC=C2.[Pd].[Pd]
ord-a86dba2ccd9142e390883516f628700c,metal and ligand,CATALYST,SMILES,CC1(C2=C(C(=CC=C2)P(C3=CC=CC=C3)C4=CC=CC=C4)OC5=C1C=CC=C5P(C6=CC=CC=C6)C7=CC=CC=C7)C
ord-a86dba2ccd9142e390883516f628700c,metal and ligand,CATALYST,SMILES,C1=CC=C(C=C1)/C=C/C(=O)/C=C/C2=CC=CC=C2.C1=CC=C(C=C1)/C=C/C(=O)/C=C/C2=CC=CC=C2.C1=CC=C(C=C1)/C=C/C(=O)/C=C/C2=CC=CC=C2.[Pd].[Pd]
ord-879a784e2da64b7f993840feec5d14ac,Base,REAGENT,SMILES,C(=O)([O-])[O-].[Cs+].[Cs+]
ord-879a784e2da64b7f993840feec5d14ac,Solvent,SOLVENT,SMILES,CC1=CC=CC=C1
ord-879a784e2da64b7f993840feec5d14ac,amine,REACTANT,SMILES,CC(C)(C)OC(=O)N1CCNCC1
ord-879a784e2da64b7f993840feec5d14ac,aryl halide,REACTANT,SMILES,COC(=O)C1=C(C=C(C=C1)Br)Cl
ord-879a784e2da64b7f993840feec5d14ac,metal and ligand,CATALYST,SMILES,C1=CC=C(C=C1)P(C2=CC=CC=C2)C3=C(C4=CC=CC=C4C=C3)C5=C(C=CC6=CC=CC=C65)P(C7=CC=CC=C7)C8=CC=CC=C8
ord-879a784e2da64b7f993840feec5d14ac,metal and ligand,CATALYST,SMILES,CC(=O)O.CC(=O)O.[Pd]
ord-879a784e2da64b7f993840feec5d14ac,metal and ligand,CATALYST,SMILES,C1=CC=C(C=C1)P(C2=CC=CC=C2)C3=C(C4=CC=CC=C4C=C3)C5=C(C=CC6=CC=CC=C65)P(C7=CC=CC=C7)C8=CC=CC=C8
ord-879a784e2da64b7f993840feec5d14ac,metal and ligand,CATALYST,SMILES,CC(=O)O.CC(=O)O.[Pd]
ord-a242bdcea6fd4820b97f40b83c063cc9,Base,REAGENT,SMILES,C(=O)([O-])[O-].[Cs+].[Cs+]
ord-a242bdcea6fd4820b97f40b83c063cc9,Solvent,SOLVENT,SMILES,CC(=O)N(C)C
ord-a242bdcea6fd4820b97f40b83c063cc9,amine,REACTANT,SMILES,CC(=O)NC1=C(C=CC(=C1)N)C2CC2
ord-a242bdcea6fd4820b97f40b83c063cc9,aryl halide,REACTANT,SMILES,C1C(CO1)NC2=CC(=NC3=C(C=NN23)C#N)Cl
ord-a242bdcea6fd4820b97f40b83c063cc9,metal and ligand,CATALYST,SMILES,CC(C)C1=CC(=C(C(=C1)C(C)C)C2=CC=CC=C2P(C(C)(C)C)C(C)(C)C)C(C)C
ord-a242bdcea6fd4820b97f40b83c063cc9,metal and ligand,CATALYST,SMILES,C1=CC=C(C=C1)/C=C/C(=O)/C=C/C2=CC=CC=C2.C1=CC=C(C=C1)/C=C/C(=O)/C=C/C2=CC=CC=C2.C1=CC=C(C=C1)/C=C/C(=O)/C=C/C2=CC=CC=C2.[Pd].[Pd]
ord-a242bdcea6fd4820b97f40b83c063cc9,metal and ligand,CATALYST,SMILES,CC(C)C1=CC(=C(C(=C1)C(C)C)C2=CC=CC=C2P(C(C)(C)C)C(C)(C)C)C(C)C
ord-a242bdcea6fd4820b97f40b83c063cc9,metal and ligand,CATALYST,SMILES,C1=CC=C(C=C1)/C=C/C(=O)/C=C/C2=CC=CC=C2.C1=CC=C(C=C1)/C=C/C(=O)/C=C/C2=CC=CC=C2.C1=CC=C(C=C1)/C=C/C(=O)/C=C/C2=CC=CC=C2.[Pd].[Pd]
ord-6ca5406ed1914cc08b2221358d36ecf3,Base,REAGENT,SMILES,C(=O)([O-])[O-].[Cs+].[Cs+]
ord-6ca5406ed1914cc08b2221358d36ecf3,Solvent,SOLVENT,SMILES,CN(C)C=O
ord-6ca5406ed1914cc08b2221358d36ecf3,amine,REACTANT,SMILES,CC(=O)NC1=C(C=CC(=C1)N)C2CC2
ord-6ca5406ed1914cc08b2221358d36ecf3,aryl halide,REACTANT,SMILES,C1C(CO1)NC2=CC(=NC3=C(C=NN23)C#N)Cl
ord-6ca5406ed1914cc08b2221358d36ecf3,metal and ligand,CATALYST,SMILES,CC(C)C1=CC(=C(C(=C1)C(C)C)C2=CC=CC=C2P(C(C)(C)C)C(C)(C)C)C(C)C
ord-6ca5406ed1914cc08b2221358d36ecf3,metal and ligand,CATALYST,SMILES,C1=CC=C(C=C1)/C=C/C(=O)/C=C/C2=CC=CC=C2.C1=CC=C(C=C1)/C=C/C(=O)/C=C/C2=CC=CC=C2.C1=CC=C(C=C1)/C=C/C(=O)/C=C/C2=CC=CC=C2.[Pd].[Pd]
ord-6ca5406ed1914cc08b2221358d36ecf3,metal and ligand,CATALYST,SMILES,CC(C)C1=CC(=C(C(=C1)C(C)C)C2=CC=CC=C2P(C(C)(C)C)C(C)(C)C)C(C)C
ord-6ca5406ed1914cc08b2221358d36ecf3,metal and ligand,CATALYST,SMILES,C1=CC=C(C=C1)/C=C/C(=O)/C=C/C2=CC=CC=C2.C1=CC=C(C=C1)/C=C/C(=O)/C=C/C2=CC=CC=C2.C1=CC=C(C=C1)/C=C/C(=O)/C=C/C2=CC=CC=C2.[Pd].[Pd]
ord-475c89db99fe4f418713bc4636a30c0a,Base,REAGENT,SMILES,C(=O)([O-])[O-].[Cs+].[Cs+]
ord-475c89db99fe4f418713bc4636a30c0a,Solvent,SOLVENT,SMILES,CC(=O)N(C)C
ord-475c89db99fe4f418713bc4636a30c0a,amine,REACTANT,SMILES,CC(=O)NC1=C(C=CC(=C1)N)C2CC2
ord-475c89db99fe4f418713bc4636a30c0a,aryl halide,REACTANT,SMILES,C1C(CO1)NC2=CC(=NC3=C(C=NN23)C#N)Cl
ord-475c89db99fe4f418713bc4636a30c0a,metal and ligand,CATALYST,SMILES,CC(C)C1=CC(=C(C(=C1)C(C)C)C2=CC=CC=C2P(C(C)(C)C)C(C)(C)C)C(C)C
ord-475c89db99fe4f418713bc4636a30c0a,metal and ligand,CATALYST,SMILES,C1=CC=C(C=C1)/C=C/C(=O)/C=C/C2=CC=CC=C2.C1=CC=C(C=C1)/C=C/C(=O)/C=C/C2=CC=CC=C2.C1=CC=C(C=C1)/C=C/C(=O)/C=C/C2=CC=CC=C2.[Pd].[Pd]
ord-475c89db99fe4f418713bc4636a30c0a,metal and ligand,CATALYST,SMILES,CC(C)C1=CC(=C(C(=C1)C(C)C)C2=CC=CC=C2P(C(C)(C)C)C(C)(C)C)C(C)C
ord-475c89db99fe4f418713bc4636a30c0a,metal and ligand,CATALYST,SMILES,C1=CC=C(C=C1)/C=C/C(=O)/C=C/C2=CC=CC=C2.C1=CC=C(C=C1)/C=C/C(=O)/C=C/C2=CC=CC=C2.C1=CC=C(C=C1)/C=C/C(=O)/C=C/C2=CC=CC=C2.[Pd].[Pd]
ord-6a2cb6eee4e6411fbe36a812955f2574,Base,REAGENT,SMILES,C(=O)([O-])[O-].[Cs+].[Cs+]
ord-6a2cb6eee4e6411fbe36a812955f2574,Solvent,SOLVENT,SMILES,CC(=O)N(C)C
ord-6a2cb6eee4e6411fbe36a812955f2574,amine,REACTANT,SMILES,CC(=O)NC1=C(C=CC(=C1)N)N2CCC[C@H](C2)N(C)C
ord-6a2cb6eee4e6411fbe36a812955f2574,aryl halide,REACTANT,SMILES,C1CC1NC2=CC(=NC3=C(C=NN23)C#N)Cl
ord-6a2cb6eee4e6411fbe36a812955f2574,metal and ligand,CATALYST,SMILES,CC1(C2=C(C(=CC=C2)P(C3=CC=CC=C3)C4=CC=CC=C4)OC5=C1C=CC=C5P(C6=CC=CC=C6)C7=CC=CC=C7)C
ord-6a2cb6eee4e6411fbe36a812955f2574,metal and ligand,CATALYST,SMILES,C1=CC=C(C=C1)/C=C/C(=O)/C=C/C2=CC=CC=C2.C1=CC=C(C=C1)/C=C/C(=O)/C=C/C2=CC=CC=C2.C1=CC=C(C=C1)/C=C/C(=O)/C=C/C2=CC=CC=C2.[Pd].[Pd]
ord-6a2cb6eee4e6411fbe36a812955f2574,metal and ligand,CATALYST,SMILES,CC1(C2=C(C(=CC=C2)P(C3=CC=CC=C3)C4=CC=CC=C4)OC5=C1C=CC=C5P(C6=CC=CC=C6)C7=CC=CC=C7)C
ord-6a2cb6eee4e6411fbe36a812955f2574,metal and ligand,CATALYST,SMILES,C1=CC=C(C=C1)/C=C/C(=O)/C=C/C2=CC=CC=C2.C1=CC=C(C=C1)/C=C/C(=O)/C=C/C2=CC=CC=C2.C1=CC=C(C=C1)/C=C/C(=O)/C=C/C2=CC=CC=C2.[Pd].[Pd]
ord-ef6fa44581ae45349778e22c890419e5,Base,REAGENT,SMILES,C(=O)([O-])[O-].[Cs+].[Cs+]
ord-ef6fa44581ae45349778e22c890419e5,Solvent,SOLVENT,SMILES,C1COCCO1
ord-ef6fa44581ae45349778e22c890419e5,amine,REACTANT,SMILES,CC(C1=CC(=CC2=C1OC(=CC2=O)N3CCOCC3)C(=O)N(C)C)N
ord-ef6fa44581ae45349778e22c890419e5,aryl halide,REACTANT,SMILES,C1=C(C=C(C(=C1F)F)Br)F
ord-ef6fa44581ae45349778e22c890419e5,metal and ligand,CATALYST,SMILES,CC1(C2=C(C(=CC=C2)P(C3=CC=CC=C3)C4=CC=CC=C4)OC5=C1C=CC=C5P(C6=CC=CC=C6)C7=CC=CC=C7)C
ord-ef6fa44581ae45349778e22c890419e5,metal and ligand,CATALYST,SMILES,C1=CC=C(C=C1)/C=C/C(=O)/C=C/C2=CC=CC=C2.C1=CC=C(C=C1)/C=C/C(=O)/C=C/C2=CC=CC=C2.C1=CC=C(C=C1)/C=C/C(=O)/C=C/C2=CC=CC=C2.[Pd].[Pd]
ord-ef6fa44581ae45349778e22c890419e5,metal and ligand,CATALYST,SMILES,CC1(C2=C(C(=CC=C2)P(C3=CC=CC=C3)C4=CC=CC=C4)OC5=C1C=CC=C5P(C6=CC=CC=C6)C7=CC=CC=C7)C
ord-ef6fa44581ae45349778e22c890419e5,metal and ligand,CATALYST,SMILES,C1=CC=C(C=C1)/C=C/C(=O)/C=C/C2=CC=CC=C2.C1=CC=C(C=C1)/C=C/C(=O)/C=C/C2=CC=CC=C2.C1=CC=C(C=C1)/C=C/C(=O)/C=C/C2=CC=CC=C2.[Pd].[Pd]
ord-bcc19de9bb794d1ea8d67a62b78fce0d,Base,REAGENT,SMILES,C(=O)([O-])[O-].[Cs+].[Cs+]
ord-bcc19de9bb794d1ea8d67a62b78fce0d,Solvent,SOLVENT,SMILES,CC(=O)N(C)C
ord-bcc19de9bb794d1ea8d67a62b78fce0d,amine,REACTANT,SMILES,CC1=C(C=C(C=C1)N)NC(=O)C
ord-bcc19de9bb794d1ea8d67a62b78fce0d,aryl halide,REACTANT,SMILES,CN1C=CC(=N1)NC2=CC(=NC3=C(C=NN23)C#N)Cl
ord-bcc19de9bb794d1ea8d67a62b78fce0d,metal and ligand,CATALYST,SMILES,CC1(C2=C(C(=CC=C2)P(C3=CC=CC=C3)C4=CC=CC=C4)OC5=C1C=CC=C5P(C6=CC=CC=C6)C7=CC=CC=C7)C
ord-bcc19de9bb794d1ea8d67a62b78fce0d,metal and ligand,CATALYST,SMILES,C1=CC=C(C=C1)/C=C/C(=O)/C=C/C2=CC=CC=C2.C1=CC=C(C=C1)/C=C/C(=O)/C=C/C2=CC=CC=C2.C1=CC=C(C=C1)/C=C/C(=O)/C=C/C2=CC=CC=C2.[Pd].[Pd]
ord-bcc19de9bb794d1ea8d67a62b78fce0d,metal and ligand,CATALYST,SMILES,CC1(C2=C(C(=CC=C2)P(C3=CC=CC=C3)C4=CC=CC=C4)OC5=C1C=CC=C5P(C6=CC=CC=C6)C7=CC=CC=C7)C
ord-bcc19de9bb794d1ea8d67a62b78fce0d,metal and ligand,CATALYST,SMILES,C1=CC=C(C=C1)/C=C/C(=O)/C=C/C2=CC=CC=C2.C1=CC=C(C=C1)/C=C/C(=O)/C=C/C2=CC=CC=C2.C1=CC=C(C=C1)/C=C/C(=O)/C=C/C2=CC=CC=C2.[Pd].[Pd]
ord-edbe9e3659f844c9af0347af857ae822,Base,REAGENT,SMILES,C(=O)([O-])[O-].[Cs+].[Cs+]
ord-edbe9e3659f844c9af0347af857ae822,Solvent,SOLVENT,SMILES,CC(=O)N(C)C
ord-edbe9e3659f844c9af0347af857ae822,amine,REACTANT,SMILES,CC1=CC(=C(C=C1NC(=O)C)N)F
ord-edbe9e3659f844c9af0347af857ae822,aryl halide,REACTANT,SMILES,C1CC1NC2=CC(=NC3=C(C=NN23)C#N)Cl
ord-edbe9e3659f844c9af0347af857ae822,metal and ligand,CATALYST,SMILES,CC1(C2=C(C(=CC=C2)P(C3=CC=CC=C3)C4=CC=CC=C4)OC5=C1C=CC=C5P(C6=CC=CC=C6)C7=CC=CC=C7)C
ord-edbe9e3659f844c9af0347af857ae822,metal and ligand,CATALYST,SMILES,C1=CC=C(C=C1)/C=C/C(=O)/C=C/C2=CC=CC=C2.C1=CC=C(C=C1)/C=C/C(=O)/C=C/C2=CC=CC=C2.C1=CC=C(C=C1)/C=C/C(=O)/C=C/C2=CC=CC=C2.[Pd].[Pd]
ord-edbe9e3659f844c9af0347af857ae822,metal and ligand,CATALYST,SMILES,CC1(C2=C(C(=CC=C2)P(C3=CC=CC=C3)C4=CC=CC=C4)OC5=C1C=CC=C5P(C6=CC=CC=C6)C7=CC=CC=C7)C
ord-edbe9e3659f844c9af0347af857ae822,metal and ligand,CATALYST,SMILES,C1=CC=C(C=C1)/C=C/C(=O)/C=C/C2=CC=CC=C2.C1=CC=C(C=C1)/C=C/C(=O)/C=C/C2=CC=CC=C2.C1=CC=C(C=C1)/C=C/C(=O)/C=C/C2=CC=CC=C2.[Pd].[Pd]
ord-6fb2cc503861494889cc8f39d864a898,Base,REAGENT,SMILES,C(=O)([O-])[O-].[Cs+].[Cs+]
ord-6fb2cc503861494889cc8f39d864a898,Solvent,SOLVENT,SMILES,CC1=CC=CC=C1
ord-6fb2cc503861494889cc8f39d864a898,amine,REACTANT,SMILES,CC(C)(C)OC(=O)N1CCNCC1
ord-6fb2cc503861494889cc8f39d864a898,aryl halide,REACTANT,SMILES,C1=CC(=C(C=C1Br)F)C(F)(F)F
ord-6fb2cc503861494889cc8f39d864a898,metal and ligand,CATALYST,SMILES,C1=CC=C(C=C1)P(C2=CC=CC=C2)C3=C(C4=CC=CC=C4C=C3)C5=C(C=CC6=CC=CC=C65)P(C7=CC=CC=C7)C8=CC=CC=C8
ord-6fb2cc503861494889cc8f39d864a898,metal and ligand,CATALYST,SMILES,CC(=O)O.CC(=O)O.[Pd]
ord-6fb2cc503861494889cc8f39d864a898,metal and ligand,CATALYST,SMILES,C1=CC=C(C=C1)P(C2=CC=CC=C2)C3=C(C4=CC=CC=C4C=C3)C5=C(C=CC6=CC=CC=C65)P(C7=CC=CC=C7)C8=CC=CC=C8
ord-6fb2cc503861494889cc8f39d864a898,metal and ligand,CATALYST,SMILES,CC(=O)O.CC(=O)O.[Pd]
ord-b3fb1d017e3744dea3ab3e0ecb0c58d8,Base,REAGENT,SMILES,C(=O)([O-])[O-].[Cs+].[Cs+]
ord-b3fb1d017e3744dea3ab3e0ecb0c58d8,Solvent,SOLVENT,SMILES,C1COCCO1
ord-b3fb1d017e3744dea3ab3e0ecb0c58d8,amine,REACTANT,SMILES,CC(C1=CC(=CC2=C1OC(=CC2=O)N3CCOCC3)C(=O)N(C)C)N
ord-b3fb1d017e3744dea3ab3e0ecb0c58d8,aryl halide,REACTANT,SMILES,C1=C(C=C(C=C1Cl)Br)F
ord-b3fb1d017e3744dea3ab3e0ecb0c58d8,metal and ligand,CATALYST,SMILES,CC1(C2=C(C(=CC=C2)P(C3=CC=CC=C3)C4=CC=CC=C4)OC5=C1C=CC=C5P(C6=CC=CC=C6)C7=CC=CC=C7)C
ord-b3fb1d017e3744dea3ab3e0ecb0c58d8,metal and ligand,CATALYST,SMILES,C1=CC=C(C=C1)/C=C/C(=O)/C=C/C2=CC=CC=C2.C1=CC=C(C=C1)/C=C/C(=O)/C=C/C2=CC=CC=C2.C1=CC=C(C=C1)/C=C/C(=O)/C=C/C2=CC=CC=C2.[Pd].[Pd]
ord-b3fb1d017e3744dea3ab3e0ecb0c58d8,metal and ligand,CATALYST,SMILES,CC1(C2=C(C(=CC=C2)P(C3=CC=CC=C3)C4=CC=CC=C4)OC5=C1C=CC=C5P(C6=CC=CC=C6)C7=CC=CC=C7)C
ord-b3fb1d017e3744dea3ab3e0ecb0c58d8,metal and ligand,CATALYST,SMILES,C1=CC=C(C=C1)/C=C/C(=O)/C=C/C2=CC=CC=C2.C1=CC=C(C=C1)/C=C/C(=O)/C=C/C2=CC=CC=C2.C1=CC=C(C=C1)/C=C/C(=O)/C=C/C2=CC=CC=C2.[Pd].[Pd]
ord-1beac9199051463f81c658e8f7cb9a0d,Base,REAGENT,SMILES,C(=O)([O-])[O-].[Cs+].[Cs+]
ord-1beac9199051463f81c658e8f7cb9a0d,Solvent,SOLVENT,SMILES,C1COCCO1
ord-1beac9199051463f81c658e8f7cb9a0d,amine,REACTANT,SMILES,CCOC(=O)C1CCNCC1
ord-1beac9199051463f81c658e8f7cb9a0d,aryl halide,REACTANT,SMILES,CC(C)(C)OC(=O)C1=CC=C(C=C1)Br
ord-1beac9199051463f81c658e8f7cb9a0d,metal and ligand,CATALYST,SMILES,C1=CC=C(C=C1)P(C2=CC=CC=C2)C3=C(C4=CC=CC=C4C=C3)C5=C(C=CC6=CC=CC=C65)P(C7=CC=CC=C7)C8=CC=CC=C8
ord-1beac9199051463f81c658e8f7cb9a0d,metal and ligand,CATALYST,SMILES,C1=CC=C(C=C1)/C=C/C(=O)/C=C/C2=CC=CC=C2.C1=CC=C(C=C1)/C=C/C(=O)/C=C/C2=CC=CC=C2.C1=CC=C(C=C1)/C=C/C(=O)/C=C/C2=CC=CC=C2.[Pd].[Pd]
ord-1beac9199051463f81c658e8f7cb9a0d,metal and ligand,CATALYST,SMILES,C1=CC=C(C=C1)P(C2=CC=CC=C2)C3=C(C4=CC=CC=C4C=C3)C5=C(C=CC6=CC=CC=C65)P(C7=CC=CC=C7)C8=CC=CC=C8
ord-1beac9199051463f81c658e8f7cb9a0d,metal and ligand,CATALYST,SMILES,C1=CC=C(C=C1)/C=C/C(=O)/C=C/C2=CC=CC=C2.C1=CC=C(C=C1)/C=C/C(=O)/C=C/C2=CC=CC=C2.C1=CC=C(C=C1)/C=C/C(=O)/C=C/C2=CC=CC=C2.[Pd].[Pd]
ord-2d4ae739f81c45c1ab0faf1d764941ef,Base,REAGENT,SMILES,CC(C)(C)[O-].[Na+]
ord-2d4ae739f81c45c1ab0faf1d764941ef,Solvent,SOLVENT,SMILES,CC1=CC=CC=C1
ord-2d4ae739f81c45c1ab0faf1d764941ef,amine,REACTANT,SMILES,C1CNCCN1
ord-2d4ae739f81c45c1ab0faf1d764941ef,aryl halide,REACTANT,SMILES,C1=CC=C(C=C1)C(C2=CC=CC=C2)(C3=CC=CC=C3)N4C=NC5=C4C=CC=C5Br
ord-2d4ae739f81c45c1ab0faf1d764941ef,metal and ligand,CATALYST,SMILES,C1=CC=C(C=C1)P(C2=CC=CC=C2)C3=C(C4=CC=CC=C4C=C3)C5=C(C=CC6=CC=CC=C65)P(C7=CC=CC=C7)C8=CC=CC=C8
ord-2d4ae739f81c45c1ab0faf1d764941ef,metal and ligand,CATALYST,SMILES,C1=CC=C(C=C1)/C=C/C(=O)/C=C/C2=CC=CC=C2.C1=CC=C(C=C1)/C=C/C(=O)/C=C/C2=CC=CC=C2.C1=CC=C(C=C1)/C=C/C(=O)/C=C/C2=CC=CC=C2.C(Cl)(Cl)Cl.[Pd].[Pd]
ord-2d4ae739f81c45c1ab0faf1d764941ef,metal and ligand,CATALYST,SMILES,C1=CC=C(C=C1)P(C2=CC=CC=C2)C3=C(C4=CC=CC=C4C=C3)C5=C(C=CC6=CC=CC=C65)P(C7=CC=CC=C7)C8=CC=CC=C8
ord-2d4ae739f81c45c1ab0faf1d764941ef,metal and ligand,CATALYST,SMILES,C1=CC=C(C=C1)/C=C/C(=O)/C=C/C2=CC=CC=C2.C1=CC=C(C=C1)/C=C/C(=O)/C=C/C2=CC=CC=C2.C1=CC=C(C=C1)/C=C/C(=O)/C=C/C2=CC=CC=C2.C(Cl)(Cl)Cl.[Pd].[Pd]
ord-370c3c2e243949c9a11cec4ffc24deb1,Base,REAGENT,SMILES,CC(C)(C)[O-].[Na+]
ord-370c3c2e243949c9a11cec4ffc24deb1,Solvent,SOLVENT,SMILES,CC1=CC=CC=C1
ord-370c3c2e243949c9a11cec4ffc24deb1,amine,REACTANT,SMILES,CC(C)(C)OC(=O)N1CCNCC1
ord-370c3c2e243949c9a11cec4ffc24deb1,aryl halide,REACTANT,SMILES,C1=CC(=C(C=C1C(F)(F)F)Br)F
ord-370c3c2e243949c9a11cec4ffc24deb1,metal and ligand,CATALYST,SMILES,C1=CC=C(C=C1)P(C2=CC=CC=C2)C3=C(C4=CC=CC=C4C=C3)C5=C(C=CC6=CC=CC=C65)P(C7=CC=CC=C7)C8=CC=CC=C8
ord-370c3c2e243949c9a11cec4ffc24deb1,metal and ligand,CATALYST,SMILES,C1=CC=C(C=C1)/C=C/C(=O)/C=C/C2=CC=CC=C2.C1=CC=C(C=C1)/C=C/C(=O)/C=C/C2=CC=CC=C2.C1=CC=C(C=C1)/C=C/C(=O)/C=C/C2=CC=CC=C2.[Pd].[Pd]
ord-370c3c2e243949c9a11cec4ffc24deb1,metal and ligand,CATALYST,SMILES,C1=CC=C(C=C1)P(C2=CC=CC=C2)C3=C(C4=CC=CC=C4C=C3)C5=C(C=CC6=CC=CC=C65)P(C7=CC=CC=C7)C8=CC=CC=C8
ord-370c3c2e243949c9a11cec4ffc24deb1,metal and ligand,CATALYST,SMILES,C1=CC=C(C=C1)/C=C/C(=O)/C=C/C2=CC=CC=C2.C1=CC=C(C=C1)/C=C/C(=O)/C=C/C2=CC=CC=C2.C1=CC=C(C=C1)/C=C/C(=O)/C=C/C2=CC=CC=C2.[Pd].[Pd]
ord-416cbc87161d4f439cd1f72049cd3191,Base,REAGENT,SMILES,CC(C)(C)[O-].[Na+]
ord-416cbc87161d4f439cd1f72049cd3191,Solvent,SOLVENT,SMILES,CC1=CC=CC=C1
ord-416cbc87161d4f439cd1f72049cd3191,amine,REACTANT,SMILES,CC(C)(C)OC(=O)N1CCNCC1
ord-416cbc87161d4f439cd1f72049cd3191,aryl halide,REACTANT,SMILES,C1=CN=C(C=C1C(F)(F)F)Cl
ord-416cbc87161d4f439cd1f72049cd3191,metal and ligand,CATALYST,SMILES,C1=CC=C(C=C1)P(C2=CC=CC=C2)C3=C(C4=CC=CC=C4C=C3)C5=C(C=CC6=CC=CC=C65)P(C7=CC=CC=C7)C8=CC=CC=C8
ord-416cbc87161d4f439cd1f72049cd3191,metal and ligand,CATALYST,SMILES,C1=CC=C(C=C1)/C=C/C(=O)/C=C/C2=CC=CC=C2.C1=CC=C(C=C1)/C=C/C(=O)/C=C/C2=CC=CC=C2.C1=CC=C(C=C1)/C=C/C(=O)/C=C/C2=CC=CC=C2.[Pd].[Pd]
ord-416cbc87161d4f439cd1f72049cd3191,metal and ligand,CATALYST,SMILES,C1=CC=C(C=C1)P(C2=CC=CC=C2)C3=C(C4=CC=CC=C4C=C3)C5=C(C=CC6=CC=CC=C65)P(C7=CC=CC=C7)C8=CC=CC=C8
ord-416cbc87161d4f439cd1f72049cd3191,metal and ligand,CATALYST,SMILES,C1=CC=C(C=C1)/C=C/C(=O)/C=C/C2=CC=CC=C2.C1=CC=C(C=C1)/C=C/C(=O)/C=C/C2=CC=CC=C2.C1=CC=C(C=C1)/C=C/C(=O)/C=C/C2=CC=CC=C2.[Pd].[Pd]
ord-8b2355aecdcf48e08035fb224a453205,Base,REAGENT,SMILES,C(=O)([O-])[O-].[Cs+].[Cs+]
ord-8b2355aecdcf48e08035fb224a453205,Solvent,SOLVENT,SMILES,C1CCOC1
ord-8b2355aecdcf48e08035fb224a453205,amine,REACTANT,SMILES,CC(C)(C)OC(=O)N1CCNCC1
ord-8b2355aecdcf48e08035fb224a453205,aryl halide,REACTANT,SMILES,C1=CC2=C(C=CC(=C2N=C1)OS(=O)(=O)C(F)(F)F)Cl
ord-8b2355aecdcf48e08035fb224a453205,metal and ligand,CATALYST,SMILES,C1=CC=C(C=C1)P(C2=CC=CC=C2)C3=C(C4=CC=CC=C4C=C3)C5=C(C=CC6=CC=CC=C65)P(C7=CC=CC=C7)C8=CC=CC=C8
ord-8b2355aecdcf48e08035fb224a453205,metal and ligand,CATALYST,SMILES,CC(=O)O.CC(=O)O.[Pd]
ord-8b2355aecdcf48e08035fb224a453205,metal and ligand,CATALYST,SMILES,C1=CC=C(C=C1)P(C2=CC=CC=C2)C3=C(C4=CC=CC=C4C=C3)C5=C(C=CC6=CC=CC=C65)P(C7=CC=CC=C7)C8=CC=CC=C8
ord-8b2355aecdcf48e08035fb224a453205,metal and ligand,CATALYST,SMILES,CC(=O)O.CC(=O)O.[Pd]
ord-f3666d844cbc446dba498aa63de90f9a,Base,REAGENT,SMILES,C(=O)([O-])[O-].[Cs+].[Cs+]
ord-f3666d844cbc446dba498aa63de90f9a,Solvent,SOLVENT,SMILES,CC(=O)N(C)C
ord-f3666d844cbc446dba498aa63de90f9a,amine,REACTANT,SMILES,CC(=O)NC1=C(C=CC(=C1)N)N(C)CCCN(C)C
ord-f3666d844cbc446dba498aa63de90f9a,aryl halide,REACTANT,SMILES,C1CC1NC2=CC(=NC3=C(C=NN23)C#N)Cl
ord-f3666d844cbc446dba498aa63de90f9a,metal and ligand,CATALYST,SMILES,CC1(C2=C(C(=CC=C2)P(C3=CC=CC=C3)C4=CC=CC=C4)OC5=C1C=CC=C5P(C6=CC=CC=C6)C7=CC=CC=C7)C
ord-f3666d844cbc446dba498aa63de90f9a,metal and ligand,CATALYST,SMILES,C1=CC=C(C=C1)/C=C/C(=O)/C=C/C2=CC=CC=C2.C1=CC=C(C=C1)/C=C/C(=O)/C=C/C2=CC=CC=C2.C1=CC=C(C=C1)/C=C/C(=O)/C=C/C2=CC=CC=C2.[Pd].[Pd]
ord-f3666d844cbc446dba498aa63de90f9a,metal and ligand,CATALYST,SMILES,CC1(C2=C(C(=CC=C2)P(C3=CC=CC=C3)C4=CC=CC=C4)OC5=C1C=CC=C5P(C6=CC=CC=C6)C7=CC=CC=C7)C
ord-f3666d844cbc446dba498aa63de90f9a,metal and ligand,CATALYST,SMILES,C1=CC=C(C=C1)/C=C/C(=O)/C=C/C2=CC=CC=C2.C1=CC=C(C=C1)/C=C/C(=O)/C=C/C2=CC=CC=C2.C1=CC=C(C=C1)/C=C/C(=O)/C=C/C2=CC=CC=C2.[Pd].[Pd]
